-- MySQL dump 10.13  Distrib 8.0.33, for Win64 (x86_64)
--
-- Host: mysql-2a9c5153-uetable.a.aivencloud.com    Database: defaultdb
-- ------------------------------------------------------
-- Server version	8.0.30

/*!40101 SET @OLD_CHARACTER_SET_CLIENT=@@CHARACTER_SET_CLIENT */;
/*!40101 SET @OLD_CHARACTER_SET_RESULTS=@@CHARACTER_SET_RESULTS */;
/*!40101 SET @OLD_COLLATION_CONNECTION=@@COLLATION_CONNECTION */;
/*!50503 SET NAMES utf8 */;
/*!40103 SET @OLD_TIME_ZONE=@@TIME_ZONE */;
/*!40103 SET TIME_ZONE='+00:00' */;
/*!40014 SET @OLD_UNIQUE_CHECKS=@@UNIQUE_CHECKS, UNIQUE_CHECKS=0 */;
/*!40014 SET @OLD_FOREIGN_KEY_CHECKS=@@FOREIGN_KEY_CHECKS, FOREIGN_KEY_CHECKS=0 */;
/*!40101 SET @OLD_SQL_MODE=@@SQL_MODE, SQL_MODE='NO_AUTO_VALUE_ON_ZERO' */;
/*!40111 SET @OLD_SQL_NOTES=@@SQL_NOTES, SQL_NOTES=0 */;
SET @MYSQLDUMP_TEMP_LOG_BIN = @@SESSION.SQL_LOG_BIN;
-- SET @@SESSION.SQL_LOG_BIN= 0;

--
-- GTID state at the beginning of the backup 
--

-- SET @@GLOBAL.GTID_PURGED=/*!80000 '+'*/ '098bd538-772b-11ee-9e61-02086ca3dcfc:1-9935,
-- 31c72773-9ef6-11ee-b518-164f5d095d39:1-2523';

--
-- Table structure for table `AccessSubjects`
--

DROP TABLE IF EXISTS `AccessSubjects`;
/*!40101 SET @saved_cs_client     = @@character_set_client */;
/*!50503 SET character_set_client = utf8mb4 */;
CREATE TABLE `AccessSubjects` (
  `Id` int NOT NULL AUTO_INCREMENT,
  `SubjectId` int NOT NULL,
  `UserId` int NOT NULL,
  `LastAccess` datetime NOT NULL,
  PRIMARY KEY (`Id`),
  KEY `SubjectId` (`SubjectId`),
  KEY `UserId` (`UserId`),
  CONSTRAINT `AccessSubjects_ibfk_1` FOREIGN KEY (`SubjectId`) REFERENCES `Subjects` (`Id`),
  CONSTRAINT `AccessSubjects_ibfk_2` FOREIGN KEY (`UserId`) REFERENCES `Users` (`Id`)
) ENGINE=InnoDB DEFAULT CHARSET=utf8mb4 COLLATE=utf8mb4_general_ci;
/*!40101 SET character_set_client = @saved_cs_client */;

--
-- Dumping data for table `AccessSubjects`
--

LOCK TABLES `AccessSubjects` WRITE;
/*!40000 ALTER TABLE `AccessSubjects` DISABLE KEYS */;
INSERT INTO `AccessSubjects` VALUES (1,23,13,'2023-12-15 04:10:37'),(2,1,13,'2023-12-30 02:53:33'),(3,1,34,'2023-12-30 01:50:33'),(4,1,16,'2023-12-30 00:26:46'),(5,1,32,'2023-12-30 02:54:35'),(6,2,32,'2023-12-29 23:09:24'),(7,4,32,'2023-12-29 23:09:24'),(8,3,32,'2023-12-29 05:45:24'),(9,3,16,'2023-12-29 08:52:30'),(10,2,16,'2023-12-29 08:54:08'),(11,4,16,'2023-12-29 08:54:08'),(12,7,16,'2023-12-29 08:52:31'),(13,8,16,'2023-12-29 06:55:21'),(14,18,16,'2023-12-30 00:26:47'),(15,37,16,'2023-12-30 00:26:47'),(16,31,16,'2023-12-30 00:26:47'),(17,51,16,'2023-12-30 00:26:47'),(18,66,16,'2023-12-30 00:26:47'),(19,5,16,'2023-12-29 20:05:49'),(20,19,16,'2023-12-29 08:54:08'),(21,22,16,'2023-12-29 08:54:08'),(22,15,16,'2023-12-29 08:54:08'),(23,55,16,'2023-12-29 08:52:31'),(24,9,16,'2023-12-29 08:52:31'),(25,57,16,'2023-12-29 08:52:31'),(26,61,16,'2023-12-29 08:52:31'),(27,139,16,'2023-12-29 11:33:04'),(28,2,34,'2023-12-29 15:16:23'),(29,5,32,'2023-12-29 23:09:24'),(30,18,32,'2023-12-30 00:25:51'),(31,31,32,'2023-12-30 00:25:51'),(32,37,32,'2023-12-30 00:25:51'),(33,51,32,'2023-12-30 00:25:51'),(34,66,32,'2023-12-30 00:25:52'),(35,15,32,'2023-12-29 23:09:25'),(36,19,32,'2023-12-29 23:09:25'),(37,22,32,'2023-12-29 23:09:25'),(38,1,38,'2023-12-30 02:28:06'),(39,18,38,'2023-12-30 02:28:07'),(40,31,38,'2023-12-30 02:28:08'),(41,37,38,'2023-12-30 02:28:08'),(42,66,38,'2023-12-30 02:28:08'),(43,51,38,'2023-12-30 02:28:08'),(44,18,13,'2023-12-30 02:53:33'),(45,31,13,'2023-12-30 02:53:33'),(46,66,13,'2023-12-30 02:53:33'),(47,37,13,'2023-12-30 02:53:33'),(48,51,13,'2023-12-30 02:53:33'),(49,2,13,'2023-12-30 01:51:51'),(50,19,13,'2023-12-30 01:51:51'),(51,4,13,'2023-12-30 01:51:51'),(52,5,13,'2023-12-30 01:51:51'),(53,15,13,'2023-12-30 01:51:51'),(54,22,13,'2023-12-30 01:51:52');
/*!40000 ALTER TABLE `AccessSubjects` ENABLE KEYS */;
UNLOCK TABLES;

--
-- Table structure for table `Auths`
--

DROP TABLE IF EXISTS `Auths`;
/*!40101 SET @saved_cs_client     = @@character_set_client */;
/*!50503 SET character_set_client = utf8mb4 */;
CREATE TABLE `Auths` (
  `StudentId` varchar(255) NOT NULL,
  `CodeHash` int NOT NULL,
  `CreateAt` datetime NOT NULL,
  PRIMARY KEY (`StudentId`),
  CONSTRAINT `Auths_ibfk_1` FOREIGN KEY (`StudentId`) REFERENCES `Users` (`StudentId`)
) ENGINE=InnoDB DEFAULT CHARSET=utf8mb4 COLLATE=utf8mb4_general_ci;
/*!40101 SET character_set_client = @saved_cs_client */;

--
-- Dumping data for table `Auths`
--

LOCK TABLES `Auths` WRITE;
/*!40000 ALTER TABLE `Auths` DISABLE KEYS */;
/*!40000 ALTER TABLE `Auths` ENABLE KEYS */;
UNLOCK TABLES;

--
-- Table structure for table `Classes`
--

DROP TABLE IF EXISTS `Classes`;
/*!40101 SET @saved_cs_client     = @@character_set_client */;
/*!50503 SET character_set_client = utf8mb4 */;
CREATE TABLE `Classes` (
  `Id` int NOT NULL AUTO_INCREMENT,
  `Name` varchar(255) NOT NULL,
  `Code` varchar(255) NOT NULL,
  `Location` varchar(255) NOT NULL,
  `Teacher` text,
  `number` int NOT NULL,
  `weekday` int NOT NULL,
  `lessonStart` int NOT NULL,
  `lessonEnd` int NOT NULL,
  `group` varchar(20) DEFAULT NULL,
  `SubjectId` int DEFAULT NULL,
  PRIMARY KEY (`Id`),
  KEY `SubjectId` (`SubjectId`),
  CONSTRAINT `Classes_ibfk_1` FOREIGN KEY (`SubjectId`) REFERENCES `Subjects` (`Id`)
) ENGINE=InnoDB  DEFAULT CHARSET=utf8mb4 COLLATE=utf8mb4_general_ci;
/*!40101 SET character_set_client = @saved_cs_client */;

--
-- Dumping data for table `Classes`
--

-- LOCK TABLES `Classes` WRITE;
-- /*!40000 ALTER TABLE `Classes` DISABLE KEYS */;
-- INSERT INTO `Classes` VALUES (1,'Cơ học trong kỹ thuật xây dựng','CTE2017 2','303-GĐ2','KS.Phạm Đình Nguyện',26,2,1,2,'1',1),(2,'Cấu trúc dữ liệu và giải thuật','INT2210 3','PM208-G2','CN.Lê Bằng Giang',29,2,1,2,'2',2),(3,'Bóng đá','PES1025 1','Sân bãi ĐHNN','TT GDTC&TT',48,2,1,2,'CL',3),(4,'Cơ sở dữ liệu','INT2211E 21','PM501-E5','ThS.Nguyễn Thị Cẩm Vân',26,2,1,2,'1',4),(5,'Lập trình hướng đối tượng','INT2204 20','PM402-E5','ThS.Nguyễn Thu Trang',36,2,1,2,'1',5),(6,'Xử lý ảnh viễn thám','AER3007 1','204-GĐ3','TS.Hà Minh Cường',16,2,1,2,'CL',6),(7,'Cấu trúc dữ liệu và giải thuật','INT2210 1','210-GĐ3','TS.Trần Thị Minh Châu',59,2,1,2,'CL',2),(8,'Bóng chuyền hơi','PES1075 1','Sân bãi ĐHNN','TT GDTC&TT',42,2,1,2,'CL',7),(9,'Chủ nghĩa xã hội khoa học','PHI1002 4','3-G3','TS.Phạm Thị Quỳnh',70,2,1,2,'CL',8),(10,'Giáo dục thể chất cơ bản','PES1003 1','Sân bãi ĐHNN','TT GDTC&TT',47,2,1,2,'CL',9),(11,'Cơ sở quản lý năng lượng','EET2011 1','313-GĐ2','ThS.Nguyễn Thanh Tùng',46,2,1,2,'CL',10),(12,'Matlab và ứng dụng','EMA2006 3','106-GĐ3','ThS.Nguyễn Cao Sơn',90,2,1,2,'CL',11),(13,'Cấu trúc dữ liệu và giải thuật','INT2210 21','PM305-G2','ThS.Vương Thị Hải Yến',26,2,1,2,'2',2),(14,'Nguyên lý Kỹ thuật điện tử','ELT2201 1','206-GĐ3','ThS.Trần Như Chí',59,2,1,3,'CL',12),(15,'Tín hiệu và hệ thống','ELT2035 20','207-GĐ3','TS.Nguyễn Hồng Thịnh; PGS.TS.Hoàng Văn Xiêm',65,2,1,3,'CL',13),(16,'Điện và Quang','EPN2055 1','302-GĐ2','PGS.TS.Nguyễn Đình Lãm',46,2,1,3,'CL',14),(17,'Khai phá dữ liệu','INT3209 1','309-GĐ2','PGS.TS.Hà Quang Thụy',68,2,1,3,'CL',15),(18,'SCADA','EMA3135 21','310-G2','ThS.Nguyễn Quang Nhã',22,2,1,3,'2',16),(19,'Năng lượng tái tạo','EET2013 1','205-GĐ3','TS.Nguyễn Huy Tiệp; ThS.Vũ Ngọc Linh',55,2,1,3,'CL',17),(20,'Trắc địa','CTE3005 4','312-GĐ2','ThS.Vũ Minh Anh',51,2,1,3,'CL',18),(21,'Phát triển ứng dụng di động','INT3120 1','105-GĐ3','ThS.Nguyễn Việt Tân',90,2,1,3,'CL',19),(22,'Robot công nghiệp','EMA3085 1','504-VCH','ThS.Đặng Anh Việt',62,2,1,3,'CL',20),(23,'Toán trong Công nghệ','ELT2029 21','208-GĐ3','PGS.TS.Nguyễn Linh Trung; TS.Lâm Sinh Công',50,2,1,3,'CL',21),(24,'Rô-bốt','INT3409 20','101-G2','TS.Tạ Việt Cường',52,2,1,3,'CL',22),(25,'Phương trình vi phân và đạo hàm riêng','EMA2041 2','308-GĐ2','TS.Nguyễn Hoàng Quân',78,2,1,3,'CL',23),(26,'Công nghệ vi sinh nông nghiệp','AGT3021 1','213-GĐ3','TS.Hà Thị Quyến; TS.Vũ Thị Huyền',19,2,1,3,'CL',24),(27,'Kỹ thuật mô hình và mô phỏng thiết bị bay','AER3025 1','203-GĐ3','TS.Dương Việt Dũng',34,2,1,4,'CL',25),(28,'Cảm biến, điều khiển vệ tinh và đồ án','EMA3102 1','503-VCH','ThS.Trương Tuấn Anh',19,2,1,4,'CL',26),(29,'Tiếng Anh B1','FLF1107 7','217-GĐ3','Trường ĐHNN',39,2,1,5,'CL',27),(30,'Các phương pháp số trong cơ học vật liệu và kết cấu','EMA3119 1','416-VCH','TS.Trần Lê Hưng',20,2,1,5,'CL',28),(31,'Tiếng Anh B1','FLF1107 6','216-GĐ3','Trường ĐHNN',39,2,1,5,'CL',27),(32,'Thực tập điện tử tương tự','ELT3102 20','209-G2','ThS.Phạm Đình Tuân; ThS.Chu Thị Phương Dung',20,2,1,5,'CL',29),(33,'Thực tập chuyên đề','ELT3086 23','705-E3','TS.Trần Thị Thúy Quỳnh; TS.Trần Cao Quyền',20,2,1,6,'CL',30),(34,'Địa chất công trình','CTE3006 1','209-GĐ3','TS.Nguyễn Tiến Dũng',56,2,2,4,'CL',31),(35,'Xác suất thống kê ứng dụng','EMA2050 2','106-GĐ3','TS.Nguyễn Văn Quang',90,2,3,4,'CL',32),(36,'Tiếng Nhật 2A','JAP4023 1','313-GĐ2','Công ty Framgia VN',25,2,3,4,'CL',33),(37,'Hình họa kỹ thuật và CAD','EMA2032 21','PM208-G2','TS.Phan Thị Trà My',27,2,3,4,'1',34),(38,'Hệ thống vi xử lý','ELT3048 1','PM201-G2','ThS.Phạm Xuân Lộc',33,2,3,4,'2',35),(39,'Chủ nghĩa xã hội khoa học','PHI1002 1','103-G2','TS.Phạm Thị Quỳnh',76,2,3,4,'CL',8),(40,'Giáo dục thể chất cơ bản','PES1003 2','Sân bãi ĐHNN','TT GDTC&TT',47,2,3,4,'CL',9),(41,'Kỹ thuật đo lường và cảm biến','EMA2024E 20','PM304-G2','TS.Đinh Trần Hiệp',43,2,3,4,'3',36),(42,'Cấu trúc dữ liệu và giải thuật','INT2210 21','PM305-G2','ThS.Vương Thị Hải Yến',26,2,3,4,'1',2),(43,'Lập trình hướng đối tượng','INT2204 20','PM402-E5','ThS.Nguyễn Thu Trang',40,2,3,4,'2',5),(44,'Cơ sở dữ liệu','INT2211E 21','PM501-E5','ThS.Nguyễn Thị Cẩm Vân',25,2,3,4,'2',4),(45,'Bóng chuyền hơi','PES1075 2','Sân bãi ĐHNN','TT GDTC&TT',45,2,3,4,'CL',7),(46,'Động lực học công trình','CTE3020 2','104-GĐ3','TS.Nguyễn Văn Bắc',28,2,3,4,'2',37),(47,'Cấu trúc dữ liệu và giải thuật','INT2210 2','210-GĐ3','TS.Trần Thị Minh Châu',58,2,3,4,'CL',2),(48,'Lập trình hệ thống','INT3217 2','PM401-E5','KS.Đỗ Ngọc Minh',33,2,3,4,'1',38),(49,'Bóng đá','PES1025 2','Sân bãi ĐHNN','TT GDTC&TT',46,2,3,4,'CL',3),(50,'Cơ học trong kỹ thuật xây dựng','CTE2017 2','303-GĐ2','KS.Phạm Đình Nguyện',27,2,3,4,'2',1),(51,'Nhập môn Hệ thống thông tin địa lý','AER3006 1','204-GĐ3','TS.Hà Minh Cường',16,2,3,5,'CL',39),(52,'Phân tích và thiết kế hướng đối tượng','INT3110E 22','211-GĐ3','TS.Tô Văn Khánh',42,2,3,5,'CL',40),(53,'Phương trình vi phân và đạo hàm riêng','EMA2041 2','301-GĐ2','KS.Trần Đăng Huy',39,2,4,5,'1',23),(54,'Mô hình hóa và mô phỏng','ELT2031E 21','107-GĐ3','TS.Nguyễn Hồng Thịnh; PGS.TS.Hoàng Văn Xiêm',84,2,4,5,'CL',41),(55,'Công nghệ nhân giống cây trồng và vật nuôi','AGT3023 1','213-GĐ3','TS.Nguyễn Lê Khanh',16,2,4,5,'CL',42),(56,'Điều khiển PLC','EMA3062 1','504-VCH','TS.Hoàng Văn Mạnh',68,2,4,5,'CL',43),(57,'Cấu trúc dữ liệu và giải thuật','INT2210 27','208-GĐ3','TS.Ngô Thị Duyên',56,2,4,5,'CL',2),(58,'Phát triển ứng dụng Web','INT3306 4','309-GĐ2','TS.Lê Đình Thanh',66,2,4,5,'CL',44),(59,'Hình hoạ kỹ thuật và CAD','AER2006 1','307-GĐ2','TS.Lê Đình Anh',56,2,4,5,'CL',45),(60,'Kỹ thuật lạnh và điều hòa không khí','EET2010 1','205-GĐ3','TS.Phạm Đức Hạnh; TS.Lê Việt Cường',55,2,4,5,'CL',46),(61,'Vẽ kỹ thuật','RBE2001 1','206-GĐ3','ThS.Đỗ Huy Điệp',60,2,4,5,'CL',47),(62,'Hình họa kỹ thuật và CAD','EMA2032 3','308-GĐ2','ThS.Hồ Anh Tâm',47,2,4,5,'CL',34),(63,'Điện và Quang','EPN2055 2','302-GĐ2','PGS.TS.Nguyễn Đình Lãm',54,2,4,6,'CL',14),(64,'Các vấn đề hiện đại của Công nghệ thông tin','INT3507 6','101-G2','TS.Đặng Thanh Hải',31,2,4,6,'CL',48),(65,'Sức bền vật liệu và cơ học kết cấu','EMA2012 1','107-GĐ3','ThS.Nguyễn Cao Sơn',89,2,4,6,'CL',49),(66,'Học máy','INT3405E 21','207-GĐ3','TS.Tạ Việt Cường',71,2,4,6,'CL',50),(67,'Xác suất thống kê ứng dụng','EMA2050 20','210-GĐ3','TS.Nguyễn Văn Quang',55,2,5,6,'CL',32),(68,'Kỹ thuật đo lường và cảm biến','EMA2024E 20','PM304-G2','TS.Đinh Trần Hiệp',42,2,5,6,'4',36),(69,'Động lực học công trình','CTE3020 1','209-GĐ3','TS.Nguyễn Văn Bắc',53,2,5,6,'CL',37),(70,'Hình họa kỹ thuật và CAD','EMA2032 21','PM208-G2','TS.Phan Thị Trà My',28,2,5,6,'2',34),(71,'Hệ thống vi xử lý','ELT3048 1','PM201-G2','ThS.Phạm Xuân Lộc',38,2,5,6,'1',35),(72,'Tin học xây dựng','CTE3051 1','203-GĐ3','TS.Nguyễn Văn Hùng',28,2,5,6,'1',51),(73,'Lập trình hệ thống','INT3217 2','PM401-E5','KS.Dương Minh Ngọc',32,2,5,6,'2',38),(74,'Cơ sở dữ liệu','INT2211 2','101-G2','TS.Dư Phương Hạnh',78,2,7,8,'CL',4),(75,'Vật lý bán dẫn và linh kiện','EPN2014 1','205-GĐ3','TS.Nguyễn Đức Cường',63,2,7,8,'CL',53),(76,'Kỹ thuật bảo vệ vật liệu và ứng dụng','EPN3053 1','214-GĐ3','TS.Vũ Thị Thao',38,2,7,8,'CL',54),(77,'Lập trình hướng đối tượng','INT2204 25','107-G2','TS.Vũ Thị Hồng Nhạn',78,2,7,8,'CL',5),(78,'Cơ sở dữ liệu','INT2211E 24','107-GĐ3','GVC.ThS.Vũ Bá Duy',68,2,7,8,'CL',4),(79,'Bóng bàn','PES1030 1','Sân bãi ĐHNN','TT GDTC&TT',51,2,7,8,'CL',55),(80,'Lập trình cho thiết bị di động','ELT3097 20','PM305-G2','ThS.Nguyễn Như Cường',42,2,7,8,'1',56),(81,'Bóng chuyền 1','PES1015 1','Sân bãi ĐHNN','TT GDTC&TT',44,2,7,8,'CL',57),(82,'Một số vấn đề cơ bản cho Kỹ sư toàn cầu','EMA2046 1','3-G3','PGS.TS.Đặng Thế Ba',96,2,7,8,'CL',58),(83,'Cơ học chất lỏng','AER2002 1','304-GĐ2','TS.Lê Đình Anh',40,2,7,8,'2',59),(84,'Tiếng Nhật 2A','JAP4023 2','313-GĐ2','Công ty Framgia VN',32,2,7,8,'CL',33),(85,'Lập trình nâng cao','INT2215 1','301-GĐ2','TS.Lê Quang Minh',53,2,7,8,'CL',60),(86,'Cầu lông','PES1035 1','Sân bãi ĐHNN','TT GDTC&TT',55,2,7,8,'CL',61),(87,'Phát triển ứng dụng Web','INT3306 1','PM202-G2','CN.Nguyễn Thái Dương',36,2,7,8,'1',44),(88,'Nhập môn Tự động hóa','EMA2044 1','504-VCH','ThS.Nguyễn Thị Hồng Hạnh',65,2,7,8,'CL',62),(89,'Trắc địa','CTE3005 2','312-GĐ2','ThS.Vũ Minh Anh',56,2,7,9,'CL',18),(90,'Cơ sở kỹ thuật điện','EMA2026 21','701-E3','ThS.Trần Như Chí',20,2,7,9,'1',63),(91,'Kho dữ liệu','INT3207 2','103-G2','TS.Bùi Quang Hưng',0,2,7,9,'CL',64),(92,'Lý thuyết thông tin','INT2044E 23','102-GĐ3','Khoa CNTT',79,2,7,9,'CL',65),(93,'Hình họa - họa hình','CTE2007 1','310-GĐ2','TS.Lê Thùy Dương; TS.Dương Tuấn Mạnh',56,2,7,9,'CL',66),(94,'Thiết kế khuôn mẫu','EMA3042E 20','210-GĐ3','TS.Đinh Văn Duy; KS.Nguyễn Phương Chi',45,2,7,9,'CL',67),(95,'Trí tuệ nhân tạo','INT3401 4','206-GĐ3','GS.TS.Nguyễn Thanh Thủy',71,2,7,9,'CL',68),(96,'Mạng truyền thông di động','ELT3163 20','215-GĐ3','TS.Lâm Sinh Công',41,2,7,9,'CL',69),(97,'Điện tử công suất và điều khiển','ELT3996 1','302-GĐ2','ThS.Đặng Anh Việt',24,2,7,9,'CL',70),(98,'Tín hiệu và hệ thống','ELT2035 3','301-G2','TS.Lê Vũ Hà',159,2,7,9,'CL',13),(99,'Các chuyên đề trong Khoa học Máy tính','INT3121 21','207-GĐ3','PGS.TS.Lê Thanh Hà',60,2,7,9,'CL',71),(100,'Các vấn đề hiện đại của Công nghệ thông tin','INT3507 1','307-GĐ2','ThS.Nguyễn Đức Anh',50,2,7,9,'CL',48),(101,'SCADA','EMA3135 20','310-G2','ThS.Nguyễn Quang Nhã',22,2,7,9,'1',16),(102,'Nhập môn công nghệ phần mềm','INT2291 1','211-GĐ3','Khoa CNTT',65,2,7,9,'CL',72),(103,'Máy - thiết bị thủy khí và đồ án','EMA3093 1','415-VCH','TS.Nguyễn Hoàng Quân; ThS.Đỗ Huy Điệp',22,2,7,9,'CL',73),(104,'Vật liệu tiên tiến trong xây dựng - giao thông','CTE3014 2','305-GĐ2','GS.TSKH.Nguyễn Đình Đức; TS.Trần Quốc Quân',48,2,7,9,'CL',74),(105,'Đồ án thủy động lực học-môi trường biển','EMA3105 1','416-VCH','ThS.Đặng Song Hà',16,2,7,10,'CL',75),(106,'Kiến trúc máy tính','INT2212E 23','106-GĐ3','PGS.TS.Nguyễn Ngọc Hóa',90,2,7,10,'CL',76),(107,'Nguyên lý hệ điều hành','INT2214 1','303-GĐ2','TS.Trần Mai Vũ',53,2,7,10,'CL',77),(108,'Cơ sở các hệ thống thông tin','INT3201E 20','208-GĐ3','PGS.TS.Hà Quang Thụy',36,2,7,10,'CL',78),(109,'Nhập môn công nghệ vũ trụ','EMA3106 1','503-VCH','TS.Phạm Văn Bạch Ngọc',19,2,7,10,'CL',79),(110,'Vi xử lý và vi điều khiển','EMA3084 1','308-G2','TS.Hoàng Văn Mạnh',23,2,7,11,'3',80),(111,'Tiếng Anh B1','FLF1107 32','216-GĐ3','Trường ĐHNN',31,2,7,11,'CL',27),(112,'Tiếng Anh B1','FLF1107 3','203-GĐ3','Trường ĐHNN',40,2,7,11,'CL',27),(113,'Nguyên lý biến đổi năng lượng','EET2004 1','PTN Khoa Vật lý','TS.Phạm Đức Hạnh; ThS.Vũ Ngọc Linh',15,2,7,11,'3',81),(114,'Công nghệ nano trong nông nghiệp','AGT2009 1','404-406-E5','TS.Lê Thị Hiên; TS.Vũ Thị Huyền',17,2,7,11,'1',82),(115,'Thực tập chuyên đề','ELT3086 21','705-E3','TS.Phạm Duy Hưng; ThS.Chu Thị Phương Dung',21,2,7,12,'CL',30),(116,'Động lực học công trình','CTE3020 2','213-GĐ3','TS.Nguyễn Văn Bắc',28,2,8,9,'1',37),(117,'Tin học xây dựng','CTE3051 1','104-GĐ3','TS.Nguyễn Văn Hùng',24,2,8,9,'2',51),(118,'Cơ sở thiết kế máy','EMA2033 21','306-GĐ2','TS.Trần Thanh Tùng',30,2,8,10,'2',83),(119,'Xử lý tiếng nói','INT3411 20','209-GĐ3','TS.Đỗ Quốc Trường',0,2,8,10,'CL',84),(120,'Thực hành Vật lý đại cương','PHY1104 2','802-805 T5 KHTN','Trường ĐHKHTN',19,2,8,11,'CL',85),(121,'Thực tập Kỹ thuật điện tử','ELT3134 2','209-G2','ThS.Phạm Đình Tuân; KS.Nguyễn Cảnh Thanh',20,2,8,12,'CL',86),(122,'Bóng bàn','PES1030 2','Sân bãi ĐHNN','TT GDTC&TT',51,2,9,10,'CL',55),(123,'Cấu trúc dữ liệu và giải thuật','INT2210 25','107-G2','PGS.TS.Nguyễn Thị Nhật Thanh',76,2,9,10,'CL',2),(124,'Phương pháp tính trong kỹ thuật','EMA2011 1','3-G3','PGS.TS.Đặng Thế Ba',100,2,9,10,'CL',87),(125,'Kỹ thuật đo lường và cảm biến','EMA2024 1','504-VCH','TS.Đinh Trần Hiệp',64,2,9,10,'CL',36),(126,'Phát triển ứng dụng Web','INT3306 1','PM202-G2','CN.Nguyễn Thái Dương',40,2,9,10,'2',44),(127,'Cầu lông','PES1035 2','Sân bãi ĐHNN','TT GDTC&TT',48,2,9,10,'CL',61),(128,'Bóng chuyền 1','PES1015 2','Sân bãi ĐHNN','TT GDTC&TT',45,2,9,10,'CL',57),(129,'Cơ học chất lỏng','AER2002 1','304-GĐ2','TS.Lê Đình Anh',40,2,9,10,'1',59),(130,'Vật liệu bán dẫn cấu trúc nanô','EPN3035 1','214-GĐ3','TS.Nguyễn Đức Cường; TS.Nguyễn Tuấn Cảnh',38,2,9,10,'CL',89),(131,'Lập trình hướng đối tượng','INT2204 20','101-G2','TS.Tô Văn Khánh',76,2,9,10,'CL',5),(132,'Lựa chọn năng lượng bền vững','EET2016 1','313-GĐ2','PGS.TS.Nguyễn Kiên Cường',44,2,9,10,'CL',90),(133,'Tối ưu hóa','INT3103 1','301-GĐ2','TS.Đỗ Đức Đông',0,2,9,11,'CL',91),(134,'Kỹ thuật hóa học và ứng dụng','EPN2002 1','205-GĐ3','PGS.TS.Nguyễn Phương Hoài Nam',68,2,9,11,'CL',92),(135,'Mô hình hóa và mô phỏng','ELT2031E 21','PM304-G2','TS.Nguyễn Hồng Thịnh',38,2,9,12,'2',41),(136,'Kiến trúc máy tính','INT2212 4','308-GĐ2','TS.Phạm Minh Triển',69,2,9,12,'CL',76),(137,'Cấu trúc dữ liệu và giải thuật','INT2210 5','211-GĐ3','TS.Lê Nguyên Khôi',57,2,10,11,'CL',2),(138,'Cơ sở dữ liệu','INT2211 4','301-G2','ThS.Nguyễn Quang Minh',176,2,10,11,'CL',4),(139,'Phát triển ứng dụng Web','INT3306 3','206-GĐ3','TS.Hoàng Xuân Tùng',70,2,10,11,'CL',44),(140,'Cơ học kỹ thuật 1','EMA2036 3','415-VCH','ThS.Đỗ Huy Điệp',29,2,10,11,'3',94),(141,'Hệ thống vi xử lý','ELT3048E 20','215-GĐ3','TS.Nguyễn Ngọc An',22,2,10,11,'CL',95),(142,'Nhập môn công nghệ phần mềm','INT2291 2','210-GĐ3','Khoa CNTT',60,2,10,12,'CL',72),(143,'Phân tích và thiết kế hướng đối tượng','INT3110E 21','207-GĐ3','PGS.TS.Trương Ninh Thuận',59,2,10,12,'CL',40),(144,'SCADA','EMA3135 20','310-G2','ThS.Nguyễn Quang Nhã',21,2,10,12,'2',16),(145,'Đồ án 01: Đồ án chuyên ngành Cơ điện tử 1','EMA3143 21','104-GĐ3','TS.Trần Anh Quân',44,2,10,12,'CL',96),(146,'Kiến trúc máy tính','ELT3047E 21','102-GĐ3','TS.Hoàng Gia Hưng',80,2,10,12,'CL',97),(147,'Trắc địa','CTE3005 1','310-GĐ2','ThS.Vũ Minh Anh',56,2,10,12,'CL',18),(148,'Lý thuyết thông tin','INT2044E 22','103-G2','PGS.TS.Nguyễn Phương Thái',73,2,10,12,'CL',65),(149,'Cơ sở kỹ thuật điện','EMA2026 21','701-E3','ThS.Trần Như Chí',20,2,10,12,'2',63),(150,'Hình họa - họa hình','CTE2007 2','312-GĐ2','TS.Lê Thùy Dương; TS.Dương Tuấn Mạnh',56,2,10,12,'CL',66),(151,'Vật liệu tiên tiến trong xây dựng - giao thông','CTE3014 1','305-GĐ2','GS.TSKH.Nguyễn Đình Đức; TS.Trần Quốc Quân',38,2,10,12,'CL',74),(152,'Phát triển ứng dụng Web','INT3306 1','PM202-G2','CN.Nguyễn Thái Dương',39,2,11,12,'3',44),(153,'Đo lường và tự động hóa các hệ thống năng lượng','EET2012 1','313-GĐ2','TS.Bùi Đình Tú',43,2,11,12,'CL',98),(154,'Quản trị mạng máy tính','ELT3206 1','304-GĐ2','TS.Bùi Trung Ninh',43,2,11,12,'CL',99),(155,'Xác suất thống kê ứng dụng','EMA2050 1','3-G3','TS.Trần Thanh Tùng',94,2,11,12,'CL',32),(156,'Cơ học môi trường liên tục','EMA2004 2','304-GĐ2','KS.Phạm Đình Nguyện',28,3,1,2,'1',100),(157,'Cơ sở hệ thống máy tính','AIT2002 1','301-G2','ThS.Vũ Quang Dũng; CN.Nguyễn Văn Phi',171,3,1,2,'CL',101),(158,'Lịch sử Đảng Cộng sản Việt Nam','HIS1001 1','106-GĐ3','ThS.Nguyễn Thị Giang',66,3,1,2,'CL',102),(159,'Lập trình hướng đối tượng','INT2204 2','3-G3','TS.Võ Đình Hiếu',101,3,1,2,'CL',5),(160,'Cơ học kỹ thuật 1','EMA2036 4','205-GĐ3','TS.Bùi Hồng Sơn',60,3,1,2,'CL',94),(161,'Lập trình hướng đối tượng','INT2204 22','PM401-E5','ThS.Trần Mạnh Cường',30,3,1,2,'3',5),(162,'Cầu lông','PES1035 3','Sân bãi ĐHNN','TT GDTC&TT',47,3,1,2,'CL',61),(163,'Cơ học kỹ thuật 1','EMA2036 3','504-VCH','ThS.Đỗ Huy Điệp',30,3,1,2,'2',94),(164,'Cơ học kỹ thuật 1','EMA2036 20','216-GĐ3','TS.Đỗ Nam',28,3,1,2,'1',94),(165,'Lập trình nhúng và thời gian thực','INT3108 1','204-GĐ3','TS.Nguyễn Kiêm Hùng',31,3,1,2,'CL',103),(166,'Lập trình hướng đối tượng','INT2204 21','PM305-G2','TS.Vũ Thị Hồng Nhạn',26,3,1,2,'1',5),(167,'Bóng rổ 1','PES1020 1','Sân bãi ĐHNN','TT GDTC&TT',46,3,1,2,'CL',104),(168,'Xác suất thống kê ứng dụng','EMA2050 3','107-GĐ3','TS.Nguyễn Đức Cường',88,3,1,2,'CL',32),(169,'Phương trình vi phân và đạo hàm riêng','EMA2041 2','203-GĐ3','KS.Trần Đăng Huy',39,3,1,2,'2',23),(170,'Bóng chuyền hơi','PES1075 3','Sân bãi ĐHNN','TT GDTC&TT',50,3,1,2,'CL',7),(171,'Phát triển ứng dụng Web','INT3306 2','PM202-G2','CN.Đào Minh Hải',40,3,1,2,'2',44),(172,'Kỹ thuật thủy khí','EMA3116E 21','208-GĐ3','PGS.TS.Đặng Thế Ba',67,3,1,2,'CL',105),(173,'Cơ sở thiết kế máy','EMA2033 20','214-GĐ3','TS.Trần Thanh Tùng',36,3,1,3,'1',83),(174,'Kinh tế vi mô','INE1050 20','105-GĐ3','PGS.TS.Trần Thị Lan Hương',60,3,1,3,'CL',106),(175,'Điện tử tương tự','ELT2040 2','210-GĐ3','TS.Mai Linh',62,3,1,3,'CL',107),(176,'Kỹ thuật điều khiển','ELT3051 2','307-GĐ2','ThS.Nguyễn Thu Hằng',60,3,1,3,'CL',108),(177,'Dự án Công nghệ Nông nghiệp','AGT4001 1','305-GĐ2','TS.Phạm Châu Thùy; TS.Lê Thị Hiên; TS.Nguyễn Lê Khanh; TS.Nguyễn Thị Ngọc Ánh',45,3,1,3,'CL',109),(178,'Thiết kế mạch tích hợp tương tự','ELT3203 1','101-G2','GS.TS.Chử Đức Trình; TS.Đỗ Quang Lộc',50,3,1,3,'CL',110),(179,'Thiết kế các công trình đặc biệt','CTE3021 2','206-GĐ3','TS.Nguyễn Ngọc Thắng',55,3,1,3,'CL',111),(180,'Quang phổ chất rắn và các vật liệu cấu trúc nano','EPN3032 1','104-GĐ3','PGS.TS.Nguyễn Kiên Cường; PGS.TS.Nguyễn Đình Lãm',15,3,1,3,'CL',112),(181,'Hệ thống năng lượng nhiệt mặt trời','EET3003 1','306-GĐ2','PGS.TS.Nguyễn Trần Thuật',3,3,1,3,'CL',113),(182,'Truyền thông số và mã hóa','ELT3057 20','102-GĐ3','TS.Lê Trần Mạnh',73,3,1,3,'CL',114),(183,'Lập trình hệ thống','INT3217 1','308-GĐ2','ThS.Phan Hoàng Anh',60,3,1,3,'CL',38),(184,'Mạng không dây','INT3303 20','309-GĐ2','PGS.TS.Nguyễn Hoài Sơn',71,3,1,3,'CL',115),(185,'Hệ thống kiểm định chất lượng nông sản, thực phẩm','AGT3017 1','Viện KN ATVSTP','PGS.TS.Lê Thị Hồng Hảo; TS.Vũ Thị Huyền',49,3,1,4,'CL',116),(186,'Tiếng Anh B1','FLF1107 31','213-GĐ3','Trường ĐHNN',33,3,1,5,'CL',27),(187,'Trồng trọt đại cương','AGT2005 1','Hòa Lạc','TS.Trần Đăng Khoa',16,3,1,5,'1',117),(188,'Thực tập Kỹ thuật điện tử','ELT3134 1','209-G2','TS.Nguyễn Đăng Phú; KS.Đặng Văn Hiếu',22,3,1,5,'CL',86),(189,'Trồng trọt đại cương','AGT2005 1','Hòa Lạc','TS.Nguyễn Lê Khanh',15,3,1,5,'2',117),(190,'Thực tập điện tử số','ELT3103 26','210-G2','ThS.Nguyễn Văn Cương; ThS.Chu Thị Phương Dung',22,3,1,5,'CL',118),(191,'Công nghệ chế tạo, CAM và CNC','AER3024 1','Hòa Lạc','TS.Ngô Trọng Bình',36,3,1,5,'CL',119),(192,'Thực tập chuyên đề Công nghệ nano','EPN3030 1','PTN Khoa VLKT','TS.Nguyễn Tuấn Cảnh; TS.Vũ Thị Thao; ThS.Nguyễn Đăng Cơ',20,3,1,6,'CL',120),(193,'Thực tập chuyên đề','ELT3086 24','705-E3','TS.Phạm Đức Quang; TS.Trần Cao Quyền',21,3,1,6,'CL',30),(194,'Vật liệu xây dựng','CTE2011 1','217-GĐ3','TS.Nguyễn Văn Bắc',27,3,2,5,'1',121),(195,'Vật liệu xây dựng','CTE2011 2','217-GĐ3','TS.Nguyễn Văn Bắc',28,3,2,5,'1',121),(196,'Ứng dụng máy tính trong đo lường và điều khiển','EMA3071E 20','310-G2','TS.Hoàng Văn Mạnh',23,3,2,5,'1',122),(197,'Tự động hóa quá trình sản xuất','EMA3108 1','416-VCH','TS.Phạm Văn Bạch Ngọc',34,3,2,5,'CL',123),(198,'Đo lường nâng cao','EMA3136 1','503-VCH','ThS.Trương Xuân Hùng',35,3,2,5,'CL',124),(199,'Bóng rổ 1','PES1020 2','Sân bãi ĐHNN','TT GDTC&TT',47,3,3,4,'CL',104),(200,'Lịch sử Đảng Cộng sản Việt Nam','HIS1001 4','107-GĐ3','ThS.Phạm Minh Thế',68,3,3,4,'CL',102),(201,'Kỹ thuật thủy khí','EMA3116E 21','203-GĐ3','PGS.TS.Đặng Thế Ba',33,3,3,4,'2',105),(202,'Cơ sở dữ liệu','INT2211 4','PM305-G2','Viện TTNT',30,3,3,4,'5',4),(203,'Lập trình cho thiết bị di động','ELT3097 20','207-GĐ3','TS.Nguyễn Kiêm Hùng',42,3,3,4,'CL',56),(204,'Bóng chuyền hơi','PES1075 4','Sân bãi ĐHNN','TT GDTC&TT',46,3,3,4,'CL',7),(205,'Tiếng Nhật 2A','JAP4023 1','313-GĐ2','Công ty Framgia VN',25,3,3,4,'CL',33),(206,'Cơ học kỹ thuật 1','EMA2036 3','504-VCH','ThS.Đỗ Huy Điệp',28,3,3,4,'1',94),(207,'Cấu trúc dữ liệu và giải thuật','INT2210 22','PM401-E5','ThS.Vương Thị Hải Yến',31,3,3,4,'3',2),(208,'Phát triển ứng dụng Web','INT3306 2','PM202-G2','CN.Đào Minh Hải',39,3,3,4,'3',44),(209,'Xác suất thống kê ứng dụng','EMA2050 20','208-GĐ3','TS.Nguyễn Văn Quang',27,3,3,4,'1',32),(210,'Cơ sở hệ thống máy tính','AIT2002 1','PM307-G2','CN.Nguyễn Văn Phi',31,3,3,4,'4',101),(211,'Cơ học kỹ thuật 1','EMA2036 20','216-GĐ3','TS.Đỗ Nam',25,3,3,4,'2',94),(212,'Cơ sở dữ liệu','INT2211E 25','PM201-G2','ThS.Phạm Thị Quỳnh Trang',40,3,3,4,'1',4),(213,'Cấu trúc dữ liệu và giải thuật','INT2210 4','PM501-E5','ThS.Kiều Hải Đăng',28,3,3,4,'CL',2),(214,'Lập trình hướng đối tượng','INT2204 21','PM208-G2','ThS.Trần Mạnh Cường',25,3,3,4,'2',5),(215,'Cầu lông','PES1035 4','Sân bãi ĐHNN','TT GDTC&TT',45,3,3,4,'CL',61),(216,'Đồ họa máy tính','INT3403 2','303-GĐ2','TS.Ma Thị Châu',42,3,3,4,'CL',125),(217,'Nguyên lý Rada','AER3019 1','204-GĐ3','GS.TS.Bạch Gia Dương',19,3,3,5,'CL',126),(218,'Cơ học môi trường liên tục','EMA2004 1','205-GĐ3','GS.TSKH.Nguyễn Đình Đức; TS.Nguyễn Văn Yên',60,3,3,5,'CL',100),(219,'Nhập môn khí động học thiết bị bay','EMA3109 1','415-VCH','PGS.TS.Thái Doãn Tường',19,3,4,5,'CL',127),(220,'Vật liệu quang tử hữu cơ nanô','EPN3038 1','104-GĐ3','PGS.TS.Nguyễn Kiên Cường; PGS.TS.Phạm Văn Vĩnh',13,3,4,5,'CL',128),(221,'Kỹ thuật cảm biến','ELT3205 1','101-G2','PGS.TS.Bùi Thanh Tùng; ThS.Nguyễn Như Cường',50,3,4,5,'CL',129),(222,'Cấu trúc dữ liệu và giải thuật','INT2210 24','105-GĐ3','TS.Lê Quang Hiếu',58,3,4,5,'CL',2),(223,'Kỹ thuật xử lý và truyền thông đa phương tiện','ELT3231 1','107-G2','TS.Đinh Triều Dương',55,3,4,6,'CL',130),(224,'Cơ học chất lỏng','AER2002 1','102-GĐ3','TS.Lê Đình Anh',80,3,4,6,'CL',59),(225,'Khai phá dữ liệu','INT3209 2','309-GĐ2','PGS.TS.Phan Xuân Hiếu',80,3,4,6,'CL',15),(226,'Phương trình vi phân và đạo hàm riêng','EMA2041 1','308-GĐ2','TS.Nguyễn Hoàng Quân',62,3,4,6,'CL',23),(227,'Thiết kế các công trình đặc biệt','CTE3021 1','206-GĐ3','TS.Nguyễn Ngọc Thắng',58,3,4,6,'CL',111),(228,'Lý thuyết thông tin','INT2044E 20','307-GĐ2','TS.Lê Nguyên Khôi',64,3,4,6,'CL',65),(229,'Nhập môn công nghệ phần mềm','INT2291 3','301-GĐ2','Khoa CNTT',43,3,4,6,'CL',72),(230,'Toán trong Công nghệ','ELT2029 2','210-GĐ3','PGS.TS.Nguyễn Linh Trung; TS.Lâm Sinh Công',43,3,4,6,'CL',21),(231,'Học máy','INT3405E 20','106-GĐ3','TS.Lê Đức Trọng',70,3,4,6,'CL',50),(232,'Công nghệ năng lượng Hydro và pin nhiên liệu','EET3013 1','306-GĐ2','TS.Nguyễn Thị Minh Hồng',25,3,4,6,'CL',131),(233,'Điện tử tương tự','ELT2040 1','211-GĐ3','TS.Mai Linh',66,3,4,6,'CL',107),(234,'Lý thuyết cắt gọt kim loại','EMA2045 1','107-GĐ3','ThS.Bùi Huy Hoàng',81,3,5,6,'CL',132),(235,'Cơ sở dữ liệu','INT2211 4','PM307-G2','Viện TTNT',28,3,5,6,'4',4),(236,'Cơ sở dữ liệu','INT2211E 25','PM201-G2','ThS.Phạm Thị Quỳnh Trang',40,3,5,6,'2',4),(237,'Phát triển ứng dụng Web','INT3306 2','PM202-G2','CN.Đào Minh Hải',40,3,5,6,'1',44),(238,'Cơ sở hệ thống máy tính','AIT2002 1','PM305-G2','CN.Nguyễn Văn Phi',32,3,5,6,'5',101),(239,'Xác suất thống kê ứng dụng','EMA2050 20','208-GĐ3','TS.Nguyễn Văn Quang',28,3,5,6,'2',32),(240,'Bóng chuyền 1','PES1015 3','Sân bãi ĐHNN','TT GDTC&TT',41,3,7,8,'CL',57),(241,'Cơ học môi trường liên tục','EMA2004 3','302-GĐ2','TS.Trần Quốc Quân',28,3,7,8,'1',100),(242,'Cơ học môi trường liên tục','EMA2004 2','216-GĐ3','KS.Phạm Đình Nguyện',28,3,7,8,'2',100),(243,'Bóng rổ 1','PES1020 3','Sân bãi ĐHNN','TT GDTC&TT',46,3,7,8,'CL',104),(244,'Các hệ vi cơ điện tử và ứng dụng','EPN3006 1','312-GĐ2','PGS.TS.Đỗ Thị Hương Giang',41,3,7,8,'CL',133),(245,'Tiếng Nhật 2A','JAP4023 2','313-GĐ2','Công ty Framgia VN',32,3,7,8,'CL',33),(246,'Giáo dục thể chất cơ bản','PES1003 3','Sân bãi ĐHNN','TT GDTC&TT',48,3,7,8,'CL',9),(247,'Cơ sở dữ liệu','INT2211 1','101-G2','GVC.ThS.Vũ Bá Duy',69,3,7,8,'CL',4),(248,'Cấu trúc dữ liệu và giải thuật','INT2210 25','PM207-G2','ThS.Nguyễn Thị Thu Trang A',40,3,7,8,'1',2),(249,'Đồ án 3: Kết cấu bê tông cốt thép','CTE4008 2','208-GĐ3','TS.Nguyễn Ngọc Vinh',57,3,7,8,'CL',134),(250,'Cơ sở dữ liệu','INT2211E 20','308-GĐ2','TS.Nguyễn Thị Hậu',80,3,7,8,'CL',4),(251,'Cấu trúc dữ liệu và giải thuật','INT2210 23','PM307-G2','ThS.Kiều Hải Đăng',29,3,7,8,'1',2),(252,'Cơ sở dữ liệu','INT2211E 22','301-G2','PGS.TS.Nguyễn Hải Châu',91,3,7,8,'CL',4),(253,'Cảm biến, điều khiển vệ tinh và đồ án','EMA3102 1','415-VCH','TS.Ngô Duy Tân',19,3,7,8,'CL',26),(254,'Phát triển ứng dụng Web','INT3306 21','PM305-G2','ThS.Đào Minh Thư',27,3,7,8,'1',44),(255,'Tư tưởng Hồ Chí Minh','POL1001 1','309-GĐ2','ThS.Hồ Viết Thanh',82,3,7,8,'CL',135),(256,'Vi xử lý và hệ thống nhúng','ELT3281 1','303-GĐ2','TS.Nguyễn Ngọc An',44,3,7,8,'CL',136),(257,'Lập trình hướng đối tượng','INT2204 23','PM208-G2','ThS.Nguyễn Đức Anh',26,3,7,8,'3',5),(258,'Matlab và ứng dụng','EMA2006 3','PM304-G2','ThS.Nguyễn Cao Sơn',45,3,7,8,'1',11),(259,'Matlab và ứng dụng','EMA2006 1','504-VCH','PGS.TS.Đặng Thế Ba',56,3,7,8,'CL',11),(260,'Máy CNC và CAD/CAM','EMA2040 1','209-GĐ3','TS.Trần Thanh Tùng',65,3,7,8,'CL',137),(261,'Tin học vật lý','EPN2027 1','207-GĐ3','TS.Bùi Đình Tú',59,3,7,8,'CL',138),(262,'Trắc địa','CTE3005 3','301-GĐ2','ThS.Vũ Minh Anh',50,3,7,9,'CL',18),(263,'Các chuyên đề trong Khoa học Máy tính','INT3121 20','205-GĐ3','GS.TS.Nguyễn Thanh Thủy',65,3,7,9,'CL',71),(264,'Quản lý dự án phần mềm','INT3111E 21','105-GĐ3','PGS.TS.Phạm Ngọc Hùng',80,3,7,9,'CL',139),(265,'Công nghệ nano trong nông nghiệp','AGT2009 1','213-GĐ3','TS.Lê Thị Hiên; TS.Vũ Thị Huyền',17,3,7,9,'CL',82),(266,'Các vấn đề hiện đại của Công nghệ thông tin','INT3507 5','304-GĐ2','PGS.TS.Lê Sỹ Vinh',50,3,7,9,'CL',48),(267,'Truyền thông số và mã hóa','ELT3057 21','107-GĐ3','PGS.TS.Trịnh Anh Vũ',92,3,7,9,'CL',114),(268,'Kỹ thuật điện','ELT2030 20','107-G2','GS.TS.Chử Đức Trình',59,3,7,9,'CL',140),(269,'Kỹ thuật đường ống','EMA3110 1','416-VCH','TS.Vũ Lâm Đông',22,3,7,9,'CL',141),(270,'Khí tượng nông nghiệp và biến đổi khí hậu','AGT2008 1','211-GĐ3','PGS.TS.Dương Văn Khảm; TS.Phạm Châu Thùy; TS.Nguyễn Thị Ngọc Ánh',16,3,7,9,'CL',142),(271,'Kinh tế vi mô','INE1050 2','206-GĐ3','PGS.TS.Trần Thị Lan Hương',55,3,7,9,'CL',106),(272,'Cơ sở kỹ thuật điện','EMA2026 20','701-E3','ThS.Phạm Đình Tuân; ThS.Nguyễn Thu Hằng',20,3,7,9,'1',63),(273,'Lý thuyết tấm và vỏ','EMA3118 1','305-GĐ2','GS.TSKH.Nguyễn Đình Đức; TS.Phạm Hồng Công',15,3,7,9,'CL',143),(274,'Trí tuệ nhân tạo','INT3401 5','3-G3','TS.Trần Quốc Long',99,3,7,9,'CL',68),(275,'Xử lý ngôn ngữ tự nhiên','INT3406 1','310-GĐ2','TS.Đặng Trần Bình',23,3,7,9,'CL',144),(276,'Kiểm soát ô nhiễm trong các quá trình năng lượng','EET3025 1','214-GĐ3','TS.Nguyễn Hải Bình; PGS.TS.Phạm Đức Thắng',6,3,7,9,'CL',145),(277,'Kiến trúc máy tính','INT2212 3','204-GĐ3','PGS.TS.Trần Trọng Hiếu',29,3,7,10,'CL',76),(278,'Ứng dụng máy tính trong đo lường và điều khiển','EMA3071E 20','310-G2','TS.Hoàng Văn Mạnh',22,3,7,10,'2',122),(279,'Công nghệ nhân giống cây trồng và vật nuôi','AGT3023 1','404-406-E5','TS.Nguyễn Lê Khanh',16,3,7,11,'CL',42),(280,'Thực tập điện tử tương tự','ELT3102 23','209-G2','TS.Phạm Duy Hưng; GVC.ThS.Nguyễn Vinh Quang',17,3,7,11,'CL',29),(281,'Nguyên lý biến đổi năng lượng','EET2004 1','PTN Khoa Vật lý','TS.Phạm Đức Hạnh; ThS.Vũ Ngọc Linh',19,3,7,11,'2',81),(282,'Kỹ thuật cảm biến','ELT3205 1','210-G2','ThS.Nguyễn Như Cường',25,3,7,11,'2',129),(283,'Công trình biển ven bờ (đê, cảng, đường ống, bể chứa) và đồ án','EMA3097 1','503-VCH','TS.Nguyễn Trường Giang',15,3,7,12,'CL',146),(284,'Thực hành Vật lý đại cương','PHY1104 3','802-805 T5 KHTN','Trường ĐHKHTN',19,3,8,11,'CL',85),(285,'Công nghệ và kỹ thuật laser','EPN3031 1','PTN Khoa Vật lý','PGS.TS.Phạm Hồng Minh; ThS.Hồ Anh Tâm',12,3,8,12,'1',147),(286,'Giáo dục thể chất cơ bản','PES1003 4','Sân bãi ĐHNN','TT GDTC&TT',47,3,9,10,'CL',9),(287,'Cơ học môi trường liên tục','EMA2004 3','302-GĐ2','TS.Trần Quốc Quân',28,3,9,10,'2',100),(288,'Xác suất thống kê ứng dụng','EMA2050 21','217-GĐ3','TS.Nguyễn Văn Quang',24,3,9,10,'2',32),(289,'Cơ sở công nghệ chế tạo máy','EMA2022 1','209-GĐ3','TS.Trần Anh Quân',60,3,9,10,'CL',148),(290,'Cấu trúc dữ liệu và giải thuật','INT2210 25','PM207-G2','ThS.Nguyễn Thị Thu Trang A',36,3,9,10,'2',2),(291,'Cấu trúc dữ liệu và giải thuật','INT2210 23','PM307-G2','ThS.Kiều Hải Đăng',30,3,9,10,'2',2),(292,'Lập trình hướng đối tượng','INT2204 23','PM208-G2','TS.Trần Hoàng Việt',27,3,9,10,'1',5),(293,'Cấu trúc dữ liệu và giải thuật','INT2210 20','308-GĐ2','TS.Bùi Ngọc Thăng',79,3,9,10,'CL',2),(294,'Cấu trúc dữ liệu và giải thuật','INT2210 22','301-G2','PGS.TS.Nguyễn Việt Hà',90,3,9,10,'CL',2),(295,'Lập trình nâng cao','INT2215 1','PM501-E5','KS.Bành Đức Minh',27,3,9,10,'2',60),(296,'Nhiệt động lực học kỹ thuật','EMA2038 1','306-GĐ2','TS.Nguyễn Hoàng Quân',29,3,9,10,'1',149),(297,'Đồ án 3: Kết cấu bê tông cốt thép','CTE4008 1','208-GĐ3','TS.Nguyễn Ngọc Vinh',51,3,9,10,'CL',134),(298,'Matlab và ứng dụng','EMA2006 3','PM304-G2','ThS.Nguyễn Cao Sơn',45,3,9,10,'2',11),(299,'Matlab và ứng dụng','EMA2006 2','504-VCH','PGS.TS.Đặng Thế Ba',54,3,9,10,'CL',11),(300,'Bóng rổ 1','PES1020 4','Sân bãi ĐHNN','TT GDTC&TT',45,3,9,10,'CL',104),(301,'Kỹ thuật màng mỏng và công nghệ nano','EPN2025 1','207-GĐ3','TS.Nguyễn Thị Minh Hồng',62,3,9,10,'CL',150),(302,'Các vật liệu từ tính cấu trúc nanô và kỹ thuật spin điện tử','EPN3010 1','312-GĐ2','PGS.TS.Đỗ Thị Hương Giang',41,3,9,10,'CL',151),(303,'Bóng chuyền 1','PES1015 4','Sân bãi ĐHNN','TT GDTC&TT',39,3,9,10,'CL',57),(304,'Hệ thống vi xử lý','ELT3048 2','313-GĐ2','TS.Nguyễn Ngọc An',54,3,9,10,'CL',35),(305,'Cơ học kỹ thuật 1','EMA2036 21','216-GĐ3','ThS.Đỗ Huy Điệp',29,3,9,10,'1',94),(306,'Cơ học kỹ thuật 1','EMA2036 1','415-VCH','TS.Bùi Hồng Sơn',25,3,9,10,'2',94),(307,'Phát triển ứng dụng Web','INT3306 21','PM305-G2','ThS.Đào Minh Thư',28,3,9,10,'2',44),(308,'Điện tử số','ELT2041 2','309-GĐ2','TS.Phạm Đức Quang',64,3,9,11,'CL',152),(309,'Xử lý tín hiệu số','ELT3144 1','303-GĐ2','TS.Trần Thị Thuý Quỳnh',40,3,9,11,'CL',153),(310,'Cơ sở thiết kế máy','EMA2033 20','104-GĐ3','TS.Trần Thanh Tùng',35,3,9,11,'2',83),(311,'Lập trình hướng đối tượng','INT2204 24','105-GĐ3','TS.Võ Đình Hiếu',72,3,10,11,'CL',5),(312,'Lập trình hướng đối tượng','INT2204 1','3-G3','ThS.Nguyễn Đức Anh',123,3,10,11,'CL',5),(313,'Cơ học vật liệu Composite','EMA3117 1','305-GĐ2','GS.TSKH.Nguyễn Đình Đức; ThS.Vũ Minh Anh',20,3,10,11,'CL',154),(314,'Địa chất công trình','CTE3006 2','304-GĐ2','TS.Lê Thùy Dương',56,3,10,12,'CL',31),(315,'Hóa phân tích ứng dụng trong nông nghiệp','AGT2004 1','203-GĐ3','TS.Lê Thị Hiên; TS.Nguyễn Thị Ngọc Ánh; TS.Vũ Thị Huyền',33,3,10,12,'CL',155),(316,'Các phương pháp xử lý tín hiệu','ELT3099 20','213-GĐ3','PGS.TS.Nguyễn Linh Trung; TS.Lê Vũ Hà',23,3,10,12,'CL',156),(317,'Kỹ thuật điện','ELT2030 21','107-G2','PGS.TS.Trần Văn Quảng',54,3,10,12,'CL',140),(318,'Kiến trúc máy tính và mạng truyền thông công nghiệp','INT2013 21','107-GĐ3','ThS.Đặng Anh Việt',78,3,10,12,'CL',157),(319,'Kinh tế vi mô','INE1050 1','206-GĐ3','PGS.TS.Trần Thị Lan Hương',52,3,10,12,'CL',106),(320,'Cơ sở kỹ thuật điện','EMA2026 20','701-E3','ThS.Phạm Đình Tuân; ThS.Nguyễn Thu Hằng',19,3,10,12,'2',63),(321,'Lập trình nâng cao','INT2215 1','PM501-E5','KS.Bành Đức Minh',26,3,11,12,'1',60),(322,'Cơ học kỹ thuật 1','EMA2036 21','217-GĐ3','ThS.Đỗ Huy Điệp',24,3,11,12,'2',94),(323,'Cơ học kỹ thuật 1','EMA2036 1','415-VCH','TS.Bùi Hồng Sơn',23,3,11,12,'1',94),(324,'Lập trình hướng đối tượng','INT2204 23','PM208-G2','ThS.Nguyễn Đức Anh',30,3,11,12,'2',5),(325,'Xác suất thống kê ứng dụng','EMA2050 21','216-GĐ3','TS.Nguyễn Văn Quang',27,3,11,12,'1',32),(326,'Hệ thống vi xử lý','ELT3048 2','PM207-G2','KS.Dương Minh Ngọc',28,3,11,12,'2',35),(327,'Hệ thống vi xử lý','ELT3048 2','PM401-E5','KS.Phạm Quang Hùng',26,3,11,12,'1',35),(328,'Cơ sở công nghệ chế tạo máy','EMA2022E 20','215-GĐ3','TS.Trần Anh Quân',38,3,11,12,'1',158),(329,'Nhiệt động lực học kỹ thuật','EMA2038 1','306-GĐ2','TS.Nguyễn Hoàng Quân',28,3,11,12,'2',149),(330,'Cấu trúc dữ liệu và giải thuật','INT2210 23','PM307-G2','ThS.Kiều Hải Đăng',28,3,11,12,'3',2),(331,'Mô hình hóa và mô phỏng trong Vật lý','EPN2004 1','207-GĐ3','TS.Nguyễn Huy Tiệp',64,3,11,12,'CL',159),(332,'Lập trình xử lí dữ liệu với Python','AIT2003 1','PM304-G2','CN.Nguyễn Văn Phi',38,4,1,2,'1',160),(333,'Kỹ thuật thủy khí','EMA3116E 20','213-GĐ3','PGS.TS.Đặng Thế Ba',34,4,1,2,'2',105),(334,'Bóng chuyền hơi','PES1075 5','Sân bãi ĐHNN','TT GDTC&TT',48,4,1,2,'CL',7),(335,'Bóng chuyền 1','PES1015 5','Sân bãi ĐHNN','TT GDTC&TT',49,4,1,2,'CL',57),(336,'Bóng bàn','PES1030 3','Sân bãi ĐHNN','TT GDTC&TT',38,4,1,2,'CL',55),(337,'Hình họa kỹ thuật và CAD','EMA2032 4','PM501-E5','ThS.Hồ Anh Tâm',30,4,1,2,'1',34),(338,'Lập trình xử lí dữ liệu với Python','AIT2003 1','PM207-G2','CN.Đỗ Hải Sơn',35,4,1,2,'3',160),(339,'Các vật liệu polymer chức năng cấu trúc nanô','EPN3009 1','302-GĐ2','PGS.TS.Nguyễn Phương Hoài Nam',41,4,1,2,'CL',161),(340,'Cấu trúc dữ liệu và giải thuật','INT2210 3','PM208-G2','CN.Lê Bằng Giang',30,4,1,2,'1',2),(341,'Phát triển ứng dụng Web','INT3306 22','PM307-G2','ThS.Đào Minh Thư',30,4,1,2,'1',44),(342,'Tin học xây dựng','CTE3051 2','203-GĐ3','ThS.Ngô Đình Đạt',28,4,1,2,'2',51),(343,'Cấu trúc dữ liệu và giải thuật','INT2210 2','PM305-G2','CN.Nguyễn Hoàng Minh Công',29,4,1,2,'2',2),(344,'Lý thuyết điều khiển tự động','EMA2013 1','107-GĐ3','TS.Trần Cường Hưng',89,4,1,2,'CL',162),(345,'Thực hành phát triển phần mềm','INT3139 1','104-GĐ3','TS.Lê Khánh Trình',40,4,1,2,'CL',163),(346,'Lập trình mạng','INT3304 1','PM401-E5','CN.Đỗ Hồng Hà',24,4,1,2,'1',164),(347,'Kiến trúc trong xây dựng','CTE3028 2','208-GĐ3','TS.Phan Việt Toàn',43,4,1,3,'CL',165),(348,'Tín hiệu và hệ thống','ELT2035 21','206-GĐ3','TS.Nguyễn Hồng Thịnh',60,4,1,3,'CL',13),(349,'Kiến trúc máy tính','ELT3047E 20','102-GĐ3','TS.Hoàng Gia Hưng',78,4,1,3,'CL',97),(350,'Phát triển ứng dụng di động','INT3120 2','105-GĐ3','ThS.Nguyễn Việt Tân',94,4,1,3,'CL',19),(351,'Hệ thống đồng phát và thu hồi nhiệt xả thải','EET3015 1','305-GĐ2','TS.Phạm Đức Hạnh; ThS.Vũ Ngọc Linh',25,4,1,3,'CL',166),(352,'Cơ sở Quy hoạch','CTE2013 1','207-GĐ3','ThS.Hoàng Đình Việt',53,4,1,3,'CL',167),(353,'Điều khiển điện thủy khí','EMA3064 1','204-GĐ3','TS.Nguyễn Hoàng Quân; KS.Trần Đăng Huy',35,4,1,3,'CL',168),(354,'Khai phá dữ liệu','INT3209 3','106-GĐ3','TS.Lê Hoàng Quỳnh',66,4,1,3,'CL',15),(355,'Bức xạ và biến đổi năng lượng mặt trời','EET3001 1','306-GĐ2','TS.Bùi Đình Tú',4,4,1,3,'CL',169),(356,'Kiến trúc máy tính','INT2212E 21','101-G2','PGS.TS.Nguyễn Trí Thành',53,4,1,4,'CL',76),(357,'Tiếng Anh B1','FLF1107 22','217-GĐ3','Trường ĐHNN',31,4,1,5,'CL',27),(358,'Tiếng Anh B1','FLF1107 25','215-GĐ3','Trường ĐHNN',30,4,1,5,'CL',27),(359,'Tiếng Anh B1','FLF1107 26','216-GĐ3','Trường ĐHNN',36,4,1,5,'CL',27),(360,'Động lực học trong công trình','EMA3120 1','416-VCH','TS.Trần Quốc Quân',15,4,1,5,'CL',170),(361,'Thực hành thiết kế và xây dựng Robot 1','RBE2021 2','101-GĐ3','ThS.Trần Như Chí; CN.Đinh Bảo Minh',26,4,1,5,'CL',171),(362,'Hệ thống kiểm định chất lượng nông sản, thực phẩm','AGT3017 1','Viện KN ATVSTP','PGS.TS.Lê Thị Hồng Hảo',17,4,1,5,'2',116),(363,'Kỹ thuật cảm biến','ELT3205 1','210-G2','ThS.Nguyễn Như Cường',25,4,1,5,'3',129),(364,'Công nghệ vi sinh nông nghiệp','AGT3021 1','404-406-E5','TS.Hà Thị Quyến; TS.Vũ Thị Huyền',19,4,1,5,'CL',24),(365,'Thực tập điện tử tương tự','ELT3102 24','209-G2','TS.Mai Linh; ThS.Nguyễn Thu Hằng',18,4,1,5,'CL',29),(366,'IoT và ứng dụng','ELT3244 20','202-G2','PGS.TS.Nguyễn Nam Hoàng',20,4,1,6,'3',172),(367,'IoT và ứng dụng','ELT3244 20','202-G2','PGS.TS.Nguyễn Nam Hoàng',18,4,1,6,'2',172),(368,'Thực tập chuyên đề','ELT3086 20','705-E3','TS.Phạm Duy Hưng; ThS.Phạm Đình Tuân',20,4,1,6,'CL',30),(369,'IoT và ứng dụng','ELT3244 20','202-G2','PGS.TS.Nguyễn Nam Hoàng',20,4,1,6,'1',172),(370,'Ứng dụng máy tính trong đo lường và điều khiển','EMA3071E 20','310-G2','TS.Hoàng Văn Mạnh',14,4,2,5,'4',122),(371,'Thực hành Vật lý đại cương','PHY1104 6','802-805 T5 KHTN','Trường ĐHKHTN',18,4,2,5,'CL',85),(372,'Cơ sở trí tuệ nhân tạo','AIT2004 1','304-GĐ2','PGS.TS.Nguyễn Việt Hà',31,4,2,5,'CL',173),(373,'Tiếng Nhật 2A','JAP4023 1','313-GĐ2','Công ty Framgia VN',25,4,3,4,'CL',33),(374,'Tin học xây dựng','CTE3051 2','203-GĐ3','ThS.Ngô Đình Đạt',28,4,3,4,'1',51),(375,'Cấu trúc dữ liệu và giải thuật','INT2210 1','PM305-G2','CN.Nguyễn Hoàng Minh Công',29,4,3,4,'2',2),(376,'Cấu trúc dữ liệu và giải thuật','INT2210 6','103-G2','PGS.TS.Nguyễn Việt Anh',61,4,3,4,'CL',2),(377,'Chủ nghĩa xã hội khoa học','PHI1002 2','308-GĐ2','TS.Nguyễn Thị Lan',78,4,3,4,'CL',8),(378,'Kỹ thuật đo lường và cảm biến','EMA2024E 20','PM402-E5','TS.Đinh Trần Hiệp',37,4,3,4,'1',36),(379,'Kỹ thuật thủy khí','EMA3116E 20','213-GĐ3','PGS.TS.Đặng Thế Ba',34,4,3,4,'1',105),(380,'Bóng chuyền 1','PES1015 6','Sân bãi ĐHNN','TT GDTC&TT',48,4,3,4,'CL',57),(381,'Hình họa kỹ thuật và CAD','EMA2032 4','PM501-E5','ThS.Hồ Anh Tâm',27,4,3,4,'3',34),(382,'Bóng bàn','PES1030 4','Sân bãi ĐHNN','TT GDTC&TT',47,4,3,4,'CL',55),(383,'Bóng chuyền hơi','PES1075 6','Sân bãi ĐHNN','TT GDTC&TT',47,4,3,4,'CL',7),(384,'Vật liệu gốm kỹ thuật','EPN3052 1','302-GĐ2','TS.Hồ Thị Anh',41,4,3,4,'CL',174),(385,'Cơ học chất lỏng','EMA2008 1','107-GĐ3','PGS.TS.Trần Thu Hà',84,4,3,4,'CL',175),(386,'Lập trình mạng','INT3304 1','PM401-E5','CN.Đỗ Hồng Hà',25,4,3,4,'2',164),(387,'Lập trình xử lí dữ liệu với Python','AIT2003 1','PM304-G2','CN.Nguyễn Văn Phi',35,4,3,4,'2',160),(388,'Xác suất thống kê ứng dụng','EMA2050 2','303-GĐ2','TS.Nguyễn Văn Quang',45,4,3,4,'2',32),(389,'Chuyên đề Công nghệ Nhật Bản','INT3138 1','104-GĐ3','TS.Đặng Thanh Hải',40,4,3,4,'CL',176),(390,'Lập trình xử lí dữ liệu với Python','AIT2003 1','PM207-G2','CN.Đỗ Hải Sơn',35,4,3,4,'4',160),(391,'Phát triển ứng dụng Web','INT3306 4','PM208-G2','CN.Nguyễn Quang Huy ̣',31,4,3,4,'2',44),(392,'Phát triển ứng dụng Web','INT3306 22','PM307-G2','ThS.Đào Minh Thư',31,4,3,4,'2',44),(393,'Hóa học hữu cơ','EET2001 1','309-GĐ2','PGS.TS.Nguyễn Phương Hoài Nam',68,4,3,5,'CL',177),(394,'Phát triển ứng dụng di động','INT3120E 20','209-GĐ3','TS.Lê Khánh Trình',0,4,3,5,'CL',178),(395,'Toán trong Công nghệ','ELT2029 20','205-GĐ3','PGS.TS.Nguyễn Linh Trung; TS.Lâm Sinh Công',56,4,3,5,'CL',21),(396,'Cơ học môi trường liên tục','EMA2004 2','301-GĐ2','GS.TSKH.Nguyễn Đình Đức',56,4,3,5,'CL',100),(397,'Phân tích và thiết kế mạng máy tính','INT3309E 20','211-GĐ3','TS.Phạm Mạnh Linh; ThS.Nguyễn Xuân Trường',59,4,3,5,'CL',179),(398,'Quản lý dự án HTTT','INT2045E 20','210-GĐ3','PGS.TS.Nguyễn Ngọc Hóa',57,4,3,6,'CL',180),(399,'Học máy','INT3405 1','304-GĐ2','TS.Nguyễn Thị Ngọc Diệp',31,4,3,6,'CL',50),(400,'Công nghệ chế tạo, CAM và CNC','AER3024 1','204-GĐ3','TS.Ngô Trọng Bình',36,4,4,5,'CL',119),(401,'Xử lý ảnh và thị giác Robot','RBE3015 1','310-GĐ2','TS.Đinh Triều Dương; PGS.TS.Hoàng Văn Xiêm',54,4,4,5,'CL',182),(402,'Hình họa kỹ thuật và CAD','EMA2032 21','206-GĐ3','TS.Phan Thị Trà My',55,4,4,5,'CL',34),(403,'Hệ thống quang điện','EET3005 1','305-GĐ2','PGS.TS.Nguyễn Đình Lãm',4,4,4,6,'CL',183),(404,'Kiến trúc máy tính và mạng truyền thông công nghiệp','INT2013 1','102-GĐ3','ThS.Đặng Anh Việt',70,4,4,6,'CL',157),(405,'Cơ sở Quy hoạch','CTE2013 2','208-GĐ3','ThS.Hoàng Đình Việt',56,4,4,6,'CL',167),(406,'Tích trữ và biến đổi các nguồn năng lượng mới','EET3017 1','306-GĐ2','TS.Bùi Đình Tú',25,4,4,6,'CL',184),(407,'Kiến trúc trong xây dựng','CTE3028 1','207-GĐ3','TS.Phan Việt Toàn',56,4,4,6,'CL',165),(408,'Phát triển ứng dụng Web','INT3306 4','PM208-G2','CN.Nguyễn Quang Huy ̣',35,4,5,6,'1',44),(409,'Công nghệ chế tạo pin mặt trời','EPN3055 1','302-GĐ2','TS.Nguyễn Đức Cường',41,4,5,6,'CL',185),(410,'Kỹ thuật đo lường và cảm biến','EMA2024E 20','PM402-E5','TS.Đinh Trần Hiệp',36,4,5,6,'2',36),(411,'Xác suất thống kê ứng dụng','EMA2050 2','303-GĐ2','TS.Nguyễn Văn Quang',45,4,5,6,'1',32),(412,'Kỹ thuật mô hình-mô phỏng','EMA2035 1','107-GĐ3','PGS.TS.Đinh Văn Mạnh',80,4,5,6,'CL',186),(413,'Cấu trúc dữ liệu và giải thuật','INT2210 1','PM305-G2','CN.Nguyễn Hoàng Minh Công',30,4,5,6,'1',2),(414,'Phát triển ứng dụng Web','INT3306 22','101-G2','TS.Lê Đình Thanh',61,4,5,6,'CL',44),(415,'Cơ sở kỹ thuật điện','EMA2026 21','206-GĐ3','PGS.TS.Bùi Thanh Tùng',57,4,7,8,'CL',63),(416,'Cơ lí thuyết','RBE3001 1','303-GĐ2','PGS.TS.Đào Như Mai',41,4,7,8,'CL',187),(417,'Bóng rổ 1','PES1020 5','Sân bãi ĐHNN','TT GDTC&TT',44,4,7,8,'CL',104),(418,'Cấu trúc dữ liệu và giải thuật','INT2210 22','PM202-G2','ThS.Vương Thị Hải Yến',29,4,7,8,'1',2),(419,'Cơ học kỹ thuật 1','EMA2036 2','415-VCH','TS.Bùi Hồng Sơn',24,4,7,8,'2',94),(420,'Giáo dục thể chất cơ bản','PES1003 5','Sân bãi ĐHNN','TT GDTC&TT',41,4,7,8,'CL',9),(421,'Bóng đá','PES1025 3','Sân bãi ĐHNN','TT GDTC&TT',46,4,7,8,'CL',3),(422,'Lập trình hướng đối tượng','INT2204 21','310-GĐ2','TS.Vũ Thị Hồng Nhạn',51,4,7,8,'CL',5),(423,'Cơ sở dữ liệu','INT2211E 22','PM401-E5','ThS.Nguyễn Ngọc Quỳnh',30,4,7,8,'2',4),(424,'Seminar và thảo luận nhóm về công nghệ nano và ứng dụng','EPN2051 1','205-GĐ3','TS.Hồ Thị Anh; PGS.TS.Phạm Văn Vĩnh',62,4,7,8,'CL',188),(425,'Matlab và ứng dụng','EMA2006 1','PM305-G2','ThS.Nguyễn Cao Sơn',28,4,7,8,'1',11),(426,'Kỹ thuật thủy khí','EMA3116E 21','204-GĐ3','PGS.TS.Đặng Thế Ba',34,4,7,8,'1',105),(427,'Kỹ năng khởi nghiệp','UET1002 1','3-G3','TS.Hoàng Thị Hải Yến',75,4,7,8,'CL',189),(428,'Quang tử nanô','EPN3020 1','104-GĐ3','TS.Nguyễn Trọng Nghĩa; TS.Nguyễn Thị Yến Mai',18,4,7,8,'CL',190),(429,'Hình họa kỹ thuật và CAD','EMA2032 20','PM208-G2','TS.Phan Thị Trà My',29,4,7,8,'1',34),(430,'Các chuyên đề trong TT&MMT','INT3125 20','210-GĐ3','TS.Nguyễn Ngọc Tân',0,4,7,8,'CL',191),(431,'Đồ họa máy tính','INT3403 1','301-GĐ2','TS.Ma Thị Châu',53,4,7,8,'CL',125),(432,'Hình họa kỹ thuật và CAD','EMA2032 1','PM307-G2','ThS.Hoàng Quốc Anh',28,4,7,8,'2',34),(433,'Tiếng Nhật 2A','JAP4023 2','313-GĐ2','Công ty Framgia VN',32,4,7,8,'CL',33),(434,'Các thuật toán thích nghi','RBE3043 1','302-GĐ2','TS.Nguyễn Thế Hoàng Anh',45,4,7,9,'CL',192),(435,'Truyền thông vô tuyến','ELT3056 20','214-GĐ3','PGS.TS.Trịnh Anh Vũ',33,4,7,9,'CL',193),(436,'Cơ học trong kỹ thuật xây dựng','CTE2017 1','304-GĐ2','TS.Phan Hải Đăng',54,4,7,9,'CL',1),(437,'Thị giác máy','INT3412E 20','207-GĐ3','PGS.TS.Lê Thanh Hà',41,4,7,9,'CL',194),(438,'Vật liệu xây dựng','CTE2011 2','305-GĐ2','GS.TSKH.Nguyễn Đình Đức; TS.Nguyễn Văn Bắc',56,4,7,9,'CL',121),(439,'Tương tác người - máy','INT2041 20','209-GĐ3','TS.Ngô Thị Duyên',60,4,7,9,'CL',195),(440,'Xác suất thống kê','MAT1101 22','105-GĐ3','TS.Đặng Thanh Hải',81,4,7,9,'CL',196),(441,'Lập trình thi đấu','INT3512 20','208-GĐ3','ThS.Hồ Đắc Phương',35,4,7,9,'CL',197),(442,'Xác suất thống kê','MAT1101 2','301-G2','GVC.TS.Lê Phê Đô',95,4,7,9,'CL',196),(443,'Công nghệ sinh học đại cương','AGT2011 1','203-GĐ3','TS.Hà Thị Quyến; TS.Chu Đức Hà; TS.Trần Đăng Khoa',33,4,7,9,'CL',198),(444,'Các vấn đề hiện đại của Công nghệ thông tin','INT3507 2','312-GĐ2','PGS.TS.Trương Ninh Thuận',46,4,7,9,'CL',48),(445,'Các vấn đề hiện đại trong nông nghiệp kỹ thuật số','AGT3019 1','213-GĐ3','TS.Phạm Minh Triển; TS.Phạm Châu Thùy; TS.Nguyễn Thị Ngọc Ánh',22,4,7,9,'CL',199),(446,'Toán trong Công nghệ','ELT2029 1','102-GĐ3','PGS.TS.Nguyễn Linh Trung; TS.Lâm Sinh Công',19,4,7,9,'CL',21),(447,'Cơ sở kỹ thuật điện','EMA2026 1','701-E3','ThS.Nguyễn Thu Hằng; ThS.Nguyễn Như Cường',22,4,7,9,'3',63),(448,'SCADA','EMA3135 20','310-G2','ThS.Nguyễn Quang Nhã',21,4,7,9,'3',16),(449,'Kết cấu thiết bị bay và đồ án','EMA3101 1','503-VCH','TS.Nguyễn Lương Thiện',19,4,7,10,'CL',200),(450,'Mô hình hóa và mô phỏng','ELT2031E 20','PM402-E5','PGS.TS.Hoàng Văn Xiêm',33,4,7,10,'2',41),(451,'Kiến trúc máy tính','INT2212E 25','103-G2','PGS.TS.Trần Trọng Hiếu',81,4,7,10,'CL',76),(452,'Tiếng Anh B1','FLF1107 4','217-GĐ3','Trường ĐHNN',40,4,7,11,'CL',27),(453,'Lập trình DSP','ELT3246 20','PM304-G2','TS.Nguyễn Hồng Thịnh',53,4,7,11,'CL',201),(454,'Vi xử lý và vi điều khiển','EMA3084 1','308-G2','TS.Hoàng Văn Mạnh',23,4,7,11,'2',80),(455,'Kỹ thuật lạnh và điều hòa không khí','EET2010 1','PTN Khoa Vật lý','TS.Phạm Đức Hạnh; TS.Lê Việt Cường',20,4,7,11,'1',46),(456,'Thực tập chuyên đề','ELT3086 22','705-E3','TS.Trần Thị Thúy Quỳnh; ThS.Chu Thị Phương Dung',18,4,7,12,'CL',30),(457,'Thực hành Vật lý đại cương','PHY1104 1','802-805 T5 KHTN','Trường ĐHKHTN',18,4,8,11,'CL',85),(458,'Thực tập điện tử tương tự','ELT3102 22','209-G2','TS.Phạm Duy Hưng; ThS.Trần Thanh Hằng',21,4,8,12,'CL',29),(459,'Thực tập điện tử số','ELT3103 25','210-G2','ThS.Trần Như Chí; ThS.Phạm Xuân Lộc',20,4,8,12,'CL',118),(460,'Cơ sở dữ liệu','INT2211E 22','PM401-E5','ThS.Nguyễn Ngọc Quỳnh',30,4,9,10,'1',4),(461,'Bóng rổ 1','PES1020 6','Sân bãi ĐHNN','TT GDTC&TT',46,4,9,10,'CL',104),(462,'Cơ học kỹ thuật 1','EMA2036 2','415-VCH','TS.Bùi Hồng Sơn',26,4,9,10,'1',94),(463,'Cơ học kỹ thuật 1','EMA2036 20','101-G2','PGS.TS.Đào Như Mai',53,4,9,10,'CL',94),(464,'Cơ sở công nghệ chế tạo máy','EMA2022 1','306-GĐ2','TS.Trần Anh Quân',30,4,9,10,'1',148),(465,'Phát triển ứng dụng Internet of Things','INT3022 20','210-GĐ3','PGS.TS.Nguyễn Hoài Sơn; TS.Nguyễn Ngọc Tân',53,4,9,10,'CL',202),(466,'Bóng đá','PES1025 4','Sân bãi ĐHNN','TT GDTC&TT',49,4,9,10,'CL',3),(467,'Matlab và ứng dụng','EMA2006 1','PM307-G2','ThS.Nguyễn Cao Sơn',28,4,9,10,'2',11),(468,'Giáo dục thể chất cơ bản','PES1003 6','Sân bãi ĐHNN','TT GDTC&TT',40,4,9,10,'CL',9),(469,'Cấu trúc dữ liệu và giải thuật','INT2210 4','313-GĐ2','TS.Trần Thị Minh Châu',28,4,9,10,'CL',2),(470,'Cấu trúc dữ liệu và giải thuật','INT2210 26','309-GĐ2','TS.Ma Thị Châu',63,4,9,10,'CL',2),(471,'Cấu trúc dữ liệu và giải thuật','INT2210 22','PM202-G2','ThS.Vương Thị Hải Yến',30,4,9,10,'2',2),(472,'Hình họa kỹ thuật và CAD','EMA2032 1','PM305-G2','ThS.Hoàng Quốc Anh',27,4,9,10,'1',34),(473,'Phát triển ứng dụng Web','INT3306 3','PM208-G2','CN.Vũ Đức Trung',35,4,9,10,'1',44),(474,'Lập trình hướng đối tượng','INT2204 2','PM501-E5','CN.Nguyễn Vũ Bình Dương',34,4,9,10,'2',5),(475,'Xác suất thống kê ứng dụng','EMA2050 21','206-GĐ3','TS.Nguyễn Văn Quang',51,4,9,10,'CL',32),(476,'Kỹ năng khởi nghiệp','UET1002 2','3-G3','TS.Hoàng Thị Hải Yến',78,4,9,10,'CL',189),(477,'Kỹ thuật đo lường và cảm biến','EMA2024 1','PM207-G2','TS.Đinh Trần Hiệp',32,4,9,10,'2',36),(478,'Thiết bị quang tử','EPN3024 1','104-GĐ3','TS.Vũ Dương; TS.Nguyễn Thị Yến Mai',14,4,9,10,'CL',203),(479,'Kết cấu Hàng không','AER3001 1','301-GĐ2','TS.Nguyễn Hoàng Quân',56,4,9,11,'CL',204),(480,'Cơ sở thiết kế máy','EMA2033 21','310-GĐ2','TS.Trần Thanh Tùng',28,4,9,11,'3',83),(481,'Các cơ cấu chấp hành Robot','RBE3012 1','303-GĐ2','ThS.Đặng Anh Việt',38,4,9,11,'CL',205),(482,'Khai phá dữ liệu hướng lĩnh vực','INT3233E 20','205-GĐ3','TS.Trần Mai Vũ',43,4,9,12,'CL',206),(483,'Kiến trúc máy tính','INT2212E 20','107-G2','PGS.TS.Nguyễn Trí Thành',79,4,9,12,'CL',76),(484,'Thủy động lực học - môi trường biển','EMA3094 1','416-VCH','PGS.TS.Đinh Văn Mạnh',15,4,9,12,'CL',207),(485,'Động lực học công trình','CTE3020 2','307-GĐ2','TS.Nguyễn Văn Bắc',56,4,10,11,'CL',37),(486,'Lý thuyết tấm và vỏ','EMA3118 1','213-GĐ3','TS.Phạm Hồng Công',15,4,10,11,'CL',143),(487,'Hệ thống vi xử lý','ELT3048 1','102-GĐ3','TS.Nguyễn Ngọc An',71,4,10,11,'CL',35),(488,'Hình họa kỹ thuật và CAD','EMA2032 4','105-GĐ3','PGS.TS.Đỗ Thị Hương Giang; ThS.Hồ Anh Tâm',87,4,10,11,'CL',34),(489,'Cơ sở kỹ thuật điện','EMA2026 1','701-E3','ThS.Nguyễn Thu Hằng; ThS.Nguyễn Như Cường',24,4,10,12,'4',63),(490,'Phương pháp hình thức','INT3106 1','312-GĐ2','TS.Tô Văn Khánh',29,4,10,12,'CL',208),(491,'An toàn và an ninh mạng','INT3307E 21','207-GĐ3','TS.Nguyễn Đại Thọ',47,4,10,12,'CL',209),(492,'Kỹ thuật điện và điện tử','EMA2005 1','203-GĐ3','TS.Phạm Minh Triển',36,4,10,12,'CL',210),(493,'Thủy văn','CTE3002 1','305-GĐ2','TS.Dương Tuấn Mạnh',55,4,10,12,'CL',211),(494,'Cơ học trong kỹ thuật xây dựng','CTE2017 2','304-GĐ2','TS.Phan Hải Đăng',53,4,10,12,'CL',1),(495,'Giải thuật cho Robot thông minh','RBE3047 1','302-GĐ2','PGS.TS.Trương Xuân Tùng; TS.Nguyễn Thị Lan Anh',19,4,10,12,'CL',212),(496,'SCADA','EMA3135 21','310-G2','ThS.Nguyễn Quang Nhã',24,4,10,12,'3',16),(497,'Xác suất thống kê','MAT1101 1','301-G2','GVC.TS.Lê Phê Đô',140,4,10,12,'CL',196),(498,'Cơ sở công nghệ chế tạo máy','EMA2022 1','306-GĐ2','TS.Trần Anh Quân',30,4,11,12,'2',148),(499,'Lập trình hướng đối tượng','INT2204 2','PM402-E5','CN.Kiều Văn Tuyên',34,4,11,12,'3',5),(500,'Kỹ thuật đo lường và cảm biến','EMA2024 1','PM207-G2','TS.Đinh Trần Hiệp',32,4,11,12,'1',36),(501,'Phát triển ứng dụng Web','INT3306 3','PM208-G2','CN.Vũ Đức Trung',35,4,11,12,'2',44),(502,'Cơ sở dữ liệu','INT2211E 22','PM401-E5','ThS.Nguyễn Ngọc Quỳnh',31,4,11,12,'3',4),(503,'Cơ sở dữ liệu','INT2211 2','PM207-G2','ThS.Phạm Thị Quỳnh Trang',39,5,1,2,'1',4),(504,'Cơ học chất lỏng','EMA2008 1','416-VCH','TS.Bùi Hồng Sơn',27,5,1,2,'1',175),(505,'Bóng đá','PES1025 5','Sân bãi ĐHNN','TT GDTC&TT',44,5,1,2,'CL',3),(506,'Cấu trúc dữ liệu và giải thuật','INT2210 26','PM305-G2','ThS.Nguyễn Thị Thu Trang A',31,5,1,2,'1',2),(507,'Đồ họa máy tính','INT3403 2','PM307-G2','Khoa CNTT',20,5,1,2,'1',125),(508,'Kỹ năng khởi nghiệp','UET1002 20','3-G3','TS.Hoàng Thị Hải Yến',72,5,1,2,'CL',189),(509,'Matlab và ứng dụng','EMA2006E 20','PM501-E5','TS.Đinh Trần Hiệp',27,5,1,2,'2',213),(510,'Lập trình xử lí dữ liệu với Python','AIT2003 1','301-G2','TS.Đặng Trần Bình',143,5,1,2,'CL',160),(511,'Xử lý ảnh viễn thám','AER3007 1','204-GĐ3','KS.Hoàng Tích Phúc',16,5,1,2,'CL',6),(512,'Sức bền vật liệu và cơ học kết cấu','EMA2012 1','415-VCH','ThS.Nguyễn Cao Sơn',30,5,1,2,'3',49),(513,'Bóng chuyền 1','PES1015 7','Sân bãi ĐHNN','TT GDTC&TT',47,5,1,2,'CL',57),(514,'Cơ sở dữ liệu','INT2211E 23','PM401-E5','ThS.Nguyễn Ngọc Quỳnh',29,5,1,2,'1',4),(515,'Nhập môn công nghệ vi cơ điện tử','EMA2028 20','107-GĐ3','PGS.TS.Mai Anh Tuấn',84,5,1,2,'CL',214),(516,'Bóng rổ 1','PES1020 7','Sân bãi ĐHNN','TT GDTC&TT',43,5,1,2,'CL',104),(517,'Cấu trúc dữ liệu và giải thuật','INT2210 3','101-G2','TS.Tạ Việt Cường',59,5,1,2,'CL',2),(518,'Phát triển ứng dụng Web','INT3306 21','303-GĐ2','TS.Lê Đình Thanh',55,5,1,2,'CL',44),(519,'Golf','PES1090 1','Sân bãi ĐHNN','TT GDTC&TT',48,5,1,2,'CL',215),(520,'Lập trình hướng đối tượng','INT2204 25','PM202-G2','TS.Vũ Thị Hồng Nhạn',39,5,1,2,'1',5),(521,'Xác suất thống kê','MAT1101 21','105-GĐ3','GVC.TS.Lê Phê Đô',88,5,1,3,'CL',196),(522,'Cơ sở thiết kế máy','EMA2033 20','102-GĐ3','TS.Trần Thanh Tùng',71,5,1,3,'CL',83),(523,'Tin học xây dựng','CTE3051 2','302-GĐ2','ThS.Ngô Đình Đạt',56,5,1,3,'CL',51),(524,'Các phương pháp điều khiển tiên tiến','EMA3021 1','309-GĐ2','TS.Bùi Thanh Lâm',68,5,1,3,'CL',216),(525,'Trí tuệ nhân tạo','INT3401 1','107-G2','TS.Nguyễn Văn Vinh',78,5,1,3,'CL',68),(526,'An toàn và an ninh mạng','INT3307 1','308-GĐ2','TS.Nguyễn Đại Thọ',80,5,1,3,'CL',209),(527,'Máy - thiết bị thủy khí và đồ án','EMA3093 1','503-VCH','TS.Nguyễn Hoàng Quân; ThS.Đỗ Huy Điệp',22,5,1,3,'CL',73),(528,'Truyền thông quang','ELT3067 20','205-GĐ3','TS.Bùi Trung Ninh',18,5,1,3,'CL',218),(529,'Kinh tế và chính sách năng lượng','EET3029 1','203-GĐ3','ThS.Nguyễn Thanh Tùng',8,5,1,3,'CL',219),(530,'Trắc địa','CTE3005 2','310-GĐ2','ThS.Vũ Minh Anh',28,5,1,4,'2',18),(531,'Trắc địa','CTE3005 2','310-GĐ2','ThS.Vũ Minh Anh',28,5,1,4,'1',18),(532,'Kiến trúc máy tính','INT2212E 24','106-GĐ3','PGS.TS.Nguyễn Ngọc Hóa',64,5,1,4,'CL',76),(533,'Thực tập điện tử tương tự','ELT3102 26','209-G2','ThS.Trần Như Chí; ThS.Chu Thị Phương Dung',20,5,1,5,'CL',29),(534,'Thực tập điện tử số','ELT3103 20','210-G2','TS.Nguyễn Đăng Phú; ThS.Nguyễn Thu Hằng',21,5,1,5,'CL',118),(535,'Kỹ thuật lạnh và điều hòa không khí','EET2010 1','PTN Khoa Vật lý','TS.Phạm Đức Hạnh; TS.Lê Việt Cường',18,5,1,5,'3',46),(536,'Tiếng Anh B1','FLF1107 5','217-GĐ3','Trường ĐHNN',40,5,1,5,'CL',27),(537,'Rèn nghề Công nghệ Nông nghiệp','AGT4003 1','Hòa Lạc','TS.Lê Thị Hiên; TS.Hà Thị Quyến; TS.Nguyễn Lê Khanh; TS.Trần Đăng Khoa',25,5,1,5,'CL',220),(538,'Thực hành thiết kế và xây dựng Robot 1','RBE2021 1','101-GĐ3','ThS.Phan Hoàng Anh; CN.Đinh Bảo Minh',27,5,1,5,'CL',171),(539,'Kỹ thuật màng mỏng và công nghệ nano','EPN2025 1','PTN Khoa Vật lý','TS.Nguyễn Thị Minh Hồng',22,5,1,6,'1',150),(540,'Động lực học công trình','CTE3020 1','104-GĐ3','TS.Nguyễn Văn Bắc',27,5,2,3,'1',37),(541,'Thực hành Vật lý đại cương','PHY1104 4','802-805 T5 KHTN','Trường ĐHKHTN',19,5,2,5,'CL',85),(542,'Cơ sở trí tuệ nhân tạo','AIT2004 1','304-GĐ2','PGS.TS.Nguyễn Việt Hà',31,5,2,5,'CL',173),(543,'Golf','PES1090 2','Sân bãi ĐHNN','TT GDTC&TT',45,5,3,4,'CL',215),(544,'Cơ sở dữ liệu','INT2211E 23','PM401-E5','ThS.Nguyễn Ngọc Quỳnh',30,5,3,4,'3',4),(545,'Sức bền vật liệu và cơ học kết cấu','EMA2012 1','415-VCH','ThS.Nguyễn Cao Sơn',30,5,3,4,'1',49),(546,'Bóng đá','PES1025 6','Sân bãi ĐHNN','TT GDTC&TT',48,5,3,4,'CL',3),(547,'Tiếng Nhật 2A','JAP4023 1','313-GĐ2','Công ty Framgia VN',25,5,3,4,'CL',33),(548,'Phương pháp tính trong kỹ thuật','EMA2011 3','306-GĐ2','TS.Lê Đình Anh',40,5,3,4,'1',87),(549,'Matlab và ứng dụng','EMA2006E 20','PM501-E5','TS.Đinh Trần Hiệp',27,5,3,4,'1',213),(550,'Cấu trúc dữ liệu và giải thuật','INT2210 21','101-G2','PGS.TS.Nguyễn Việt Anh',52,5,3,4,'CL',2),(551,'Cơ sở dữ liệu','INT2211 2','PM207-G2','ThS.Phạm Thị Quỳnh Trang',39,5,3,4,'2',4),(552,'Đồ họa máy tính','INT3403 2','PM307-G2','Khoa CNTT',22,5,3,4,'2',125),(553,'Cơ học chất lỏng','EMA2008 1','416-VCH','TS.Bùi Hồng Sơn',30,5,3,4,'2',175),(554,'SCADA','EMA3135 21','206-GĐ3','TS.Hoàng Văn Mạnh',67,5,3,4,'CL',16),(555,'Bóng chuyền 1','PES1015 8','Sân bãi ĐHNN','TT GDTC&TT',47,5,3,4,'CL',57),(556,'Kỹ năng khởi nghiệp','UET1002 24','3-G3','TS.Hoàng Thị Hải Yến',49,5,3,4,'CL',189),(557,'Cấu trúc dữ liệu và giải thuật','INT2210 26','PM305-G2','ThS.Nguyễn Thị Thu Trang A',32,5,3,4,'2',2),(558,'Lập trình hướng đối tượng','INT2204 25','PM202-G2','TS.Vũ Thị Hồng Nhạn',39,5,3,4,'2',5),(559,'Bóng rổ 1','PES1020 8','Sân bãi ĐHNN','TT GDTC&TT',47,5,3,4,'CL',104),(560,'Nhập môn viễn thám','AER3015 1','204-GĐ3','TS.Hà Minh Cường',18,5,3,5,'CL',221),(561,'Truyền thông di động','ELT3247 20','305-GĐ2','PGS.TS.Trịnh Anh Vũ',37,5,3,5,'CL',222),(562,'Học máy','INT3405 1','304-GĐ2','TS.Nguyễn Thị Ngọc Diệp',31,5,3,6,'CL',50),(563,'Nguyên lý hệ điều hành','INT2214 20','303-GĐ2','TS.Nguyễn Thị Hậu',50,5,3,6,'CL',77),(564,'Lập trình hướng đối tượng','INT2204 22','105-GĐ3','TS.Nguyễn Văn Sơn',86,5,4,5,'CL',5),(565,'Vi xử lý và vi điều khiển','EMA3084 1','309-GĐ2','PGS.TS.Phạm Mạnh Thắng',69,5,4,5,'CL',80),(566,'An toàn hiệu quả trong kỹ thuật năng lượng','EET3027 1','203-GĐ3','ThS.Nguyễn Thanh Tùng',9,5,4,5,'CL',223),(567,'Động lực học công trình','CTE3020 1','104-GĐ3','TS.Nguyễn Văn Bắc',26,5,4,5,'2',37),(568,'Mạng truyền thông máy tính 2','ELT3062E 20','213-GĐ3','TS.Lâm Sinh Công',40,5,4,6,'CL',224),(569,'Phát triển ứng dụng di động','INT3120 20','205-GĐ3','TS.Lê Khánh Trình',72,5,4,6,'CL',19),(570,'Trí tuệ nhân tạo','INT3401 2','107-G2','TS.Nguyễn Văn Vinh',79,5,4,6,'CL',68),(571,'Kiến trúc máy tính và mạng truyền thông công nghiệp','INT2013 20','102-GĐ3','ThS.Đặng Anh Việt',76,5,4,6,'CL',157),(572,'Các vấn đề hiện đại của Công nghệ thông tin','INT3507 4','307-GĐ2','TS.Nguyễn Đại Thọ',25,5,4,6,'CL',48),(573,'Trí tuệ nhân tạo','INT3401 3','308-GĐ2','PGS.TS.Nguyễn Thị Nhật Thanh',80,5,4,6,'CL',68),(574,'Tin học xây dựng','CTE3051 1','302-GĐ2','TS.Nguyễn Văn Hùng',52,5,4,6,'CL',51),(575,'Kỹ nghệ yêu cầu','INT3133 20','208-GĐ3','TS.Đặng Đức Hạnh',58,5,4,6,'CL',225),(576,'Kỹ năng khởi nghiệp','UET1002 25','3-G3','TS.Hoàng Thị Hải Yến',116,5,5,6,'CL',189),(577,'Cơ sở dữ liệu','INT2211E 23','PM401-E5','ThS.Nguyễn Ngọc Quỳnh',30,5,5,6,'2',4),(578,'Cơ sở dữ liệu','INT2211E 21','101-G2','TS.Dư Phương Hạnh',51,5,5,6,'CL',4),(579,'Sức bền vật liệu và cơ học kết cấu','EMA2012 1','415-VCH','ThS.Nguyễn Cao Sơn',29,5,5,6,'2',49),(580,'Phương pháp tính trong kỹ thuật','EMA2011 3','306-GĐ2','TS.Lê Đình Anh',40,5,5,6,'2',87),(581,'Cơ học chất lỏng','EMA2008 1','416-VCH','TS.Bùi Hồng Sơn',27,5,5,6,'3',175),(582,'Lập trình hướng đối tượng','INT2204 1','PM207-G2','CN.Vũ Trọng Thanh',41,5,7,8,'1',5),(583,'Xác suất thống kê ứng dụng','EMA2050 1','415-VCH','TS.Nguyễn Văn Quang',31,5,7,8,'1',32),(584,'Cơ sở dữ liệu','INT2211E 20','PM201-G2','ThS.Nguyễn Thị Cẩm Vân',40,5,7,8,'2',4),(585,'Bóng bàn','PES1030 5','Sân bãi ĐHNN','TT GDTC&TT',48,5,7,8,'CL',55),(586,'Cấu trúc dữ liệu và giải thuật','INT2210 20','PM202-G2','ThS.Vương Thị Hải Yến',39,5,7,8,'1',2),(587,'Tư tưởng Hồ Chí Minh','POL1001 20','3-G3','ThS.Hồ Viết Thanh; TS.Đàm Thế Vinh',47,5,7,8,'CL',135),(588,'Cơ học kỹ thuật 1','EMA2036 21','208-GĐ3','PGS.TS.Đào Như Mai',53,5,7,8,'CL',94),(589,'Lập trình hướng đối tượng','INT2204 24','PM501-E5','CN.Nguyễn Tùng Lâm',23,5,7,8,'3',5),(590,'Hình hoạ kỹ thuật và CAD','AER2006 1','PM401-E5','KS.Bành Đức Minh',28,5,7,8,'1',45),(591,'Bóng chuyền 1','PES1015 9','Sân bãi ĐHNN','TT GDTC&TT',45,5,7,8,'CL',57),(592,'Xử lý tín hiệu số','ELT3144 1','PM402-E5','TS.Trần Thị Thuý Quỳnh',40,5,7,8,'CL',153),(593,'Phát triển ứng dụng Web','INT3306E 20','PM305-G2','ThS.Đào Minh Thư',29,5,7,8,'1',226),(594,'Bóng rổ 1','PES1020 9','Sân bãi ĐHNN','TT GDTC&TT',45,5,7,8,'CL',104),(595,'Tiếng Nhật 2A','JAP4023 2','313-GĐ2','Công ty Framgia VN',32,5,7,8,'CL',33),(596,'Phương trình vi phân và đạo hàm riêng','EMA2041 1','306-GĐ2','KS.Trần Đăng Huy',30,5,7,8,'2',23),(597,'Thiết kế kiểu dáng công nghiệp','RBE3016 1','PM307-G2','TS.Dương Việt Dũng',26,5,7,8,'1',227),(598,'Phương pháp tính trong kỹ thuật','EMA2011 1','416-VCH','KS.Phạm Đình Nguyện',33,5,7,8,'2',87),(599,'Cơ sở kỹ thuật điện','EMA2026 1','105-GĐ3','ThS.Trần Như Chí',91,5,7,8,'CL',63),(600,'IoT và ứng dụng','ELT3244 20','205-GĐ3','PGS.TS.Nguyễn Nam Hoàng',58,5,7,9,'CL',172),(601,'Cơ sở kỹ thuật điện','EMA2026 20','701-E3','ThS.Phạm Đình Tuân; ThS.Nguyễn Thu Hằng',20,5,7,9,'3',63),(602,'Lập trình và ghép nối máy tính','ELT3104 20','303-GĐ2','TS.Phạm Duy Hưng',28,5,7,9,'CL',228),(603,'Quản lý dự án và rủi ro','CTE3047 2','207-GĐ3','TS.Nguyễn Văn Yên',60,5,7,9,'CL',229),(604,'Phát triển hệ thống nhúng bảo mật','AER3017 1','209-GĐ3','TS.Bùi Duy Hiếu; PGS.TS.Trần Xuân Tú',18,5,7,9,'CL',230),(605,'Tín hiệu và hệ thống','ELT2035 5','210-GĐ3','TS.Hoàng Gia Hưng',60,5,7,9,'CL',13),(606,'Kỹ thuật điện và điện tử','EMA2005 1','203-GĐ3','TS.Phạm Minh Triển',36,5,7,9,'CL',210),(607,'An toàn lao động','CTE3009 1','206-GĐ3','TS.Phan Hải Đăng',58,5,7,9,'CL',231),(608,'Kiểm thử và đảm bảo chất lượng phần mềm','INT3117 2','103-G2','ThS.Nguyễn Thu Trang',76,5,7,9,'CL',232),(609,'Các vấn đề hiện đại của Công nghệ thông tin','INT3507 3','302-GĐ2','PGS.TS.Nguyễn Hải Châu',47,5,7,9,'CL',48),(610,'Điện tử số','ELT2041 1','211-GĐ3','TS.Nguyễn Văn Thắng',63,5,7,9,'CL',152),(611,'Cơ học môi trường liên tục','EMA2004 3','301-GĐ2','GS.TSKH.Nguyễn Đình Đức; TS.Trần Quốc Quân',56,5,7,9,'CL',100),(612,'Mô hình hóa và mô phỏng','ELT2031E 21','PM502-E5','TS.Nguyễn Hồng Thịnh',46,5,7,10,'1',41),(613,'Tiếng Anh B1','FLF1107 8','217-GĐ3','Trường ĐHNN',40,5,7,11,'CL',27),(614,'Cơ học chất lỏng thực nghiệm','EMA3104 1','P. TN Thủy khí','PGS.TS.Bùi Đình Trí',23,5,7,11,'CL',233),(615,'Thí nghiệm đo đạc môi trường biển','EMA3107 1','503-VCH','KS.Nguyễn Tiến Hùng',15,5,7,11,'CL',234),(616,'Thực tập điện tử số','ELT3103 27','210-G2','GVC.ThS.Nguyễn Vinh Quang; ThS.Chu Thị Phương Dung',19,5,7,11,'CL',118),(617,'Tiếng Anh B1','FLF1107 9','216-GĐ3','Trường ĐHNN',40,5,7,11,'CL',27),(618,'Điều khiển PLC','EMA3062 1','308-G2','TS.Đỗ Nam',23,5,7,11,'2',43),(619,'Tiếng Anh B1','FLF1107 27','104-GĐ3','Trường ĐHNN',36,5,7,11,'CL',27),(620,'Nguyên lý biến đổi năng lượng','EET2004 1','PTN Khoa Vật lý','TS.Phạm Đức Hạnh; ThS.Vũ Ngọc Linh',19,5,7,11,'1',81),(621,'Rèn nghề Công nghệ Nông nghiệp','AGT4003 2','Hòa Lạc','TS.Lê Thị Hiên; TS.Hà Thị Quyến; TS.Nguyễn Lê Khanh; TS.Trần Đăng Khoa',21,5,7,11,'CL',220),(622,'Kỹ thuật màng mỏng và công nghệ nano','EPN2025 1','PTN Khoa Vật lý','TS.Nguyễn Thị Minh Hồng',18,5,7,12,'3',150),(623,'Thực tập chuyên đề Công nghệ quang tử','EPN3029 1','PTN Khoa VLKT','TS.Nghiêm Thị Hà Liên; PGS.TS.Phạm Văn Vĩnh',13,5,7,12,'CL',235),(624,'Kỹ thuật màng mỏng và công nghệ nano','EPN2025 1','PTN Khoa Vật lý','TS.Nguyễn Thị Minh Hồng',22,5,7,12,'2',150),(625,'Thực hành Vật lý đại cương','PHY1104 5','802-805 T5 KHTN','Trường ĐHKHTN',16,5,8,11,'CL',85),(626,'Thực tập Kỹ thuật điện tử','ELT3134 3','209-G2','TS.Nguyễn Đăng Phú; KS.Đặng Văn Hiếu',17,5,8,12,'CL',86),(627,'Xác suất thống kê ứng dụng','EMA2050 1','415-VCH','TS.Nguyễn Văn Quang',30,5,9,10,'2',32),(628,'Bóng rổ 1','PES1020 10','Sân bãi ĐHNN','TT GDTC&TT',45,5,9,10,'CL',104),(629,'Tư tưởng Hồ Chí Minh','POL1001 21','3-G3','GVC.TS.Nguyễn Thị Thu Hường',51,5,9,10,'CL',135),(630,'Cấu trúc dữ liệu và giải thuật','INT2210 20','PM202-G2','ThS.Vương Thị Hải Yến',40,5,9,10,'2',2),(631,'Hình hoạ kỹ thuật và CAD','AER2006 1','PM401-E5','KS.Bành Đức Minh',28,5,9,10,'2',45),(632,'Phát triển ứng dụng Web','INT3306 1','301-G2','TS.Lê Đình Thanh',115,5,9,10,'CL',44),(633,'Lập trình hệ thống','INT3217 1','PM307-G2','KS.Đỗ Ngọc Minh',30,5,9,10,'1',38),(634,'Lập trình hướng đối tượng','INT2204 1','PM402-E5','CN.Nguyễn Vũ Bình Dương',39,5,9,10,'2',5),(635,'Thiết kế kiểu dáng công nghiệp','RBE3016 1','313-GĐ2','TS.Dương Việt Dũng',49,5,9,10,'CL',227),(636,'Phát triển ứng dụng Web','INT3306E 20','PM305-G2','ThS.Đào Minh Thư',26,5,9,10,'2',226),(637,'Phương pháp tính trong kỹ thuật','EMA2011 1','416-VCH','KS.Phạm Đình Nguyện',34,5,9,10,'3',87),(638,'Kỹ thuật mô hình-mô phỏng','EMA2035 1','504-VCH','GS.TS.Nguyễn Đình Kiên',42,5,9,10,'1',186),(639,'Phương trình vi phân và đạo hàm riêng','EMA2041 1','306-GĐ2','KS.Trần Đăng Huy',32,5,9,10,'1',23),(640,'Cơ sở dữ liệu','INT2211E 20','PM201-G2','ThS.Nguyễn Thị Cẩm Vân',40,5,9,10,'1',4),(641,'Bóng bàn','PES1030 6','Sân bãi ĐHNN','TT GDTC&TT',50,5,9,10,'CL',55),(642,'Kỹ thuật thủy khí','EMA3116E 20','106-GĐ3','PGS.TS.Đặng Thế Ba',68,5,9,10,'CL',105),(643,'Bóng chuyền 1','PES1015 10','Sân bãi ĐHNN','TT GDTC&TT',44,5,9,10,'CL',57),(644,'Cơ học kỹ thuật 1','EMA2036 3','105-GĐ3','PGS.TS.Đào Như Mai',87,5,9,10,'CL',94),(645,'Lập trình hướng đối tượng','INT2204 24','PM501-E5','CN.Nguyễn Tùng Lâm',28,5,9,10,'2',5),(646,'Cơ sở dữ liệu','INT2211 3','307-GĐ2','TS.Lê Hồng Hải',69,5,9,10,'CL',4),(647,'Trắc địa','CTE3005 3','204-GĐ3','ThS.Vũ Minh Anh',26,5,9,12,'1',18),(648,'Trắc địa','CTE3005 4','204-GĐ3','ThS.Vũ Minh Anh',26,5,9,12,'1',18),(649,'Nguyên lý hệ điều hành','INT2214 2','107-G2','TS.Nguyễn Thị Hậu',53,5,9,12,'CL',77),(650,'Hệ sinh thái nông nghiệp và nông nghiệp bền vững','AGT3013 1','210-GĐ3','TS.Phạm Châu Thùy; TS.Chu Đức Hà',51,5,10,12,'CL',236),(651,'An toàn lao động','CTE3009 2','207-GĐ3','TS.Phan Hải Đăng',60,5,10,12,'CL',231),(652,'Mô hình hóa động lực học và điều khiển Robot','RBE3011 1','303-GĐ2','TS.Phạm Duy Hưng',37,5,10,12,'CL',237),(653,'Quản lý dự án và rủi ro','CTE3047 1','206-GĐ3','TS.Nguyễn Văn Yên',59,5,10,12,'CL',229),(654,'Kiểm thử và đảm bảo chất lượng phần mềm','INT3117 21','209-GĐ3','TS.Nguyễn Văn Sơn',71,5,10,12,'CL',232),(655,'Lập trình hệ thống','INT3217 1','PM307-G2','KS.Dương Minh Ngọc',30,5,11,12,'2',38),(656,'Cơ sở công nghệ chế tạo máy','EMA2022E 21','208-GĐ3','TS.Trần Anh Quân',27,5,11,12,'3',158),(657,'Thiết kế kiểu dáng công nghiệp','RBE3016 1','PM401-E5','TS.Dương Việt Dũng',23,5,11,12,'2',227),(658,'Tư tưởng Hồ Chí Minh','POL1001 22','3-G3','GVC.TS.Nguyễn Thị Thu Hường',67,5,11,12,'CL',135),(659,'Xác suất thống kê ứng dụng','EMA2050 1','415-VCH','TS.Nguyễn Văn Quang',33,5,11,12,'3',32),(660,'Phương pháp tính trong kỹ thuật','EMA2011 2','105-GĐ3','TS.Trần Thanh Hải',87,5,11,12,'CL',87),(661,'Phương pháp tính trong kỹ thuật','EMA2011 1','416-VCH','KS.Phạm Đình Nguyện',33,5,11,12,'1',87),(662,'Lập trình hướng đối tượng','INT2204 1','PM402-E5','CN.Kiều Văn Tuyên',43,5,11,12,'3',5),(663,'Lập trình hướng đối tượng','INT2204 24','PM501-E5','CN.Nguyễn Tùng Lâm',21,5,11,12,'1',5),(664,'Lập trình hướng đối tượng','INT2204 2','PM305-G2','CN.Vũ Trọng Thanh',33,5,11,12,'1',5),(665,'SCADA','EMA3135 20','106-GĐ3','TS.Hoàng Văn Mạnh',64,5,11,12,'CL',16),(666,'Phát triển ứng dụng Web','INT3306 2','301-G2','TS.Lê Đình Thanh',119,5,11,12,'CL',44),(667,'Lý thuyết điều khiển tự động','AER3051 1','304-GĐ2','TS.Nguyễn Duy Trung',53,5,11,13,'CL',238),(668,'Giáo dục thể chất cơ bản','PES1003 7','Sân bãi ĐHNN','TT GDTC&TT',47,6,1,2,'CL',9),(669,'Xử lý ảnh và thị giác Robot','RBE3015 1','PM305-G2','KS.Đỗ Ngọc Minh',28,6,1,2,'1',182),(670,'Nguyên lý biến đổi năng lượng','EET2004 1','205-GĐ3','TS.Phạm Đức Hạnh; ThS.Vũ Ngọc Linh',53,6,1,2,'CL',81),(671,'Phương pháp tính trong kỹ thuật','EMA2011 2','503-VCH','TS.Trần Thanh Hải',30,6,1,2,'1',87),(672,'Matlab và ứng dụng','EMA2006 2','PM307-G2','ThS.Nguyễn Cao Sơn',28,6,1,2,'1',11),(673,'Cơ sở dữ liệu','INT2211 3','PM402-E5','CN.Nguyễn Hải Long',34,6,1,2,'2',4),(674,'Bóng chuyền hơi','PES1075 7','Sân bãi ĐHNN','TT GDTC&TT',42,6,1,2,'CL',7),(675,'Đồ họa máy tính','INT3403 1','PM501-E5','Khoa CNTT',27,6,1,2,'1',125),(676,'Matlab và ứng dụng','EMA2006E 20','PM401-E5','TS.Đinh Trần Hiệp',29,6,1,2,'3',213),(677,'Lập trình mạng','INT3304 1','306-GĐ2','TS.Nguyễn Ngọc Tân',49,6,1,2,'CL',164),(678,'Lý thuyết điều khiển tự động','EMA2013 1','415-VCH','ThS.Nguyễn Quang Nhã',29,6,1,2,'2',162),(679,'Tin sinh học','INT3407 1','105-GĐ3','TS.Đặng Cao Cường',84,6,1,3,'CL',239),(680,'An toàn và an ninh mạng','INT3307E 20','303-GĐ2','TS.Nguyễn Đại Thọ',47,6,1,3,'CL',209),(681,'Xác suất thống kê','MAT1101 20','102-GĐ3','TS.Hoàng Thị Điệp',83,6,1,3,'CL',196),(682,'Lập trình hệ thống','INT3217 2','309-GĐ2','ThS.Phan Hoàng Anh',65,6,1,3,'CL',38),(683,'Thiết kế nhà bê tông cốt thép','CTE3018 2','206-GĐ3','ThS.Nguyễn Thị Thanh Thúy',59,6,1,3,'CL',240),(684,'Tín hiệu và hệ thống','ELT2035 4','301-GĐ2','TS.Nguyễn Văn Thắng',49,6,1,3,'CL',13),(685,'Mô hình hóa và mô phỏng trong Vật lý','EPN2004 1','PM208-G2','TS.Nguyễn Huy Tiệp',31,6,1,3,'1',159),(686,'Cơ sở thiết kế máy','EMA2033 21','107-GĐ3','TS.Trần Thanh Tùng',85,6,1,3,'CL',83),(687,'Xử lý ngôn ngữ tự nhiên','INT3406E 20','207-GĐ3','TS.Nguyễn Văn Vinh',49,6,1,3,'CL',241),(688,'Triết học Mác - Lênin','PHI1006 10','302-GĐ2','TS.Nguyễn Thị Lan',20,6,1,3,'CL',242),(689,'Vật lý phân tử','EPN2050 1','103-G2','GS.TS.Nguyễn Năng Định',82,6,1,3,'CL',243),(690,'Linh kiện điện tử','ELT2032E 20','208-GĐ3','TS.Phạm Ngọc Thảo',60,6,1,3,'CL',244),(691,'Cơ học kỹ thuật cho Công nghệ Hàng không Vũ trụ','AER2005 1','308-GĐ2','PGS.TS.Đào Như Mai; ThS.Đỗ Huy Điệp',74,6,1,4,'CL',245),(692,'Kiếm tra và bảo dưỡng máy bay','AER3026 1','204-GĐ3','TS.Nguyễn Văn Thương',35,6,1,4,'CL',246),(693,'Trắc địa','CTE3005 4','313-GĐ2','ThS.Vũ Minh Anh',25,6,1,4,'2',18),(694,'Thông minh kinh doanh','INT3225E 20','307-GĐ2','PGS.TS.Nguyễn Trí Thành',42,6,1,4,'CL',247),(695,'Trắc địa','CTE3005 3','313-GĐ2','ThS.Vũ Minh Anh',24,6,1,4,'2',18),(696,'Vi xử lý và hệ thống nhúng','ELT3281 1','PM502-E5','KS.Dương Minh Ngọc',16,6,1,5,'2',136),(697,'Thực hành công nghiệp kỹ thuật năng lượng','EET2008 2','PTN Khoa Vật lý','PGS.TS.Phạm Văn Vĩnh; ThS.Nguyễn Thanh Tùng',19,6,1,5,'CL',248),(698,'Điều khiển PLC','EMA3062 1','308-G2','TS.Đỗ Nam',24,6,1,5,'3',43),(699,'Thực tập điện tử số','ELT3103 24','210-G2','ThS.Phạm Đình Tuân; ThS.Nguyễn Thu Hằng',22,6,1,5,'CL',118),(700,'Thực tập điện tử tương tự','ELT3102 21','209-G2','TS.Nguyễn Đăng Phú; ThS.Trần Thanh Hằng',21,6,1,5,'CL',29),(701,'Động lực học - môi trường không khí và đồ án','EMA3092 1','PM207-G2','PGS.TS.Đặng Thế Ba',23,6,1,6,'CL',249),(702,'Động lực học - môi trường không khí và đồ án','EMA3092 1','504-VCH','GS.TSKH.Dương Ngọc Hải; PGS.TS.Đặng Thế Ba',23,6,1,6,'CL',249),(703,'Nhập môn Tự động hóa','EMA2044 1','416-VCH','ThS.Nguyễn Thị Hồng Hạnh',30,6,2,3,'1',62),(704,'Ứng dụng máy tính trong đo lường và điều khiển','EMA3071E 20','310-G2','TS.Hoàng Văn Mạnh',23,6,2,5,'3',122),(705,'Cơ học kỹ thuật 1','EMA2036 4','215-GĐ3','TS.Bùi Hồng Sơn',30,6,3,4,'2',94),(706,'Phương pháp tính trong kỹ thuật','EMA2011 2','503-VCH','TS.Trần Thanh Hải',29,6,3,4,'3',87),(707,'Bóng chuyền hơi','PES1075 8','Sân bãi ĐHNN','TT GDTC&TT',41,6,3,4,'CL',7),(708,'Giáo dục thể chất cơ bản','PES1003 8','Sân bãi ĐHNN','TT GDTC&TT',49,6,3,4,'CL',9),(709,'Cơ học môi trường liên tục','EMA2004 1','214-GĐ3','TS.Nguyễn Văn Yên',30,6,3,4,'1',100),(710,'Cơ sở kỹ thuật điện','EMA2026 20','101-G2','PGS.TS.Bùi Thanh Tùng',59,6,3,4,'CL',63),(711,'Phát triển ứng dụng Web','INT3306E 20','205-GĐ3','TS.Hoàng Xuân Tùng',55,6,3,4,'CL',226),(712,'Matlab và ứng dụng','EMA2006 2','PM307-G2','ThS.Nguyễn Cao Sơn',26,6,3,4,'2',11),(713,'Đồ họa máy tính','INT3403 1','PM501-E5','Khoa CNTT',26,6,3,4,'2',125),(714,'Xử lý ảnh và thị giác Robot','RBE3015 1','PM305-G2','KS.Đỗ Ngọc Minh',26,6,3,4,'2',182),(715,'Lý thuyết dẻo','EMA3121 1','306-GĐ2','GS.TSKH.Nguyễn Đình Đức; TS.Trần Quốc Quân',20,6,3,4,'CL',250),(716,'Cơ sở dữ liệu','INT2211 1','PM402-E5','ThS.Phạm Thị Quỳnh Trang',38,6,3,4,'1',4),(717,'Matlab và ứng dụng','EMA2006E 20','PM401-E5','TS.Đinh Trần Hiệp',28,6,3,4,'4',213),(718,'Lý thuyết điều khiển tự động','EMA2013 1','415-VCH','ThS.Nguyễn Quang Nhã',30,6,3,4,'3',162),(719,'Trồng trọt đại cương','AGT2005 1','217-GĐ3','TS.Nguyễn Lê Khanh; TS.Trần Đăng Khoa',31,6,3,5,'CL',117),(720,'Cơ sở dữ liệu','INT2211E 24','PM201-G2','ThS.Nguyễn Thị Cẩm Vân',20,6,4,5,'3',4),(721,'Cơ sở dữ liệu','INT2211E 23','107-GĐ3','TS.Dư Phương Hạnh',89,6,4,5,'CL',4),(722,'Nhập môn Tự động hóa','EMA2044 1','416-VCH','ThS.Nguyễn Thị Hồng Hạnh',35,6,4,5,'2',62),(723,'Học máy','INT3405 2','309-GĐ2','TS.Tạ Việt Cường',84,6,4,6,'CL',50),(724,'Nhập môn Xử lý tín hiệu cho hệ thống đa phương tiện','ELT3094 20','213-GĐ3','TS.Đinh Triều Dương',22,6,4,6,'CL',251),(725,'MEMS sinh học và các thiết bị y-sinh','ELT3088 20','102-GĐ3','TS.Phạm Ngọc Thảo',75,6,4,6,'CL',252),(726,'Thiết kế nhà bê tông cốt thép','CTE3018 1','206-GĐ3','ThS.Nguyễn Thị Thanh Thúy',59,6,4,6,'CL',240),(727,'Nhập môn công nghệ phần mềm','INT2291 4','301-GĐ2','Khoa CNTT',49,6,4,6,'CL',72),(728,'Xác suất thống kê','MAT1101 25','208-GĐ3','TS.Hoàng Thị Điệp',49,6,4,6,'CL',196),(729,'Cơ sở thiết kế máy','EMA2033 21','104-GĐ3','TS.Trần Thanh Tùng',27,6,4,6,'1',83),(730,'Mô hình hóa và mô phỏng trong Vật lý','EPN2004 1','PM208-G2','TS.Nguyễn Huy Tiệp',33,6,4,6,'2',159),(731,'Quản trị mạng','INT3310 20','303-GĐ2','TS.Dương Lê Minh',49,6,4,6,'CL',253),(732,'Thiết kế giao diện người dùng','INT3115 1','105-GĐ3','TS.Ngô Thị Duyên',92,6,4,6,'CL',254),(733,'Thị giác máy','INT3412E 21','207-GĐ3','TS.Nguyễn Thị Ngọc Diệp',61,6,4,6,'CL',194),(734,'Phương pháp tính trong kỹ thuật','EMA2011 3','308-GĐ2','TS.Lê Đình Anh',80,6,5,6,'CL',87),(735,'Lý thuyết dẻo','EMA3121 1','306-GĐ2','TS.Trần Quốc Quân',20,6,5,6,'CL',250),(736,'Hình họa kỹ thuật và CAD','EMA2032 20','101-G2','TS.Phan Thị Trà My',59,6,5,6,'CL',34),(737,'Cơ học môi trường liên tục','EMA2004 1','215-GĐ3','TS.Nguyễn Văn Yên',30,6,5,6,'2',100),(738,'Lập trình nhúng và thời gian thực','INT3108 1','PM305-G2','TS.Nguyễn Kiêm Hùng',31,6,5,6,'CL',103),(739,'Cơ sở dữ liệu','INT2211 1','PM402-E5','ThS.Phạm Thị Quỳnh Trang',31,6,5,6,'2',4),(740,'Cơ học kỹ thuật 1','EMA2036 4','214-GĐ3','TS.Bùi Hồng Sơn',30,6,5,6,'1',94),(741,'Cấu trúc dữ liệu và giải thuật','INT2210 2','PM501-E5','CN.Nguyễn Hoàng Minh Công',29,6,5,6,'1',2),(742,'Phương pháp tính trong kỹ thuật','EMA2011 2','503-VCH','TS.Trần Thanh Hải',28,6,5,6,'2',87),(743,'Xác suất thống kê ứng dụng','EMA2050 3','313-GĐ2','TS.Nguyễn Đức Cường',30,6,7,8,'1',32),(744,'Lịch sử Đảng Cộng sản Việt Nam','HIS1001 2','3-G3','GVC.TS.Dương Thị Kim Huệ',76,6,7,8,'CL',102),(745,'Cơ học kỹ thuật 1','EMA2036 2','305-GĐ2','TS.Bùi Hồng Sơn',50,6,7,8,'CL',94),(746,'Cấu trúc dữ liệu và giải thuật','INT2210 24','PM501-E5','ThS.Ngô Xuân Trường',27,6,7,8,'2',2),(747,'Tin học vật lý','EPN2027 1','213-GĐ3','TS.Bùi Đình Tú',33,6,7,8,'1',138),(748,'Cơ sở dữ liệu','INT2211 3','PM304-G2','CN.Nguyễn Hải Long',35,6,7,8,'1',4),(749,'Hình họa kỹ thuật và CAD','EMA2032 1','304-GĐ2','ThS.Hoàng Quốc Anh',55,6,7,8,'CL',34),(750,'Thiết kế, tích hợp vệ tinh nhỏ và đồ án','EMA3103 1','503-VCH','ThS.Huỳnh Xuân Quang',20,6,7,8,'CL',255),(751,'Bóng chuyền 1','PES1015 11','Sân bãi ĐHNN','TT GDTC&TT',51,6,7,8,'CL',57),(752,'Vẽ kỹ thuật','RBE2001 1','PM307-G2','KS.Nguyễn Cảnh Thanh',30,6,7,8,'1',47),(753,'Vẽ kỹ thuật','RBE2001 1','PM208-G2','KS.Đặng Văn Hiếu',30,6,7,8,'2',47),(754,'Cơ sở dữ liệu','INT2211E 25','101-G2','TS.Lê Hồng Hải',80,6,7,8,'CL',4),(755,'Cơ sở dữ liệu','INT2211E 24','PM401-E5','ThS.Nguyễn Thị Cẩm Vân',28,6,7,8,'1',4),(756,'Bóng đá','PES1025 7','Sân bãi ĐHNN','TT GDTC&TT',50,6,7,8,'CL',3),(757,'Giáo dục thể chất cơ bản','PES1003 9','Sân bãi ĐHNN','TT GDTC&TT',36,6,7,8,'CL',9),(758,'Hình họa kỹ thuật và CAD','EMA2032 3','PM207-G2','ThS.Hồ Anh Tâm',23,6,7,8,'1',34),(759,'Quản lý dự án phần mềm','INT3111E 20','103-G2','PGS.TS.Phạm Ngọc Hùng',81,6,7,9,'CL',139),(760,'Đồ án 01: Đồ án chuyên ngành Cơ điện tử 1','EMA3143 20','106-GĐ3','PGS.TS.Phạm Mạnh Thắng; TS.Hoàng Văn Mạnh',80,6,7,9,'CL',96),(761,'Cơ sở dữ liệu phân tán','INT3206 20','206-GĐ3','GVC.ThS.Vũ Bá Duy',49,6,7,9,'CL',256),(762,'Nhiệt động lực học kỹ thuật','EMA2038 1','301-GĐ2','TS.Nguyễn Hoàng Quân',57,6,7,9,'CL',149),(763,'Công nghệ và kỹ thuật laser','EPN3031 1','310-GĐ2','PGS.TS.Phạm Hồng Minh',12,6,7,9,'CL',147),(764,'Cơ sở kỹ thuật điện','EMA2026 21','701-E3','ThS.Trần Như Chí',17,6,7,9,'3',63),(765,'Phát triển ứng dụng Internet of Things','INT3022 20','PM305-G2','TS.Nguyễn Ngọc Tân',27,6,7,9,'1',202),(766,'Xác suất thống kê','MAT1101 4','105-GĐ3','PGS.TS.Lê Sỹ Vinh',74,6,7,9,'CL',196),(767,'Kiểm thử và đảm bảo chất lượng phần mềm','INT3117 1','107-GĐ3','ThS.Nguyễn Thu Trang',90,6,7,9,'CL',232),(768,'Tín hiệu và hệ thống','ELT2035 1','203-GĐ3','TS.Trần Thị Thúy Quỳnh; TS.Lê Trần Mạnh',42,6,7,9,'CL',13),(769,'Khoa học dịch vụ','INT3501E 20','210-GĐ3','PGS.TS.Hà Quang Thụy',41,6,7,9,'CL',257),(770,'Quang điện tử','ELT3110 20','205-GĐ3','TS.Phạm Đức Quang',71,6,7,9,'CL',258),(771,'Trắc địa','CTE3005 1','302-GĐ2','ThS.Vũ Minh Anh',28,6,7,10,'1',18),(772,'Kiến trúc máy tính','INT2212 2','312-GĐ2','TS.Bùi Duy Hiếu',52,6,7,10,'CL',76),(773,'Kiến trúc máy tính','INT2212 1','207-GĐ3','PGS.TS.Trần Xuân Tú',64,6,7,10,'CL',76),(774,'Vật liệu xây dựng','CTE2011 1','217-GĐ3','TS.Nguyễn Văn Bắc',28,6,7,10,'2',121),(775,'Trắc địa','CTE3005 1','302-GĐ2','ThS.Vũ Minh Anh',28,6,7,10,'2',18),(776,'Vật liệu xây dựng','CTE2011 2','217-GĐ3','TS.Nguyễn Văn Bắc',28,6,7,10,'2',121),(777,'Kiến trúc máy tính','INT2212E 22','308-GĐ2','PGS.TS.Nguyễn Trí Thành',85,6,7,10,'CL',76),(778,'Mô hình hóa và mô phỏng','ELT2031E 20','PM402-E5','PGS.TS.Hoàng Văn Xiêm',37,6,7,10,'1',41),(779,'Kỹ thuật lạnh và điều hòa không khí','EET2010 1','PTN Khoa Vật lý','TS.Phạm Đức Hạnh; TS.Lê Việt Cường',17,6,7,11,'2',46),(780,'Công trình biển ngoài khơi, độ tin cậy và đồ án','EMA3096 1','416-VCH','PGS.TS.Đào Như Mai; GS.TS.Nguyễn Việt Khoa',19,6,7,11,'CL',259),(781,'Thực tập điện tử tương tự','ELT3102 25','209-G2','TS.Mai Linh; ThS.Trần Thanh Hằng',20,6,7,11,'CL',29),(782,'Tiếng Anh B1','FLF1107 2','104-GĐ3','Trường ĐHNN',40,6,7,11,'CL',27),(783,'Hình họa kỹ thuật và CAD','EMA2032 20','PM305-G2','TS.Phan Thị Trà My',30,6,8,9,'2',34),(784,'Động lực học sông và đồ án','EMA3091 1','415-VCH','PGS.TS.Trần Thu Hà',23,6,8,11,'CL',260),(785,'Thực tập điện tử số','ELT3103 22','210-G2','TS.Phạm Ngọc Thảo; ThS.Đặng Anh Việt',21,6,8,12,'CL',118),(786,'Bóng chuyền 1','PES1015 12','Sân bãi ĐHNN','TT GDTC&TT',50,6,9,10,'CL',57),(787,'Lịch sử Đảng Cộng sản Việt Nam','HIS1001 3','3-G3','GVC.TS.Dương Thị Kim Huệ',40,6,9,10,'CL',102),(788,'Tin học vật lý','EPN2027 1','213-GĐ3','TS.Bùi Đình Tú',26,6,9,10,'2',138),(789,'Cơ sở dữ liệu','INT2211E 24','PM401-E5','ThS.Nguyễn Thị Cẩm Vân',20,6,9,10,'2',4),(790,'Giáo dục thể chất cơ bản','PES1003 10','Sân bãi ĐHNN','TT GDTC&TT',33,6,9,10,'CL',9),(791,'Cấu trúc dữ liệu và giải thuật','INT2210 5','PM307-G2','CN.Nguyễn Hải Long',24,6,9,10,'1',2),(792,'Kỹ thuật đo lường và cảm biến','EMA2024E 20','301-G2','TS.Đinh Trần Hiệp',158,6,9,10,'CL',36),(793,'Hình họa kỹ thuật và CAD','EMA2032 3','PM207-G2','ThS.Hồ Anh Tâm',24,6,9,10,'2',34),(794,'Cơ học kỹ thuật 1','EMA2036 1','304-GĐ2','TS.Bùi Hồng Sơn',48,6,9,10,'CL',94),(795,'Bóng đá','PES1025 8','Sân bãi ĐHNN','TT GDTC&TT',51,6,9,10,'CL',3),(796,'Cấu trúc dữ liệu và giải thuật','INT2210 6','PM208-G2','CN.Nguyễn Huy Sơn',31,6,9,10,'2',2),(797,'Xác suất thống kê ứng dụng','EMA2050 3','313-GĐ2','TS.Nguyễn Đức Cường',30,6,9,10,'2',32),(798,'Cấu trúc dữ liệu và giải thuật','INT2210 24','PM501-E5','ThS.Ngô Xuân Trường',12,6,9,10,'3',2),(799,'Hình họa kỹ thuật và CAD','EMA2032 2','305-GĐ2','ThS.Hoàng Quốc Anh',55,6,9,10,'CL',34),(800,'Xác suất thống kê','MAT1101 24','101-G2','TS.Đặng Cao Cường',73,6,9,11,'CL',196),(801,'Cảm biến và cơ cấu chấp hành','EMA3017 1','504-VCH','ThS.Trương Xuân Hùng',64,6,9,11,'CL',261),(802,'Xác suất thống kê','MAT1101 5','307-GĐ2','TS.Nghiêm Nguyễn Việt Dũng',66,6,9,11,'CL',196),(803,'Thiết kế, tích hợp vệ tinh nhỏ và đồ án','EMA3103 1','503-VCH','ThS.Tô Vũ Thanh',20,6,9,12,'CL',255),(804,'Công nghệ gia công phi truyền thống và tạo mẫu nhanh','EMA3006E 20','215-GĐ3','TS.Trần Ngọc Hưng',45,6,9,12,'CL',262),(805,'Ứng dụng máy tính trong đo lường và điều khiển','EMA3071E 20','106-GĐ3','TS.Hoàng Văn Mạnh',82,6,10,11,'CL',122),(806,'Cấu trúc dữ liệu và giải thuật','INT2210 23','105-GĐ3','TS.Lê Quang Hiếu',87,6,10,11,'CL',2),(807,'Kỹ thuật Anten','ELT3189 20','205-GĐ3','TS.Trần Cao Quyền',33,6,10,12,'CL',263),(808,'Quản trị sản xuất và logistics trong nông nghiệp','AGT2012 1','310-GĐ2','TS.Nguyễn Lê Khanh; ThS.Đỗ Mạnh Hùng; ThS.Nguyễn Thị Hồng Việt',33,6,10,12,'CL',264),(809,'Phát triển ứng dụng Internet of Things','INT3022 20','PM305-G2','TS.Nguyễn Ngọc Tân',26,6,10,12,'2',202),(810,'Seminar khoa học','AIT3005* 1','301-GĐ2','PGS.TS.Nguyễn Phương Thái',31,6,10,12,'CL',265),(811,'Xác suất thống kê','MAT1101 3','107-GĐ3','TS.Hoàng Thị Điệp',85,6,10,12,'CL',196),(812,'Các hệ thống thương mại điện tử','INT3506E 20','210-GĐ3','PGS.TS.Trần Trọng Hiếu',49,6,10,12,'CL',266),(813,'Phân tích và thiết kế hướng đối tượng','INT3110E 20','206-GĐ3','TS.Đặng Đức Hạnh',56,6,10,12,'CL',40),(814,'Cấu trúc dữ liệu và giải thuật','INT2210 5','PM208-G2','CN.Nguyễn Hải Long',33,6,11,12,'2',2),(815,'Cơ sở công nghệ chế tạo máy','EMA2022E 20','216-GĐ3','TS.Trần Anh Quân',36,6,11,12,'2',158),(816,'Hình họa kỹ thuật và CAD','EMA2032 4','PM401-E5','ThS.Hồ Anh Tâm',30,6,11,12,'2',34),(817,'Xác suất thống kê ứng dụng','EMA2050 3','313-GĐ2','TS.Nguyễn Đức Cường',28,6,11,12,'3',32),(818,'Lý thuyết điều khiển tự động','EMA2013 1','302-GĐ2','TS.Trần Cường Hưng',30,6,11,12,'1',162),(819,'Cấu trúc dữ liệu và giải thuật','INT2210 6','PM307-G2','CN.Nguyễn Huy Sơn',30,6,11,12,'1',2),(820,'Cấu trúc dữ liệu và giải thuật','INT2210 24','PM501-E5','ThS.Ngô Xuân Trường',19,6,11,12,'1',2),(821,'Lịch sử Đảng Cộng sản Việt Nam','HIS1001 5','3-G3','GVC.TS.Dương Thị Kim Huệ',94,6,11,12,'CL',102),(822,'Hệ thống vi xử lý','ELT3048E 20','PM207-G2','ThS.Phạm Xuân Lộc',21,6,11,12,'1',95),(823,'Matlab và ứng dụng','EMA2006E 20','301-G2','TS.Đinh Trần Hiệp',111,6,11,12,'CL',213),(824,'Máy CNC và CAD/CAM','EMA2040 1','Xưởng cơ khí','ThS.Bùi Huy Hoàng',23,7,1,2,'1',137),(825,'Mô hình hóa và mô phỏng','ELT2031E 20','103-G2','PGS.TS.Hoàng Văn Xiêm; TS.Nguyễn Hồng Thịnh',70,7,1,2,'CL',41),(826,'Pháp luật và đạo đức nghề nghiệp trong CNTT','INT3514 20','105-GĐ3','TS.Nguyễn Thành Luân',67,7,1,2,'CL',267),(827,'Cơ sở dữ liệu','INT2211 4','PM201-G2','ThS.Nguyễn Quang Minh',39,7,1,2,'3',4),(828,'Tâm lý học đại cương','PSY1050 20','307-GĐ2','TS.Đặng Thị Lan',34,7,1,2,'CL',268),(829,'Lập trình hướng đối tượng','INT2204 22','PM307-G2','ThS.Trần Mạnh Cường',27,7,1,2,'2',5),(830,'Lịch sử Đảng Cộng sản Việt Nam','HIS1001 20','301-G2','GVC.TS.Nguyễn Thị Thu Hường',104,7,1,2,'CL',102),(831,'Cơ sở hệ thống máy tính','AIT2002 1','PM402-E5','ThS.Vũ Quang Dũng',40,7,1,2,'1',101),(832,'Kỹ năng khởi nghiệp','UET1002 21','102-GĐ3','TS.Đàm Quang Thắng',57,7,1,2,'CL',189),(833,'Cơ học trong kỹ thuật xây dựng','CTE2017 1','304-GĐ2','KS.Phạm Đình Nguyện',28,7,1,2,'1',1),(834,'Cấu trúc dữ liệu và giải thuật','INT2210 27','PM305-G2','ThS.Nguyễn Thị Thu Trang A',29,7,1,2,'1',2),(835,'Xác suất thống kê','MAT1101 6','308-GĐ2','PGS.TS.Trần Văn Quảng',78,7,1,3,'CL',196),(836,'SCADA','EMA3135 21','310-G2','ThS.Nguyễn Quang Nhã',21,7,1,3,'1',16),(837,'Các hệ thống thương mại điện tử','INT3506 1','309-GĐ2','TS.Bùi Quang Hưng',83,7,1,3,'CL',266),(838,'Chuẩn kỹ năng của CNTT','INT3510 1','306-GĐ2','TS.Dương Lê Minh',41,7,1,3,'CL',270),(839,'Xác suất thống kê','MAT1101 23','107-GĐ3','TS.Đặng Cao Cường',50,7,1,3,'CL',196),(840,'Kỹ thuật điều khiển','ELT3051 1','301-GĐ2','TS.Nguyễn Thị Thanh Vân',58,7,1,3,'CL',108),(841,'Quản lý dự án phần mềm','INT3111 1','106-GĐ3','TS.Trần Hoàng Việt',79,7,1,3,'CL',139),(842,'Thủy văn','CTE3002 2','205-GĐ3','TS.Dương Tuấn Mạnh',54,7,1,3,'CL',211),(843,'Trí tuệ nhân tạo','INT3401 20','206-GĐ3','TS.Đỗ Đức Đông',68,7,1,3,'CL',68),(844,'Cơ sở kỹ thuật điện','EMA2026 1','701-E3','ThS.Nguyễn Thu Hằng; ThS.Nguyễn Như Cường',23,7,1,3,'1',63),(845,'Xử lý ngôn ngữ tự nhiên','INT3406E 21','207-GĐ3','TS.Đặng Trần Bình',47,7,1,3,'CL',241),(846,'Nhập môn an toàn thông tin','INT3213 1','107-G2','GVC.TS.Lê Phê Đô',81,7,1,3,'CL',272),(847,'Động lực học bay và điều khiển','AER3023 1','204-GĐ3','TS.Trần Thế Hùng; ThS.Lê Vũ Đan Thanh',36,7,1,4,'CL',273),(848,'Vi xử lý và vi điều khiển','EMA3084 1','308-G2','TS.Seung Chul Jung',23,7,1,5,'1',80),(849,'Dự án công nghệ','INT3132 1','Khoa CNTT','TS.Lê Đức Trọng',45,7,1,5,'CL',274),(850,'Vi xử lý và hệ thống nhúng','ELT3281 1','PM401-E5','KS.Phạm Quang Hùng',28,7,1,5,'1',136),(851,'Quản trị mạng máy tính','ELT3206 1','202-G2','TS.Bùi Trung Ninh',21,7,1,5,'1',99),(852,'Công nghệ sinh học đại cương','AGT2011 1','404-406-E5','TS.Hà Thị Quyến',17,7,1,5,'1',198),(853,'Công nghệ sinh học đại cương','AGT2011 1','404-406-E5','TS.Trần Đăng Khoa',16,7,1,5,'2',198),(854,'Thực hành công nghiệp kỹ thuật năng lượng','EET2008 3','PTN Khoa Vật lý','TS.Lê Việt Cường; ThS.Nguyễn Thanh Tùng',14,7,1,5,'CL',248),(855,'Thực hành hệ điều hành mạng','INT3301 20','PM304-G2','TS.Lê Thị Hợi',50,7,1,5,'CL',275),(856,'Tiếng Anh B1','FLF1107 20','215-GĐ3','Trường ĐHNN',32,7,1,5,'CL',27),(857,'Hệ thống kiểm định chất lượng nông sản, thực phẩm','AGT3017 1','Viện KN ATVSTP','TS.Vũ Thị Huyền',16,7,1,5,'1',116),(858,'Các vấn đề hiện đại của kỹ thuật máy tính','ELT3241 1','302-GĐ2','TS.Hoàng Gia Hưng; PGS.TS.Bùi Thanh Tùng; TS.Phạm Mạnh Hùng',56,7,2,3,'CL',276),(859,'Khoa học quản lý đại cương','MNS1052 1','211-GĐ3','TS.Tạ Thị Bích Ngọc',60,7,2,3,'CL',277),(860,'Mô hình hóa và tối ưu hóa cho học máy','AIT2001 1','104-GĐ3','TS.Hoàng Thanh Tùng',31,7,2,5,'CL',278),(861,'Máy CNC và CAD/CAM','EMA2040 1','Xưởng cơ khí','ThS.Bùi Huy Hoàng',22,7,3,4,'2',137),(862,'Lịch sử Đảng Cộng sản Việt Nam','HIS1001 21','301-G2','GVC.TS.Nguyễn Thị Thu Hường',104,7,3,4,'CL',102),(863,'Tâm lý học đại cương','PSY1050 21','307-GĐ2','TS.Đặng Thị Lan',9,7,3,4,'CL',268),(864,'Cấu trúc dữ liệu và giải thuật','INT2210 27','PM305-G2','ThS.Nguyễn Thị Thu Trang A',27,7,3,4,'2',2),(865,'Cơ sở hệ thống máy tính','AIT2002 1','PM402-E5','ThS.Vũ Quang Dũng',40,7,3,4,'2',101),(866,'Kỹ năng khởi nghiệp','UET1002 22','102-GĐ3','TS.Đàm Quang Thắng',60,7,3,4,'CL',189),(867,'Cơ sở dữ liệu','INT2211 4','PM201-G2','ThS.Nguyễn Quang Minh',40,7,3,4,'1',4),(868,'Lập trình hướng đối tượng','INT2204 22','PM307-G2','ThS.Trần Mạnh Cường',29,7,3,4,'1',5),(869,'Pháp luật và đạo đức nghề nghiệp trong CNTT','INT3514 1','105-GĐ3','TS.Nguyễn Thành Luân',58,7,3,4,'CL',267),(870,'Cơ học trong kỹ thuật xây dựng','CTE2017 1','304-GĐ2','KS.Phạm Đình Nguyện',26,7,3,4,'2',1),(871,'Cơ sở công nghệ chế tạo máy','EMA2022E 20','103-G2','TS.Trần Anh Quân',74,7,3,4,'CL',158),(872,'Tín hiệu và hệ thống','ELT2035 2','303-GĐ2','PGS.TS.Hoàng Văn Xiêm; TS.Nguyễn Hồng Thịnh',60,7,3,5,'CL',13),(873,'Các vấn đề hiện đại của kỹ thuật máy tính','ELT3241 2','302-GĐ2','TS.Hoàng Gia Hưng; PGS.TS.Bùi Thanh Tùng; TS.Phạm Mạnh Hùng',56,7,4,5,'CL',276),(874,'Khoa học quản lý đại cương','MNS1052 2','211-GĐ3','TS.Tạ Thị Bích Ngọc',57,7,4,5,'CL',277),(875,'Kỹ thuật mô hình-mô phỏng','EMA2035 1','301-GĐ2','TS.Vương Thị Mỹ Hạnh',38,7,4,5,'2',186),(876,'Lập trình hướng đối tượng','INT2204 23','106-GĐ3','TS.Trần Hoàng Việt',83,7,4,5,'CL',5),(877,'Kiến trúc phần mềm','INT3105 20','206-GĐ3','TS.Võ Đình Hiếu',66,7,4,6,'CL',279),(878,'Vật liệu xây dựng','CTE2011 1','205-GĐ3','GS.TSKH.Nguyễn Đình Đức; TS.Nguyễn Văn Bắc',55,7,4,6,'CL',121),(879,'Lý thuyết thông tin','INT2044E 21','107-G2','PGS.TS.Nguyễn Phương Thái',66,7,4,6,'CL',65),(880,'Hệ thống logic mờ','ELT3111 20','308-GĐ2','TS.Nguyễn Thị Thanh Vân',81,7,4,6,'CL',280),(881,'Cơ sở kỹ thuật điện','EMA2026 1','701-E3','ThS.Nguyễn Thu Hằng; ThS.Nguyễn Như Cường',22,7,4,6,'2',63),(882,'Vật lý lượng tử','EPN2015 1','107-GĐ3','GS.TS.Hoàng Nam Nhật',87,7,4,6,'CL',281),(883,'Kho dữ liệu','INT3207 1','309-GĐ2','TS.Bùi Quang Hưng',83,7,4,6,'CL',64),(884,'Cơ sở dữ liệu','INT2211 4','PM201-G2','ThS.Nguyễn Quang Minh',39,7,5,6,'2',4),(885,'Tư tưởng Hồ Chí Minh','POL1001 23','3-G3','GVC.TS.Nguyễn Thị Thu Hường',60,7,5,6,'CL',135),(886,'Cơ sở hệ thống máy tính','AIT2002 1','PM402-E5','ThS.Vũ Quang Dũng',28,7,5,6,'3',101),(887,'Máy CNC và CAD/CAM','EMA2040 1','Xưởng cơ khí','ThS.Bùi Huy Hoàng',20,7,5,6,'3',137),(888,'Cơ học vật liệu Composite','EMA3117 1','203-GĐ3','ThS.Vũ Minh Anh',20,7,5,6,'CL',154),(889,'Kỹ năng khởi nghiệp','UET1002 23','102-GĐ3','TS.Đàm Quang Thắng',51,7,5,6,'CL',189),(890,'Pháp luật và đạo đức nghề nghiệp trong CNTT','INT3514 2','105-GĐ3','TS.Nguyễn Thành Luân',66,7,5,6,'CL',267),(891,'Hình họa kỹ thuật và CAD','EMA2032 2','PM305-G2','ThS.Hoàng Quốc Anh',28,7,7,8,'1',34),(892,'Cơ sở công nghệ chế tạo máy','EMA2022E 21','105-GĐ3','TS.Trần Anh Quân',29,7,7,8,'1',158),(893,'Thiết bị, máy trong xấy dựng - giao thông','CTE3008 1','210-GĐ3','TS.Lê Văn Tuân',48,7,7,9,'CL',282),(894,'Các vấn đề hiện đại trong công nghệ sinh học nông nghiệp','AGT3024 1','303-GĐ2','GS.TS.Lê Huy Hàm; TS.Chu Đức Hà',25,7,7,9,'CL',283),(895,'Kiểm thử và đảm bảo chất lượng phần mềm','INT3117 20','207-GĐ3','TS.Nguyễn Văn Sơn',62,7,7,9,'CL',232),(896,'Trí tuệ nhân tạo','INT3401 21','106-GĐ3','TS.Đỗ Đức Đông',65,7,7,9,'CL',68),(897,'Quang phi tuyến','EPN3016 1','214-GĐ3','PGS.TS.Ngô Quang Minh; PGS.TS.Nguyễn Đình Lãm',13,7,7,9,'CL',284),(898,'Mô hình hóa và tối ưu hóa cho học máy','AIT2001 1','104-GĐ3','TS.Hoàng Thanh Tùng',31,7,7,10,'CL',278),(899,'Nguyên lý Định vị và dẫn đường Thiết bị hàng không','AER3035 1','204-GĐ3','TS.Vũ Nghĩa Bắc',33,7,7,10,'CL',285),(900,'Điều khiển PLC','EMA3062 1','308-G2','TS.Seung Chul Jung',21,7,7,11,'1',43),(901,'Hệ thống kiểm định chất lượng nông sản, thực phẩm','AGT3017 1','Viện KN ATVSTP','PGS.TS.Lê Thị Hồng Hảo',16,7,7,11,'3',116),(902,'Tiếng Anh B1','FLF1107 24','213-GĐ3','Trường ĐHNN',34,7,7,11,'CL',27),(903,'Đồ án 2: Thiết kế và xây dựng Robot 2','RBE3022 1','Khoa ĐTVT','Khoa Điện tử Viễn thông',54,7,7,11,'CL',286),(904,'Thực hành hệ điều hành mạng','INT3301 21','PM402-E5','TS.Lê Thị Hợi',45,7,7,11,'CL',275),(905,'Tiếng Anh B1','FLF1107 1','217-GĐ3','Trường ĐHNN',39,7,7,11,'CL',27),(906,'Thực hành công nghiệp kỹ thuật năng lượng','EET2008 1','PTN Khoa Vật lý','ThS.Vũ Ngọc Linh',18,7,7,11,'CL',248),(907,'Tiếng Anh B1','FLF1107 30','216-GĐ3','Trường ĐHNN',34,7,7,11,'CL',27),(908,'Quản trị mạng máy tính','ELT3206 1','202-G2','TS.Bùi Trung Ninh',22,7,7,11,'2',99),(909,'Hóa phân tích ứng dụng trong nông nghiệp','AGT2004 1','404-406-E5','TS.Lê Thị Hiên; TS.Vũ Thị Huyền',18,7,7,11,'1',155),(910,'Thực hành hệ điều hành mạng','INT3301 1','PM304-G2','ThS.Ngô Lê Minh',53,7,7,11,'CL',275),(911,'Hóa phân tích ứng dụng trong nông nghiệp','AGT2004 1','404-406-E5','TS.Lê Thị Hiên; TS.Vũ Thị Huyền',15,7,7,11,'2',155),(912,'Thực tập chuyên đề Công nghệ nano','EPN3030 2','PTN Khoa VLKT','TS.Nguyễn Tuấn Cảnh; TS.Vũ Thị Thao; ThS.Nguyễn Đăng Cơ',16,7,7,12,'CL',120),(913,'Thực tập chuyên đề','ELT3086 25','705-E3','TS.Phạm Đức Quang; ThS.Phạm Đình Tuân',21,7,7,12,'CL',30),(914,'Tin sinh học','INT3407E 20','205-GĐ3','TS.Đặng Cao Cường',57,7,8,10,'CL',287),(915,'Thực tập điện tử tương tự','ELT3102 27','209-G2','TS.Nguyễn Đăng Phú; ThS.Phạm Xuân Lộc',19,7,8,12,'CL',29),(916,'Lập trình và ghép nối máy tính','ELT3104 20','701-E3','ThS.Trần Thanh Hằng',28,7,8,12,'2',228),(917,'Thực tập điện tử số','ELT3103 23','210-G2','TS.Phạm Ngọc Thảo; ThS.Nguyễn Văn Cương',23,7,8,12,'CL',118),(918,'Hình họa kỹ thuật và CAD','EMA2032 2','PM305-G2','ThS.Hoàng Quốc Anh',27,7,9,10,'2',34),(919,'Cơ sở công nghệ chế tạo máy','EMA2022E 21','105-GĐ3','TS.Trần Anh Quân',83,7,9,10,'CL',158),(920,'Thiết bị, máy trong xấy dựng - giao thông','CTE3008 2','210-GĐ3','TS.Lê Văn Tuân',51,7,10,12,'CL',282),(921,'Cơ sở công nghệ chế tạo máy','EMA2022E 21','105-GĐ3','TS.Trần Anh Quân',27,7,11,12,'2',158),(922,'Dự án khoa học','INT3131 20','Khoa CNTT','TS.Lê Đức Trọng',112,8,1,5,'CL',288),(923,'Thực tập xưởng','EMA4002 20','Khoa CHKT&TĐH','Khoa CHKT&TĐH',120,8,1,5,'CL',289),(924,'Thực tập tốt nghiệp định hướng Kỹ thuật Điều khiển và Tự động hóa','EMA4006 1','Khoa CHKT&TĐH','Khoa CHKT&TĐH',57,8,1,5,'CL',290),(925,'Thực tập tốt nghiệp','AER4002 1','Viện HKVT','TS.Dương Việt Dũng',47,8,1,5,'CL',291),(926,'Dự án công nghệ','INT3132 20','Khoa CNTT','TS.Lê Đức Trọng',107,8,7,11,'CL',274);
-- /*!40000 ALTER TABLE `Classes` ENABLE KEYS */;
-- UNLOCK TABLES;

--
-- Table structure for table `Comments`
--

DROP TABLE IF EXISTS `Comments`;
/*!40101 SET @saved_cs_client     = @@character_set_client */;
/*!50503 SET character_set_client = utf8mb4 */;
CREATE TABLE `Comments` (
  `Id` int NOT NULL AUTO_INCREMENT,
  `PageType` char(1) DEFAULT 'C',
  `createdAt` datetime DEFAULT NULL,
  `Like` int NOT NULL DEFAULT '0',
  `Content` text NOT NULL,
  `UserId` int NOT NULL,
  `PreCommentId` int DEFAULT NULL,
  `ParentId` int DEFAULT NULL,
  `PageId` int DEFAULT NULL,
  PRIMARY KEY (`Id`),
  KEY `Id` (`Id`,`PageType`),
  KEY `UserId` (`UserId`),
  KEY `ParentId` (`ParentId`),
  KEY `PreCommentId` (`PreCommentId`),
  CONSTRAINT `Comments_ibfk_2` FOREIGN KEY (`UserId`) REFERENCES `Users` (`Id`),
  CONSTRAINT `Comments_ibfk_5` FOREIGN KEY (`Id`, `PageType`) REFERENCES `Pages` (`PageId`, `PageType`) ON DELETE CASCADE,
  CONSTRAINT `Comments_chk_1` CHECK ((`PageType` = _utf8mb4'C'))
) ENGINE=InnoDB DEFAULT CHARSET=utf8mb4 COLLATE=utf8mb4_general_ci;
/*!40101 SET character_set_client = @saved_cs_client */;

--
-- Dumping data for table `Comments`
--

-- LOCK TABLES `Comments` WRITE;
-- /*!40000 ALTER TABLE `Comments` DISABLE KEYS */;
-- INSERT INTO `Comments` VALUES (317,'C','2023-12-13 13:00:42',0,'Ừ Otaku tụi tao thế đấy rồi sao :))) trẻ trâu dell có quyền làm người đấy rồi sao :))) nói ra mấy cái câu chỉ trích người khác rằng họ họ là súc vật thì tụi mày cũng vậy thôi :))) không hiểu anime vì tụi mày chưa coi những bộ ý nghĩa nên tụi mày không biết lí do tụi tao thích :)) nói thiệt tuy cũng thích tự nhận là Otaku thế đấy nhưng tao dell nhận thằng này làm đồng loại nhé :)) dell phải cứ một thằng tự nhận là Otaku não bò thì cứ vơ cả những người khác cũng vậy :))) đâu phải đứa nào nghiện Anime cũng trẻ trâu họ xem đơn giản không phải để lấy cái danh đâu Anime cũng truyền tải nhiều thứ rất ý nghĩa :))) chúng mày nếu vẫn cứ ghét Otaku bọn tao thì tùy dell thích nói chuyện với lũ rảnh lz ngồi chê bai người khác :))))',32,0,0,NULL),(318,'C','2023-12-13 11:59:55',0,'Mấy thằng ranh con trong đây đừng có nghĩ tao hay đùa trên cái mạng ảo này mà nghĩ ngoà bộ anime và từ việc xem anime mỗi ngày tao ã giác ngộ được mọi triết lý trên đời và quyết tâm bảo vệ nền hòa bình thế giới. Vì lẽ đó nên tao đã tập tành như Saitama, mỗi ngày 1000 cái hít đất, 1000 cái gập bụng, 1000 cái bật nhảy và chạy 100km (gấp mười lần idol của tao). Và chưa đầy nửa năm tao đã luyện thành mình đồng da sắt, chỉ cần thằng nào đụng đến tao thì một cái búng tay cũng đủ để nó bay ra ngoài vũ trụ với vận tốc gấp 10 lần tốc độ ánh sáng. Nếu thằng nào trong này cả gan chửi tao thì nên biết tao là ai trước đi, đề phòng chết khi nào không hay đấy.',13,0,317,NULL),(327,'C','2023-12-15 14:23:48',0,'DM',16,0,0,NULL),(329,'C','2023-12-15 14:45:04',0,'kl;l;l;kl;\n\n\n\n\n',32,0,0,NULL),(330,'C','2023-12-15 14:45:25',0,'kl;l;l;kl;\n\n\n\n\n',32,0,0,NULL),(332,'C','2023-12-15 15:22:09',0,'Reply INT2211E',13,0,0,NULL),(333,'C','2023-12-16 11:35:39',0,'Hello',32,0,0,NULL),(334,'C','2023-12-16 11:50:20',0,'@Bùi Tuấn Dũng :)))',32,0,0,NULL),(335,'C','2023-12-16 11:51:53',0,'@Bùi Tuấn Dũng Haha',32,0,0,NULL),(336,'C','2023-12-16 11:52:25',0,'@Phạm Gia Việt Anh hahahaha',32,0,0,NULL),(337,'C','2023-12-16 11:52:46',0,'@Hoàng Minh Thái hahahahahhaha',32,0,0,NULL),(338,'C','2023-12-16 11:53:40',0,'@Bùi Tuấn Dũng ',32,0,0,NULL),(339,'C','2023-12-16 11:53:58',0,'@Hoàng Minh Thái ',32,0,0,NULL),(340,'C','2023-12-16 11:56:38',0,'@Hoàng Minh Thái ',32,0,331,NULL),(342,'C','2023-12-18 14:24:40',0,'@Hoàng Minh Thái ?',32,0,328,NULL),(344,'C','2023-12-28 12:19:13',0,'@Bùi Tuấn Dũng Cảm ơn nhé ',32,0,317,NULL),(345,'C','2023-12-28 12:19:36',0,'@Hoàng Văn Huy không có gì',32,0,326,NULL),(346,'C','2023-12-28 12:20:26',0,'@Bùi Tuấn Dũng ??',32,0,329,NULL),(347,'C','2023-12-12 12:20:26',0,'asdasdas',32,NULL,NULL,NULL),(348,'C','2023-12-28 20:42:43',0,'@Dủng Thực ra mình nghĩ ở đây nó không đúng cho lắm nhỉ :))',32,0,317,NULL),(349,'C','2023-12-28 20:43:55',0,'@Dủng OK Thanks',32,0,317,NULL),(350,'C','2023-12-28 21:22:49',0,':)) nói thiệt tuy cũng thích tự nhận là Otaku thế đấy nhưng tao dell nhận thằng này làm đồng loại nhé :)) dell phải cứ một thằng tự nhận là Otaku ',32,0,0,NULL),(351,'C','2023-12-28 21:23:13',0,':)) nói thiệt tuy cũng thích tự nhận là Otaku thế đấy nhưng tao dell nhận thằng này làm đồng loại nhé :)) dell phải cứ một thằng tự nhận là Otaku ',32,0,0,NULL),(364,'C','2023-12-28 21:59:30',0,'@Dủng Bổ sung cho comment phía trên :)',32,0,350,NULL),(365,'C','2023-12-28 22:01:07',0,'Comment test',32,0,0,NULL),(366,'C','2023-12-28 22:01:23',0,'Comment test',32,0,0,NULL),(367,'C','2023-12-28 22:01:40',0,'Comment test',32,0,0,NULL),(368,'C','2023-12-28 22:03:02',0,'Comment test',32,0,0,NULL),(369,'C','2023-12-28 22:04:11',0,'Đây là lần thứ 10 test trong ngày :)',32,0,0,NULL),(370,'C','2023-12-28 23:36:48',0,'Xin chào các bạn :))',32,0,0,NULL),(371,'C','2023-12-28 23:41:34',0,'Comment',38,0,0,NULL),(372,'C','2023-12-28 23:47:55',0,'....?',38,0,0,NULL),(373,'C','2023-12-28 23:48:34',0,'Ow :))',38,0,0,NULL),(374,'C','2023-12-28 23:52:51',0,'What fuck ttt',38,0,0,NULL),(375,'C','2023-12-28 23:55:35',0,'Xin cha:D)',38,0,0,NULL),(376,'C','2023-12-28 23:57:38',0,'ABC123',38,0,0,NULL),(377,'C','2023-12-28 23:57:53',0,':))?',38,0,0,NULL),(378,'C','2023-12-28 23:59:33',0,':))',38,0,0,NULL),(379,'C','2023-12-29 00:00:05',0,':))',38,0,0,NULL),(380,'C','2023-12-29 00:02:40',0,':)))))',38,0,0,NULL),(381,'C','2023-12-29 00:04:48',0,':)))',32,0,0,NULL),(382,'C','2023-12-29 00:05:13',0,':)))',32,0,0,NULL),(383,'C','2023-12-29 00:05:42',0,':))?',32,0,0,NULL),(384,'C','2023-12-29 00:07:10',0,':))',32,0,0,NULL),(385,'C','2023-12-29 00:09:08',0,':)',32,0,0,NULL),(386,'C','2023-12-29 00:10:09',0,':))',32,0,0,NULL),(387,'C','2023-12-29 00:10:24',0,':))',32,0,0,NULL),(388,'C','2023-12-29 00:13:18',0,'@Dủng asdasd',32,0,385,NULL),(389,'C','2023-12-29 00:13:30',0,':))',32,0,0,NULL),(390,'C','2023-12-29 00:15:28',0,':))))))))))))))))))))))))))))))))))',32,0,0,NULL),(391,'C','2023-12-29 00:18:34',0,':)))',32,0,0,NULL),(392,'C','2023-12-29 00:23:53',0,':)?',32,0,0,NULL),(393,'C','2023-12-29 00:53:47',0,':)))))',32,0,0,NULL),(394,'C','2023-12-29 00:59:04',0,':))',32,0,0,NULL),(397,'C','2023-12-29 01:39:07',0,'Đây là một bình luận.',32,0,0,NULL),(398,'C','2023-12-29 04:23:17',0,'Bình luận',38,0,0,NULL),(399,'C','2023-12-29 04:26:42',0,'abc123',38,0,0,NULL),(400,'C','2023-12-29 04:26:52',0,'uae',38,0,0,NULL),(401,'C','2023-12-29 04:32:14',0,'Thực ra đây là một comment!',38,0,0,NULL),(402,'C','2023-12-29 04:33:09',0,'@Hoàng Minh Thái Tự rep chính mình',38,0,401,NULL),(404,'C','2023-12-29 04:34:15',0,'HHahahahhahha',38,0,0,NULL),(405,'C','2023-12-29 05:15:46',0,'hehehehehe',32,0,0,NULL),(406,'C','2023-12-29 05:24:48',0,'Hahahhahahhaha',32,0,0,NULL),(407,'C','2023-12-29 05:25:02',0,'Bình luận cho môn SubjectId = 2',32,0,0,NULL),(408,'C','2023-12-29 05:38:33',0,'This is a comment for subject3',32,0,0,NULL),(409,'C','2023-12-29 05:38:52',0,'Hehehhehehehhehehehe',32,0,0,NULL),(410,'C','2023-12-29 05:39:05',0,'Hahahhahdahsdhashdhashd',32,0,0,NULL),(411,'C','2023-12-29 05:39:45',0,'Môn bóng đá ?',32,0,0,NULL),(413,'C','2023-12-29 05:44:36',0,'@Dủng Reply comment \"Môn bóng đá\"?',32,0,411,NULL),(414,'C','2023-12-29 08:51:53',0,'Hahahaha',16,0,0,NULL),(417,'C','2023-12-29 12:43:15',0,':))',32,0,0,NULL),(418,'C','2023-12-29 12:45:29',0,'@Mikasa Hackerman :)) :())))',32,0,417,NULL),(420,'C','2023-12-29 13:15:10',0,'@Mikasa Hackerman :)) HAhahaha',32,0,418,NULL),(421,'C','2023-12-29 13:15:19',0,'Hahahaha',32,0,0,NULL),(423,'C','2023-12-29 13:24:43',0,'ABcbabscasc',32,0,0,NULL),(424,'C','2023-12-29 13:33:18',0,'helloo',32,0,0,NULL),(425,'C','2023-12-29 13:33:37',0,'Hahaha',32,0,0,NULL),(426,'C','2023-12-29 13:33:50',0,'???',32,0,0,NULL),(427,'C','2023-12-29 13:34:01',0,'P',32,0,0,NULL),(428,'C','2023-12-29 13:34:13',0,'@Mikasa Hackerman :)) :))',32,0,427,NULL),(429,'C','2023-12-29 13:34:18',0,':))))))))',32,0,0,NULL),(430,'C','2023-12-29 13:37:45',0,'HAdhashdasd',32,0,0,NULL),(431,'C','2023-12-29 13:38:00',0,'Hahasdhhdasdasd',32,0,0,NULL),(432,'C','2023-12-29 13:38:03',0,'asdjhakhjdas',32,0,0,NULL),(433,'C','2023-12-29 13:38:08',0,'asdkhjashdjkashjdasjdasd',32,0,0,NULL),(434,'C','2023-12-29 13:38:21',0,':)))',32,0,0,NULL),(435,'C','2023-12-29 13:39:55',0,':))',32,0,0,NULL),(436,'C','2023-12-29 13:40:03',0,'Quas là đỉnh L:))',32,0,0,NULL),(437,'C','2023-12-29 13:40:13',0,'Đm mình giỏi vcl',32,0,0,NULL),(438,'C','2023-12-29 13:40:57',0,'@Mikasa Hackerman :)) Đm ảo :))',32,0,437,NULL),(439,'C','2023-12-29 13:43:12',0,'@Mikasa Hackerman :)) Reply chính mình',32,0,437,NULL),(440,'C','2023-12-29 13:43:19',0,'@Mikasa Hackerman :)) Reply chính mình',32,0,438,NULL),(441,'C','2023-12-29 13:45:27',0,'@Mikasa Hackerman :)) Relyyy',32,0,437,NULL),(442,'C','2023-12-29 13:45:44',0,'Hehheehehehe',32,0,437,NULL),(443,'C','2023-12-29 13:46:17',0,'@Mikasa Hackerman :)) :)))',32,0,442,NULL),(444,'C','2023-12-29 13:51:53',0,'@Mikasa Hackerman :)) Quá đỉnh',32,0,437,NULL),(445,'C','2023-12-29 13:52:05',0,'Hề hế',32,0,437,NULL),(446,'C','2023-12-29 13:59:21',0,'???',32,0,0,NULL),(447,'C','2023-12-29 14:00:47',0,'@Mikasa Hackerman :)) :))',32,0,446,NULL),(449,'C','2023-12-29 14:01:09',0,':)))',32,0,446,NULL),(450,'C','2023-12-29 14:02:45',0,'@Mikasa Hackerman :)) :)))',32,0,407,NULL),(451,'C','2023-12-29 14:02:51',0,':)))',32,0,0,NULL),(452,'C','2023-12-29 14:03:49',0,':))',32,0,0,NULL),(453,'C','2023-12-29 14:04:42',0,':))',32,0,0,NULL),(454,'C','2023-12-29 14:04:56',0,':)',32,0,0,NULL),(455,'C','2023-12-29 14:05:19',0,':))',32,0,0,NULL),(456,'C','2023-12-29 14:05:35',0,':))',32,0,0,NULL),(460,'C','2023-12-29 21:31:54',0,'Hahahhah?',32,0,0,NULL),(461,'C','2023-12-29 21:54:01',0,'Purchased the pack and loaded it in Adobe xd (installed fonts as well), some text and titles are off in some screens, is that a compatibility problem with the latest version of xd?',32,0,0,NULL),(462,'C','2023-12-29 21:54:11',0,'Hi @ivawelch, let me check then tell you soon.',32,0,461,NULL),(463,'C','2023-12-29 21:54:19',0,'Five stars. I love this product!',32,0,0,NULL),(464,'C','2023-12-29 21:54:26',0,'Purchased the pack and loaded it in Adobe xd (installed fonts as well), some text and titles are off in some screens, is that a compatibility problem with the latest version of xd?',32,0,0,NULL),(466,'C','2023-12-29 22:17:09',0,':)))',32,0,461,NULL),(467,'C','2023-12-29 22:24:02',0,':)))',32,0,461,NULL),(468,'C','2023-12-29 22:24:07',0,':))',32,0,0,NULL),(469,'C','2023-12-29 22:37:53',0,':)))',32,0,0,NULL),(470,'C','2023-12-29 22:39:22',0,':))',32,0,0,NULL),(471,'C','2023-12-29 22:39:42',0,':)))',32,0,437,NULL),(472,'C','2023-12-29 22:41:22',0,':))',32,0,463,NULL),(473,'C','2023-12-29 22:41:29',0,':))',32,0,464,NULL),(474,'C','2023-12-29 22:41:48',0,':))',32,0,0,NULL),(475,'C','2023-12-29 22:44:26',0,':))',32,0,437,NULL),(476,'C','2023-12-29 22:45:41',0,':))',32,0,460,NULL),(477,'C','2023-12-29 22:45:50',0,':))',32,0,461,NULL),(478,'C','2023-12-29 22:46:14',0,':))',32,0,469,NULL),(479,'C','2023-12-29 22:47:40',0,':))',32,0,474,NULL),(480,'C','2023-12-29 22:48:15',0,':))',32,0,0,NULL),(481,'C','2023-12-29 22:48:22',0,':))',32,0,480,NULL),(482,'C','2023-12-29 22:48:28',0,':))',32,0,480,NULL),(483,'C','2023-12-29 22:48:32',0,':))',32,0,0,NULL),(484,'C','2023-12-29 22:58:48',0,':)',32,0,317,NULL),(485,'C','2023-12-29 23:12:21',0,':))',32,0,456,NULL),(487,'C','2023-12-29 23:14:03',0,':)?',32,0,414,NULL),(488,'C','2023-12-30 00:27:01',0,'Phản hồi?',16,0,474,NULL),(489,'C','2023-12-30 00:27:17',0,'Để lại một phản hồi',16,0,0,NULL),(490,'C','2023-12-30 00:28:17',0,'test?',38,0,489,NULL),(491,'C','2023-12-30 00:28:26',0,'Test?',38,0,474,NULL),(492,'C','2023-12-30 00:28:33',0,'Test?',38,0,469,NULL),(493,'C','2023-12-30 00:30:13',0,'Reply?',13,0,474,NULL),(495,'C','2023-12-30 01:41:33',0,'Bình luận?',13,0,0,NULL),(496,'C','2023-12-30 01:41:54',0,'Reply?',13,0,495,NULL),(497,'C','2023-12-30 01:47:45',0,'Lờ mao',38,0,470,NULL),(498,'C','2023-12-30 01:50:07',0,'Lờ mao',38,0,0,NULL);
-- /*!40000 ALTER TABLE `Comments` ENABLE KEYS */;
-- UNLOCK TABLES;
-- ALTER DATABASE `defaultdb` CHARACTER SET utf8mb4 COLLATE utf8mb4_general_ci ;
/*!50003 SET @saved_cs_client      = @@character_set_client */ ;
/*!50003 SET @saved_cs_results     = @@character_set_results */ ;
/*!50003 SET @saved_col_connection = @@collation_connection */ ;
/*!50003 SET character_set_client  = utf8mb4 */ ;
/*!50003 SET character_set_results = utf8mb4 */ ;
/*!50003 SET collation_connection  = utf8mb4_general_ci */ ;
/*!50003 SET @saved_sql_mode       = @@sql_mode */ ;
/*!50003 SET sql_mode              = 'REAL_AS_FLOAT,PIPES_AS_CONCAT,ANSI_QUOTES,IGNORE_SPACE,ONLY_FULL_GROUP_BY,ANSI,STRICT_TRANS_TABLES,STRICT_ALL_TABLES,NO_ZERO_IN_DATE,NO_ZERO_DATE,ERROR_FOR_DIVISION_BY_ZERO,NO_ENGINE_SUBSTITUTION' */ ;
DELIMITER ;;
/*!50003 CREATE*/ /*!50017 DEFINER=`fall2324w3g4@`%`*/ /*!50003 TRIGGER `before_comment_create` BEFORE INSERT ON `Comments` FOR EACH ROW BEGIN
    DECLARE last_id int;

    INSERT INTO Pages(PageType, PageUrl)
        VALUES ('C', 'XYZ');

    SELECT LAST_INSERT_ID() into last_id;

    Set NEW.Id = last_id;

end */;;
DELIMITER ;
/*!50003 SET sql_mode              = @saved_sql_mode */ ;
/*!50003 SET character_set_client  = @saved_cs_client */ ;
/*!50003 SET character_set_results = @saved_cs_results */ ;
/*!50003 SET collation_connection  = @saved_col_connection */ ;
-- ALTER DATABASE `defaultdb` CHARACTER SET utf8mb4 COLLATE utf8mb4_general_ci ;

--
-- Table structure for table `Documents`
--

DROP TABLE IF EXISTS `Documents`;
/*!40101 SET @saved_cs_client     = @@character_set_client */;
/*!50503 SET character_set_client = utf8mb4 */;
CREATE TABLE `Documents` (
  `Id` int NOT NULL AUTO_INCREMENT,
  `PageType` char(1) DEFAULT 'D',
  `Name` varchar(255) NOT NULL,
  `createdAt` datetime DEFAULT NULL,
  `Download` int NOT NULL DEFAULT '0',
  `Category` varchar(255) NOT NULL,
  `Link` text NOT NULL,
  `UserId` int NOT NULL,
  `SubjectId` int DEFAULT NULL,
  PRIMARY KEY (`Id`),
  KEY `Id` (`Id`,`PageType`),
  KEY `UserId` (`UserId`),
  KEY `SubjectId` (`SubjectId`),
  CONSTRAINT `Documents_ibfk_2` FOREIGN KEY (`UserId`) REFERENCES `Users` (`Id`),
  CONSTRAINT `Documents_ibfk_3` FOREIGN KEY (`SubjectId`) REFERENCES `Subjects` (`Id`),
  CONSTRAINT `Documents_ibfk_4` FOREIGN KEY (`Id`, `PageType`) REFERENCES `Pages` (`PageId`, `PageType`) ON DELETE CASCADE,
  CONSTRAINT `Documents_chk_1` CHECK ((`PageType` = _utf8mb4'D'))
) ENGINE=InnoDB DEFAULT CHARSET=utf8mb4 COLLATE=utf8mb4_general_ci;
/*!40101 SET character_set_client = @saved_cs_client */;

--
-- Dumping data for table `Documents`
--

-- LOCK TABLES `Documents` WRITE;
-- /*!40000 ALTER TABLE `Documents` DISABLE KEYS */;
-- INSERT INTO `Documents` VALUES (343,'D','Elegant product mockup for your next project\n','2023-12-26 07:22:38',0,'vjp','https://res.cloudinary.com/dsfoydmx7/image/upload/v1703575355/uetable/Document/lkfjwvutd9fng5km8373.pdf',13,1),(415,'D','Meet Node - a crypto NFT marketplace iOS UI design kit for Figma','2023-12-29 12:04:03',0,'ảnh','https://res.cloudinary.com/dsfoydmx7/image/upload/v1703851441/uetable/Document/ch9mxeoffyzrn9gppcgx.jpg',13,2),(416,'D','Fleet - Travel shopping UI design kit\n','2023-12-29 12:04:51',0,'avajf','https://res.cloudinary.com/dsfoydmx7/image/upload/v1703851489/uetable/Document/mpn7l2jilzdpul8n9gku.png',13,1),(457,'D','Meet Node - a crypto NFT marketplace iOS UI design kit for Figma','2023-12-29 17:25:54',0,'Test','https://res.cloudinary.com/dxjtmrvb1/image/upload/v1703870752/uetable/Document/qrvk3vwpkjrw0sowphnq.png',38,1),(458,'D','1 SaaS landing page with full premade breakpoints','2023-12-29 17:26:26',0,'Test','https://res.cloudinary.com/dxjtmrvb1/image/upload/v1703870784/uetable/Document/nuqvb2i7108j4nekapmx.png',38,1),(459,'D','Types of screens included: onboarding, connect wallet, home feed, profile, upload, menu, search, product detail, notification...','2023-12-29 17:27:07',0,'Test','https://res.cloudinary.com/dxjtmrvb1/image/upload/v1703870825/uetable/Document/ych4f1dazioyxbuefgrt.pdf',38,1);
-- /*!40000 ALTER TABLE `Documents` ENABLE KEYS */;
-- UNLOCK TABLES;
-- ALTER DATABASE `defaultdb` CHARACTER SET utf8mb4 COLLATE utf8mb4_general_ci ;
/*!50003 SET @saved_cs_client      = @@character_set_client */ ;
/*!50003 SET @saved_cs_results     = @@character_set_results */ ;
/*!50003 SET @saved_col_connection = @@collation_connection */ ;
/*!50003 SET character_set_client  = utf8mb4 */ ;
/*!50003 SET character_set_results = utf8mb4 */ ;
/*!50003 SET collation_connection  = utf8mb4_general_ci */ ;
/*!50003 SET @saved_sql_mode       = @@sql_mode */ ;
/*!50003 SET sql_mode              = 'REAL_AS_FLOAT,PIPES_AS_CONCAT,ANSI_QUOTES,IGNORE_SPACE,ONLY_FULL_GROUP_BY,ANSI,STRICT_TRANS_TABLES,STRICT_ALL_TABLES,NO_ZERO_IN_DATE,NO_ZERO_DATE,ERROR_FOR_DIVISION_BY_ZERO,NO_ENGINE_SUBSTITUTION' */ ;
DELIMITER ;;
/*!50003 CREATE*/ /*!50017 DEFINER=`fall2324w3g4@`%`*/ /*!50003 TRIGGER `before_document_create` BEFORE INSERT ON `Documents` FOR EACH ROW BEGIN
    DECLARE last_id int;

    INSERT INTO Pages(PageType, PageUrl)
        VALUES ('D', 'XYZ');

    SELECT LAST_INSERT_ID() into last_id;

    Set NEW.Id = last_id;

end */;;
DELIMITER ;
/*!50003 SET sql_mode              = @saved_sql_mode */ ;
/*!50003 SET character_set_client  = @saved_cs_client */ ;
/*!50003 SET character_set_results = @saved_cs_results */ ;
/*!50003 SET collation_connection  = @saved_col_connection */ ;
-- ALTER DATABASE `defaultdb` CHARACTER SET utf8mb4 COLLATE utf8mb4_general_ci ;

--
-- Table structure for table `EventClasses`
--

DROP TABLE IF EXISTS `EventClasses`;
/*!40101 SET @saved_cs_client     = @@character_set_client */;
/*!50503 SET character_set_client = utf8mb4 */;
CREATE TABLE `EventClasses` (
  `Id` int NOT NULL AUTO_INCREMENT,
  `EventId` int NOT NULL,
  `ClassId` int NOT NULL,
  PRIMARY KEY (`Id`),
  KEY `EventId` (`EventId`),
  KEY `ClassId` (`ClassId`),
  CONSTRAINT `EventClasses_ibfk_1` FOREIGN KEY (`EventId`) REFERENCES `Events` (`Id`),
  CONSTRAINT `EventClasses_ibfk_2` FOREIGN KEY (`ClassId`) REFERENCES `Classes` (`Id`)
) ENGINE=InnoDB DEFAULT CHARSET=utf8mb4 COLLATE=utf8mb4_general_ci;
/*!40101 SET character_set_client = @saved_cs_client */;

--
-- Dumping data for table `EventClasses`
--

-- LOCK TABLES `EventClasses` WRITE;
-- /*!40000 ALTER TABLE `EventClasses` DISABLE KEYS */;
-- INSERT INTO `EventClasses` VALUES (637,651,837),(638,652,837),(639,653,837),(640,654,837),(641,655,837),(642,656,837),(643,657,837),(644,658,837),(645,659,837),(646,660,837),(647,661,837),(648,662,837),(649,663,837),(650,664,837),(651,665,837),(652,666,837),(653,667,837),(654,668,837),(655,669,837),(656,670,837),(657,671,837),(658,672,837),(659,673,431),(660,674,431),(661,675,431),(662,676,431),(663,677,431),(664,678,431),(665,679,431),(666,680,431),(667,681,431),(668,682,431),(669,683,431),(670,684,431),(671,685,431),(672,686,431),(673,687,431),(674,688,431),(675,689,431),(676,690,431),(677,691,431),(678,692,431),(679,693,431),(680,694,431),(681,695,17),(682,696,17),(683,697,17),(684,698,17),(685,699,17),(686,700,17),(687,701,17),(688,702,17),(689,703,17),(690,704,17),(691,705,17),(692,706,17),(693,707,17),(694,708,17),(695,709,17),(696,710,17),(697,711,17),(698,712,17),(699,713,17),(700,714,17),(701,715,17),(702,716,17),(703,717,883),(704,718,883),(705,719,883),(706,720,883),(707,721,883),(708,722,883),(709,723,883),(710,724,883),(711,725,883),(712,726,883),(713,727,883),(714,728,883),(715,729,883),(716,730,883),(717,731,883),(718,732,883),(719,733,883),(720,734,883),(721,735,883),(722,736,883),(723,737,883),(724,738,883),(725,739,767),(726,740,767),(727,741,767),(728,742,767),(729,743,767),(730,744,767),(731,745,767),(732,746,767),(733,747,767),(734,748,767),(735,749,767),(736,750,767),(737,751,767),(738,752,767),(739,753,767),(740,754,767),(741,755,767),(742,756,767),(743,757,767),(744,758,767),(745,759,767),(746,760,767),(747,761,139),(748,762,139),(749,763,139),(750,764,139),(751,765,139),(752,766,139),(753,767,139),(754,768,139),(755,769,139),(756,770,139),(757,771,139),(758,772,139),(759,773,139),(760,774,139),(761,775,139),(762,776,139),(763,777,139),(764,778,139),(765,779,139),(766,780,139),(767,781,139),(768,782,139),(769,783,473),(770,784,473),(771,785,473),(772,786,473),(773,787,473),(774,788,473),(775,789,473),(776,790,473),(777,791,473),(778,792,473),(779,793,473),(780,794,473),(781,795,473),(782,796,473),(783,797,473),(784,798,473),(785,799,473),(786,800,473),(787,801,473),(788,802,473),(789,803,473),(790,804,473),(791,805,95),(792,806,95),(793,807,95),(794,808,95),(795,809,95),(796,810,95),(797,811,95),(798,812,95),(799,813,95),(800,814,95),(801,815,95),(802,816,95),(803,817,95),(804,818,95),(805,819,95),(806,820,95),(807,821,95),(808,822,95),(809,823,95),(810,824,95),(811,825,95),(812,826,95),(813,828,204),(814,829,204),(815,830,204),(816,831,204),(817,832,204),(818,833,204),(819,834,204),(820,835,204),(821,836,204),(822,837,204),(823,838,204),(824,839,204),(825,840,204),(826,841,204),(827,842,204),(828,843,204),(829,844,204),(830,845,204),(831,846,204),(832,847,204),(833,848,204),(834,849,204),(835,850,377),(836,851,377),(837,852,377),(838,853,377),(839,854,377),(840,855,377),(841,856,377),(842,857,377),(843,858,377),(844,859,377),(845,860,377),(846,861,377),(847,862,377),(848,863,377),(849,864,377),(850,865,377),(851,866,377),(852,867,377),(853,868,377),(854,869,377),(855,870,377),(856,871,377),(857,872,431),(858,873,431),(859,874,431),(860,875,431),(861,876,431),(862,877,431),(863,878,431),(864,879,431),(865,880,431),(866,881,431),(867,882,431),(868,883,431),(869,884,431),(870,885,431),(871,886,431),(872,887,431),(873,888,431),(874,889,431),(875,890,431),(876,891,431),(877,892,431),(878,893,431),(879,894,17),(880,895,17),(881,896,17),(882,897,17),(883,898,17),(884,899,17),(885,900,17),(886,901,17),(887,902,17),(888,903,17),(889,904,17),(890,905,17),(891,906,17),(892,907,17),(893,908,17),(894,909,17),(895,910,17),(896,911,17),(897,912,17),(898,913,17),(899,914,17),(900,915,17),(901,916,890),(902,917,890),(903,918,890),(904,919,890),(905,920,890),(906,921,890),(907,922,890),(908,923,890),(909,924,890),(910,925,890),(911,926,890),(912,927,890),(913,928,890),(914,929,890),(915,930,890),(916,931,890),(917,932,890),(918,933,890),(919,934,890),(920,935,890),(921,936,890),(922,937,890),(923,938,139),(924,939,139),(925,940,139),(926,941,139),(927,942,139),(928,943,139),(929,944,139),(930,945,139),(931,946,139),(932,947,139),(933,948,139),(934,949,139),(935,950,139),(936,951,139),(937,952,139),(938,953,139),(939,954,139),(940,955,139),(941,956,139),(942,957,139),(943,958,139),(944,959,139),(945,960,473),(946,961,473),(947,962,473),(948,963,473),(949,964,473),(950,965,473),(951,966,473),(952,967,473),(953,968,473),(954,969,473),(955,970,473),(956,971,473),(957,972,473),(958,973,473),(959,974,473),(960,975,473),(961,976,473),(962,977,473),(963,978,473),(964,979,473),(965,980,473),(966,981,473),(967,982,841),(968,983,841),(969,984,841),(970,985,841),(971,986,841),(972,987,841),(973,988,841),(974,989,841),(975,990,841),(976,991,841),(977,992,841),(978,993,841),(979,994,841),(980,995,841),(981,996,841),(982,997,841),(983,998,841),(984,999,841),(985,1000,841),(986,1001,841),(987,1002,841),(988,1003,841),(989,1004,95),(990,1005,95),(991,1006,95),(992,1007,95),(993,1008,95),(994,1009,95),(995,1010,95),(996,1011,95),(997,1012,95),(998,1013,95),(999,1014,95),(1000,1015,95),(1001,1016,95),(1002,1017,95),(1003,1018,95),(1004,1019,95),(1005,1020,95),(1006,1021,95),(1007,1022,95),(1008,1023,95),(1009,1024,95),(1010,1025,95),(1011,1026,766),(1012,1027,766),(1013,1028,766),(1014,1029,766),(1015,1030,766),(1016,1031,766),(1017,1032,766),(1018,1033,766),(1019,1034,766),(1020,1035,766),(1021,1036,766),(1022,1037,766),(1023,1038,766),(1024,1039,766),(1025,1040,766),(1026,1041,766),(1027,1042,766),(1028,1043,766),(1029,1044,766),(1030,1045,766),(1031,1046,766),(1032,1047,766);
-- /*!40000 ALTER TABLE `EventClasses` ENABLE KEYS */;
-- UNLOCK TABLES;

--
-- Table structure for table `Events`
--

DROP TABLE IF EXISTS `Events`;
/*!40101 SET @saved_cs_client     = @@character_set_client */;
/*!50503 SET character_set_client = utf8mb4 */;
CREATE TABLE `Events` (
  `Id` int NOT NULL AUTO_INCREMENT,
  `Name` varchar(255) NOT NULL,
  `timestart` time DEFAULT NULL,
  `timeend` time DEFAULT NULL,
  `Location` varchar(255) NOT NULL,
  `Info` text,
  `ScheduleId` int NOT NULL,
  `day` date DEFAULT NULL,
  `color` text,
  PRIMARY KEY (`Id`),
  KEY `ScheduleId` (`ScheduleId`),
  CONSTRAINT `Events_ibfk_1` FOREIGN KEY (`ScheduleId`) REFERENCES `Schedules` (`Id`)
) ENGINE=InnoDB DEFAULT CHARSET=utf8mb4 COLLATE=utf8mb4_general_ci;
/*!40101 SET character_set_client = @saved_cs_client */;

--
-- Dumping data for table `Events`
--

-- LOCK TABLES `Events` WRITE;
-- /*!40000 ALTER TABLE `Events` DISABLE KEYS */;
-- INSERT INTO `Events` VALUES (641,'Chưa có tiêu đề','18:00:00','20:00:00','','',3,'2023-12-24','#039BE5'),(644,'Chưa có tiêu đề','17:00:00','19:00:00','','',3,'2023-12-24','#039BE5'),(645,'Đá bóng','22:00:00','23:30:00','Sân Thành Phát','Không',3,'2023-12-24','#ff0000'),(649,'Chưa có tiêu đề','17:00:00','19:00:00','','',3,'2023-12-24','#039BE5'),(650,'Đá bóng','22:00:00','23:30:00','Sân Thành Phát','Không',1,'2023-12-24','#ff0000'),(651,'Các hệ thống thương mại điện tử','07:00:00','10:00:00','309-GĐ2','TS.Bùi Quang Hưng',1,'2023-09-02','#ff0000'),(652,'Các hệ thống thương mại điện tử','07:00:00','10:00:00','309-GĐ2','TS.Bùi Quang Hưng',1,'2023-09-09','#ff0000'),(653,'Các hệ thống thương mại điện tử','07:00:00','10:00:00','309-GĐ2','TS.Bùi Quang Hưng',1,'2023-09-16','#ff0000'),(654,'Các hệ thống thương mại điện tử','07:00:00','10:00:00','309-GĐ2','TS.Bùi Quang Hưng',1,'2023-09-23','#ff0000'),(655,'Các hệ thống thương mại điện tử','07:00:00','10:00:00','309-GĐ2','TS.Bùi Quang Hưng',1,'2023-09-30','#ff0000'),(656,'Các hệ thống thương mại điện tử','07:00:00','10:00:00','309-GĐ2','TS.Bùi Quang Hưng',1,'2023-10-07','#ff0000'),(657,'Các hệ thống thương mại điện tử','07:00:00','10:00:00','309-GĐ2','TS.Bùi Quang Hưng',1,'2023-10-14','#ff0000'),(658,'Các hệ thống thương mại điện tử','07:00:00','10:00:00','309-GĐ2','TS.Bùi Quang Hưng',1,'2023-10-21','#ff0000'),(659,'Các hệ thống thương mại điện tử','07:00:00','10:00:00','309-GĐ2','TS.Bùi Quang Hưng',1,'2023-10-28','#ff0000'),(660,'Các hệ thống thương mại điện tử','07:00:00','10:00:00','309-GĐ2','TS.Bùi Quang Hưng',1,'2023-11-04','#ff0000'),(661,'Các hệ thống thương mại điện tử','07:00:00','10:00:00','309-GĐ2','TS.Bùi Quang Hưng',1,'2023-11-11','#ff0000'),(662,'Các hệ thống thương mại điện tử','07:00:00','10:00:00','309-GĐ2','TS.Bùi Quang Hưng',1,'2023-11-18','#ff0000'),(663,'Các hệ thống thương mại điện tử','07:00:00','10:00:00','309-GĐ2','TS.Bùi Quang Hưng',1,'2023-11-25','#ff0000'),(664,'Các hệ thống thương mại điện tử','07:00:00','10:00:00','309-GĐ2','TS.Bùi Quang Hưng',1,'2023-12-02','#ff0000'),(665,'Các hệ thống thương mại điện tử','07:00:00','10:00:00','309-GĐ2','TS.Bùi Quang Hưng',1,'2023-12-09','#ff0000'),(666,'Các hệ thống thương mại điện tử','07:00:00','10:00:00','309-GĐ2','TS.Bùi Quang Hưng',1,'2023-12-16','#ff0000'),(667,'Các hệ thống thương mại điện tử','07:00:00','10:00:00','309-GĐ2','TS.Bùi Quang Hưng',1,'2023-12-23','#ff0000'),(668,'Các hệ thống thương mại điện tử','07:00:00','10:00:00','309-GĐ2','TS.Bùi Quang Hưng',1,'2023-12-30','#ff0000'),(669,'Các hệ thống thương mại điện tử','07:00:00','10:00:00','309-GĐ2','TS.Bùi Quang Hưng',1,'2024-01-06','#ff0000'),(670,'Các hệ thống thương mại điện tử','07:00:00','10:00:00','309-GĐ2','TS.Bùi Quang Hưng',1,'2024-01-13','#ff0000'),(671,'Các hệ thống thương mại điện tử','07:00:00','10:00:00','309-GĐ2','TS.Bùi Quang Hưng',1,'2024-01-20','#ff0000'),(672,'Các hệ thống thương mại điện tử','07:00:00','10:00:00','309-GĐ2','TS.Bùi Quang Hưng',1,'2024-01-27','#ff0000'),(673,'Đồ họa máy tính','13:00:00','15:00:00','301-GĐ2','TS.Ma Thị Châu',1,'2023-08-30','#ff0000'),(674,'Đồ họa máy tính','13:00:00','15:00:00','301-GĐ2','TS.Ma Thị Châu',1,'2023-09-06','#ff0000'),(675,'Đồ họa máy tính','13:00:00','15:00:00','301-GĐ2','TS.Ma Thị Châu',1,'2023-09-13','#ff0000'),(676,'Đồ họa máy tính','13:00:00','15:00:00','301-GĐ2','TS.Ma Thị Châu',1,'2023-09-20','#ff0000'),(677,'Đồ họa máy tính','13:00:00','15:00:00','301-GĐ2','TS.Ma Thị Châu',1,'2023-09-27','#ff0000'),(678,'Đồ họa máy tính','13:00:00','15:00:00','301-GĐ2','TS.Ma Thị Châu',1,'2023-10-04','#ff0000'),(679,'Đồ họa máy tính','13:00:00','15:00:00','301-GĐ2','TS.Ma Thị Châu',1,'2023-10-11','#ff0000'),(680,'Đồ họa máy tính','13:00:00','15:00:00','301-GĐ2','TS.Ma Thị Châu',1,'2023-10-18','#ff0000'),(681,'Đồ họa máy tính','13:00:00','15:00:00','301-GĐ2','TS.Ma Thị Châu',1,'2023-10-25','#ff0000'),(682,'Đồ họa máy tính','13:00:00','15:00:00','301-GĐ2','TS.Ma Thị Châu',1,'2023-11-01','#ff0000'),(683,'Đồ họa máy tính','13:00:00','15:00:00','301-GĐ2','TS.Ma Thị Châu',1,'2023-11-08','#ff0000'),(684,'Đồ họa máy tính','13:00:00','15:00:00','301-GĐ2','TS.Ma Thị Châu',1,'2023-11-15','#ff0000'),(685,'Đồ họa máy tính','13:00:00','15:00:00','301-GĐ2','TS.Ma Thị Châu',1,'2023-11-22','#ff0000'),(686,'Đồ họa máy tính','13:00:00','15:00:00','301-GĐ2','TS.Ma Thị Châu',1,'2023-11-29','#ff0000'),(687,'Đồ họa máy tính','13:00:00','15:00:00','301-GĐ2','TS.Ma Thị Châu',1,'2023-12-06','#ff0000'),(688,'Đồ họa máy tính','13:00:00','15:00:00','301-GĐ2','TS.Ma Thị Châu',1,'2023-12-13','#ff0000'),(689,'Đồ họa máy tính','13:00:00','15:00:00','301-GĐ2','TS.Ma Thị Châu',1,'2023-12-20','#ff0000'),(690,'Đồ họa máy tính','13:00:00','15:00:00','301-GĐ2','TS.Ma Thị Châu',1,'2023-12-27','#ff0000'),(691,'Đồ họa máy tính','13:00:00','15:00:00','301-GĐ2','TS.Ma Thị Châu',1,'2024-01-03','#ff0000'),(692,'Đồ họa máy tính','13:00:00','15:00:00','301-GĐ2','TS.Ma Thị Châu',1,'2024-01-10','#ff0000'),(693,'Đồ họa máy tính','13:00:00','15:00:00','301-GĐ2','TS.Ma Thị Châu',1,'2024-01-17','#ff0000'),(694,'Đồ họa máy tính','13:00:00','15:00:00','301-GĐ2','TS.Ma Thị Châu',1,'2024-01-24','#ff0000'),(695,'Khai phá dữ liệu','07:00:00','10:00:00','309-GĐ2','PGS.TS.Hà Quang Thụy',1,'2023-08-28','#ff0000'),(696,'Khai phá dữ liệu','07:00:00','10:00:00','309-GĐ2','PGS.TS.Hà Quang Thụy',1,'2023-09-04','#ff0000'),(697,'Khai phá dữ liệu','07:00:00','10:00:00','309-GĐ2','PGS.TS.Hà Quang Thụy',1,'2023-09-11','#ff0000'),(698,'Khai phá dữ liệu','07:00:00','10:00:00','309-GĐ2','PGS.TS.Hà Quang Thụy',1,'2023-09-18','#ff0000'),(699,'Khai phá dữ liệu','07:00:00','10:00:00','309-GĐ2','PGS.TS.Hà Quang Thụy',1,'2023-09-25','#ff0000'),(700,'Khai phá dữ liệu','07:00:00','10:00:00','309-GĐ2','PGS.TS.Hà Quang Thụy',1,'2023-10-02','#ff0000'),(701,'Khai phá dữ liệu','07:00:00','10:00:00','309-GĐ2','PGS.TS.Hà Quang Thụy',1,'2023-10-09','#ff0000'),(702,'Khai phá dữ liệu','07:00:00','10:00:00','309-GĐ2','PGS.TS.Hà Quang Thụy',1,'2023-10-16','#ff0000'),(703,'Khai phá dữ liệu','07:00:00','10:00:00','309-GĐ2','PGS.TS.Hà Quang Thụy',1,'2023-10-23','#ff0000'),(704,'Khai phá dữ liệu','07:00:00','10:00:00','309-GĐ2','PGS.TS.Hà Quang Thụy',1,'2023-10-30','#ff0000'),(705,'Khai phá dữ liệu','07:00:00','10:00:00','309-GĐ2','PGS.TS.Hà Quang Thụy',1,'2023-11-06','#ff0000'),(706,'Khai phá dữ liệu','07:00:00','10:00:00','309-GĐ2','PGS.TS.Hà Quang Thụy',1,'2023-11-13','#ff0000'),(707,'Khai phá dữ liệu','07:00:00','10:00:00','309-GĐ2','PGS.TS.Hà Quang Thụy',1,'2023-11-20','#ff0000'),(708,'Khai phá dữ liệu','07:00:00','10:00:00','309-GĐ2','PGS.TS.Hà Quang Thụy',1,'2023-11-27','#ff0000'),(709,'Khai phá dữ liệu','07:00:00','10:00:00','309-GĐ2','PGS.TS.Hà Quang Thụy',1,'2023-12-04','#ff0000'),(710,'Khai phá dữ liệu','07:00:00','10:00:00','309-GĐ2','PGS.TS.Hà Quang Thụy',1,'2023-12-11','#ff0000'),(711,'Khai phá dữ liệu','07:00:00','10:00:00','309-GĐ2','PGS.TS.Hà Quang Thụy',1,'2023-12-18','#ff0000'),(712,'Khai phá dữ liệu','07:00:00','10:00:00','309-GĐ2','PGS.TS.Hà Quang Thụy',1,'2023-12-25','#ff0000'),(713,'Khai phá dữ liệu','07:00:00','10:00:00','309-GĐ2','PGS.TS.Hà Quang Thụy',1,'2024-01-01','#ff0000'),(714,'Khai phá dữ liệu','07:00:00','10:00:00','309-GĐ2','PGS.TS.Hà Quang Thụy',1,'2024-01-08','#ff0000'),(715,'Khai phá dữ liệu','07:00:00','10:00:00','309-GĐ2','PGS.TS.Hà Quang Thụy',1,'2024-01-15','#ff0000'),(716,'Khai phá dữ liệu','07:00:00','10:00:00','309-GĐ2','PGS.TS.Hà Quang Thụy',1,'2024-01-22','#ff0000'),(717,'Kho dữ liệu','10:00:00','13:00:00','309-GĐ2','TS.Bùi Quang Hưng',1,'2023-09-02','#ff0000'),(718,'Kho dữ liệu','10:00:00','13:00:00','309-GĐ2','TS.Bùi Quang Hưng',1,'2023-09-09','#ff0000'),(719,'Kho dữ liệu','10:00:00','13:00:00','309-GĐ2','TS.Bùi Quang Hưng',1,'2023-09-16','#ff0000'),(720,'Kho dữ liệu','10:00:00','13:00:00','309-GĐ2','TS.Bùi Quang Hưng',1,'2023-09-23','#ff0000'),(721,'Kho dữ liệu','10:00:00','13:00:00','309-GĐ2','TS.Bùi Quang Hưng',1,'2023-09-30','#ff0000'),(722,'Kho dữ liệu','10:00:00','13:00:00','309-GĐ2','TS.Bùi Quang Hưng',1,'2023-10-07','#ff0000'),(723,'Kho dữ liệu','10:00:00','13:00:00','309-GĐ2','TS.Bùi Quang Hưng',1,'2023-10-14','#ff0000'),(724,'Kho dữ liệu','10:00:00','13:00:00','309-GĐ2','TS.Bùi Quang Hưng',1,'2023-10-21','#ff0000'),(725,'Kho dữ liệu','10:00:00','13:00:00','309-GĐ2','TS.Bùi Quang Hưng',1,'2023-10-28','#ff0000'),(726,'Kho dữ liệu','10:00:00','13:00:00','309-GĐ2','TS.Bùi Quang Hưng',1,'2023-11-04','#ff0000'),(727,'Kho dữ liệu','10:00:00','13:00:00','309-GĐ2','TS.Bùi Quang Hưng',1,'2023-11-11','#ff0000'),(728,'Kho dữ liệu','10:00:00','13:00:00','309-GĐ2','TS.Bùi Quang Hưng',1,'2023-11-18','#ff0000'),(729,'Kho dữ liệu','10:00:00','13:00:00','309-GĐ2','TS.Bùi Quang Hưng',1,'2023-11-25','#ff0000'),(730,'Kho dữ liệu','10:00:00','13:00:00','309-GĐ2','TS.Bùi Quang Hưng',1,'2023-12-02','#ff0000'),(731,'Kho dữ liệu','10:00:00','13:00:00','309-GĐ2','TS.Bùi Quang Hưng',1,'2023-12-09','#ff0000'),(732,'Kho dữ liệu','10:00:00','13:00:00','309-GĐ2','TS.Bùi Quang Hưng',1,'2023-12-16','#ff0000'),(733,'Kho dữ liệu','10:00:00','13:00:00','309-GĐ2','TS.Bùi Quang Hưng',1,'2023-12-23','#ff0000'),(734,'Kho dữ liệu','10:00:00','13:00:00','309-GĐ2','TS.Bùi Quang Hưng',1,'2023-12-30','#ff0000'),(735,'Kho dữ liệu','10:00:00','13:00:00','309-GĐ2','TS.Bùi Quang Hưng',1,'2024-01-06','#ff0000'),(736,'Kho dữ liệu','10:00:00','13:00:00','309-GĐ2','TS.Bùi Quang Hưng',1,'2024-01-13','#ff0000'),(737,'Kho dữ liệu','10:00:00','13:00:00','309-GĐ2','TS.Bùi Quang Hưng',1,'2024-01-20','#ff0000'),(738,'Kho dữ liệu','10:00:00','13:00:00','309-GĐ2','TS.Bùi Quang Hưng',1,'2024-01-27','#ff0000'),(739,'Kiểm thử và đảm bảo chất lượng phần mềm','13:00:00','16:00:00','107-GĐ3','ThS.Nguyễn Thu Trang',1,'2023-09-01','#ff0000'),(740,'Kiểm thử và đảm bảo chất lượng phần mềm','13:00:00','16:00:00','107-GĐ3','ThS.Nguyễn Thu Trang',1,'2023-09-08','#ff0000'),(741,'Kiểm thử và đảm bảo chất lượng phần mềm','13:00:00','16:00:00','107-GĐ3','ThS.Nguyễn Thu Trang',1,'2023-09-15','#ff0000'),(742,'Kiểm thử và đảm bảo chất lượng phần mềm','13:00:00','16:00:00','107-GĐ3','ThS.Nguyễn Thu Trang',1,'2023-09-22','#ff0000'),(743,'Kiểm thử và đảm bảo chất lượng phần mềm','13:00:00','16:00:00','107-GĐ3','ThS.Nguyễn Thu Trang',1,'2023-09-29','#ff0000'),(744,'Kiểm thử và đảm bảo chất lượng phần mềm','13:00:00','16:00:00','107-GĐ3','ThS.Nguyễn Thu Trang',1,'2023-10-06','#ff0000'),(745,'Kiểm thử và đảm bảo chất lượng phần mềm','13:00:00','16:00:00','107-GĐ3','ThS.Nguyễn Thu Trang',1,'2023-10-13','#ff0000'),(746,'Kiểm thử và đảm bảo chất lượng phần mềm','13:00:00','16:00:00','107-GĐ3','ThS.Nguyễn Thu Trang',1,'2023-10-20','#ff0000'),(747,'Kiểm thử và đảm bảo chất lượng phần mềm','13:00:00','16:00:00','107-GĐ3','ThS.Nguyễn Thu Trang',1,'2023-10-27','#ff0000'),(748,'Kiểm thử và đảm bảo chất lượng phần mềm','13:00:00','16:00:00','107-GĐ3','ThS.Nguyễn Thu Trang',1,'2023-11-03','#ff0000'),(749,'Kiểm thử và đảm bảo chất lượng phần mềm','13:00:00','16:00:00','107-GĐ3','ThS.Nguyễn Thu Trang',1,'2023-11-10','#ff0000'),(750,'Kiểm thử và đảm bảo chất lượng phần mềm','13:00:00','16:00:00','107-GĐ3','ThS.Nguyễn Thu Trang',1,'2023-11-17','#ff0000'),(751,'Kiểm thử và đảm bảo chất lượng phần mềm','13:00:00','16:00:00','107-GĐ3','ThS.Nguyễn Thu Trang',1,'2023-11-24','#ff0000'),(752,'Kiểm thử và đảm bảo chất lượng phần mềm','13:00:00','16:00:00','107-GĐ3','ThS.Nguyễn Thu Trang',1,'2023-12-01','#ff0000'),(753,'Kiểm thử và đảm bảo chất lượng phần mềm','13:00:00','16:00:00','107-GĐ3','ThS.Nguyễn Thu Trang',1,'2023-12-08','#ff0000'),(754,'Kiểm thử và đảm bảo chất lượng phần mềm','13:00:00','16:00:00','107-GĐ3','ThS.Nguyễn Thu Trang',1,'2023-12-15','#ff0000'),(755,'Kiểm thử và đảm bảo chất lượng phần mềm','13:00:00','16:00:00','107-GĐ3','ThS.Nguyễn Thu Trang',1,'2023-12-22','#ff0000'),(756,'Kiểm thử và đảm bảo chất lượng phần mềm','13:00:00','16:00:00','107-GĐ3','ThS.Nguyễn Thu Trang',1,'2023-12-29','#ff0000'),(757,'Kiểm thử và đảm bảo chất lượng phần mềm','13:00:00','16:00:00','107-GĐ3','ThS.Nguyễn Thu Trang',1,'2024-01-05','#ff0000'),(758,'Kiểm thử và đảm bảo chất lượng phần mềm','13:00:00','16:00:00','107-GĐ3','ThS.Nguyễn Thu Trang',1,'2024-01-12','#ff0000'),(759,'Kiểm thử và đảm bảo chất lượng phần mềm','13:00:00','16:00:00','107-GĐ3','ThS.Nguyễn Thu Trang',1,'2024-01-19','#ff0000'),(760,'Kiểm thử và đảm bảo chất lượng phần mềm','13:00:00','16:00:00','107-GĐ3','ThS.Nguyễn Thu Trang',1,'2024-01-26','#ff0000'),(761,'Phát triển ứng dụng Web','16:00:00','18:00:00','206-GĐ3','TS.Hoàng Xuân Tùng',1,'2023-08-28','#ff0000'),(762,'Phát triển ứng dụng Web','16:00:00','18:00:00','206-GĐ3','TS.Hoàng Xuân Tùng',1,'2023-09-04','#ff0000'),(763,'Phát triển ứng dụng Web','16:00:00','18:00:00','206-GĐ3','TS.Hoàng Xuân Tùng',1,'2023-09-11','#ff0000'),(764,'Phát triển ứng dụng Web','16:00:00','18:00:00','206-GĐ3','TS.Hoàng Xuân Tùng',1,'2023-09-18','#ff0000'),(765,'Phát triển ứng dụng Web','16:00:00','18:00:00','206-GĐ3','TS.Hoàng Xuân Tùng',1,'2023-09-25','#ff0000'),(766,'Phát triển ứng dụng Web','16:00:00','18:00:00','206-GĐ3','TS.Hoàng Xuân Tùng',1,'2023-10-02','#ff0000'),(767,'Phát triển ứng dụng Web','16:00:00','18:00:00','206-GĐ3','TS.Hoàng Xuân Tùng',1,'2023-10-09','#ff0000'),(768,'Phát triển ứng dụng Web','16:00:00','18:00:00','206-GĐ3','TS.Hoàng Xuân Tùng',1,'2023-10-16','#ff0000'),(769,'Phát triển ứng dụng Web','16:00:00','18:00:00','206-GĐ3','TS.Hoàng Xuân Tùng',1,'2023-10-23','#ff0000'),(770,'Phát triển ứng dụng Web','16:00:00','18:00:00','206-GĐ3','TS.Hoàng Xuân Tùng',1,'2023-10-30','#ff0000'),(771,'Phát triển ứng dụng Web','16:00:00','18:00:00','206-GĐ3','TS.Hoàng Xuân Tùng',1,'2023-11-06','#ff0000'),(772,'Phát triển ứng dụng Web','16:00:00','18:00:00','206-GĐ3','TS.Hoàng Xuân Tùng',1,'2023-11-13','#ff0000'),(773,'Phát triển ứng dụng Web','16:00:00','18:00:00','206-GĐ3','TS.Hoàng Xuân Tùng',1,'2023-11-20','#ff0000'),(774,'Phát triển ứng dụng Web','16:00:00','18:00:00','206-GĐ3','TS.Hoàng Xuân Tùng',1,'2023-11-27','#ff0000'),(775,'Phát triển ứng dụng Web','16:00:00','18:00:00','206-GĐ3','TS.Hoàng Xuân Tùng',1,'2023-12-04','#ff0000'),(776,'Phát triển ứng dụng Web','16:00:00','18:00:00','206-GĐ3','TS.Hoàng Xuân Tùng',1,'2023-12-11','#ff0000'),(777,'Phát triển ứng dụng Web','16:00:00','18:00:00','206-GĐ3','TS.Hoàng Xuân Tùng',1,'2023-12-18','#ff0000'),(778,'Phát triển ứng dụng Web','16:00:00','18:00:00','206-GĐ3','TS.Hoàng Xuân Tùng',1,'2023-12-25','#ff0000'),(779,'Phát triển ứng dụng Web','16:00:00','18:00:00','206-GĐ3','TS.Hoàng Xuân Tùng',1,'2024-01-01','#ff0000'),(780,'Phát triển ứng dụng Web','16:00:00','18:00:00','206-GĐ3','TS.Hoàng Xuân Tùng',1,'2024-01-08','#ff0000'),(781,'Phát triển ứng dụng Web','16:00:00','18:00:00','206-GĐ3','TS.Hoàng Xuân Tùng',1,'2024-01-15','#ff0000'),(782,'Phát triển ứng dụng Web','16:00:00','18:00:00','206-GĐ3','TS.Hoàng Xuân Tùng',1,'2024-01-22','#ff0000'),(783,'Phát triển ứng dụng Web','15:00:00','17:00:00','PM208-G2','CN.Vũ Đức Trung',1,'2023-08-30','#ff0000'),(784,'Phát triển ứng dụng Web','15:00:00','17:00:00','PM208-G2','CN.Vũ Đức Trung',1,'2023-09-06','#ff0000'),(785,'Phát triển ứng dụng Web','15:00:00','17:00:00','PM208-G2','CN.Vũ Đức Trung',1,'2023-09-13','#ff0000'),(786,'Phát triển ứng dụng Web','15:00:00','17:00:00','PM208-G2','CN.Vũ Đức Trung',1,'2023-09-20','#ff0000'),(787,'Phát triển ứng dụng Web','15:00:00','17:00:00','PM208-G2','CN.Vũ Đức Trung',1,'2023-09-27','#ff0000'),(788,'Phát triển ứng dụng Web','15:00:00','17:00:00','PM208-G2','CN.Vũ Đức Trung',1,'2023-10-04','#ff0000'),(789,'Phát triển ứng dụng Web','15:00:00','17:00:00','PM208-G2','CN.Vũ Đức Trung',1,'2023-10-11','#ff0000'),(790,'Phát triển ứng dụng Web','15:00:00','17:00:00','PM208-G2','CN.Vũ Đức Trung',1,'2023-10-18','#ff0000'),(791,'Phát triển ứng dụng Web','15:00:00','17:00:00','PM208-G2','CN.Vũ Đức Trung',1,'2023-10-25','#ff0000'),(792,'Phát triển ứng dụng Web','15:00:00','17:00:00','PM208-G2','CN.Vũ Đức Trung',1,'2023-11-01','#ff0000'),(793,'Phát triển ứng dụng Web','15:00:00','17:00:00','PM208-G2','CN.Vũ Đức Trung',1,'2023-11-08','#ff0000'),(794,'Phát triển ứng dụng Web','15:00:00','17:00:00','PM208-G2','CN.Vũ Đức Trung',1,'2023-11-15','#ff0000'),(795,'Phát triển ứng dụng Web','15:00:00','17:00:00','PM208-G2','CN.Vũ Đức Trung',1,'2023-11-22','#ff0000'),(796,'Phát triển ứng dụng Web','15:00:00','17:00:00','PM208-G2','CN.Vũ Đức Trung',1,'2023-11-29','#ff0000'),(797,'Phát triển ứng dụng Web','15:00:00','17:00:00','PM208-G2','CN.Vũ Đức Trung',1,'2023-12-06','#ff0000'),(798,'Phát triển ứng dụng Web','15:00:00','17:00:00','PM208-G2','CN.Vũ Đức Trung',1,'2023-12-13','#ff0000'),(799,'Phát triển ứng dụng Web','15:00:00','17:00:00','PM208-G2','CN.Vũ Đức Trung',1,'2023-12-20','#ff0000'),(800,'Phát triển ứng dụng Web','15:00:00','17:00:00','PM208-G2','CN.Vũ Đức Trung',1,'2023-12-27','#ff0000'),(801,'Phát triển ứng dụng Web','15:00:00','17:00:00','PM208-G2','CN.Vũ Đức Trung',1,'2024-01-03','#ff0000'),(802,'Phát triển ứng dụng Web','15:00:00','17:00:00','PM208-G2','CN.Vũ Đức Trung',1,'2024-01-10','#ff0000'),(803,'Phát triển ứng dụng Web','15:00:00','17:00:00','PM208-G2','CN.Vũ Đức Trung',1,'2024-01-17','#ff0000'),(804,'Phát triển ứng dụng Web','15:00:00','17:00:00','PM208-G2','CN.Vũ Đức Trung',1,'2024-01-24','#ff0000'),(805,'Trí tuệ nhân tạo','13:00:00','16:00:00','206-GĐ3','GS.TS.Nguyễn Thanh Thủy',1,'2023-08-28','#ff0000'),(806,'Trí tuệ nhân tạo','13:00:00','16:00:00','206-GĐ3','GS.TS.Nguyễn Thanh Thủy',1,'2023-09-04','#ff0000'),(807,'Trí tuệ nhân tạo','13:00:00','16:00:00','206-GĐ3','GS.TS.Nguyễn Thanh Thủy',1,'2023-09-11','#ff0000'),(808,'Trí tuệ nhân tạo','13:00:00','16:00:00','206-GĐ3','GS.TS.Nguyễn Thanh Thủy',1,'2023-09-18','#ff0000'),(809,'Trí tuệ nhân tạo','13:00:00','16:00:00','206-GĐ3','GS.TS.Nguyễn Thanh Thủy',1,'2023-09-25','#ff0000'),(810,'Trí tuệ nhân tạo','13:00:00','16:00:00','206-GĐ3','GS.TS.Nguyễn Thanh Thủy',1,'2023-10-02','#ff0000'),(811,'Trí tuệ nhân tạo','13:00:00','16:00:00','206-GĐ3','GS.TS.Nguyễn Thanh Thủy',1,'2023-10-09','#ff0000'),(812,'Trí tuệ nhân tạo','13:00:00','16:00:00','206-GĐ3','GS.TS.Nguyễn Thanh Thủy',1,'2023-10-16','#ff0000'),(813,'Trí tuệ nhân tạo','13:00:00','16:00:00','206-GĐ3','GS.TS.Nguyễn Thanh Thủy',1,'2023-10-23','#ff0000'),(814,'Trí tuệ nhân tạo','13:00:00','16:00:00','206-GĐ3','GS.TS.Nguyễn Thanh Thủy',1,'2023-10-30','#ff0000'),(815,'Trí tuệ nhân tạo','13:00:00','16:00:00','206-GĐ3','GS.TS.Nguyễn Thanh Thủy',1,'2023-11-06','#ff0000'),(816,'Trí tuệ nhân tạo','13:00:00','16:00:00','206-GĐ3','GS.TS.Nguyễn Thanh Thủy',1,'2023-11-13','#ff0000'),(817,'Trí tuệ nhân tạo','13:00:00','16:00:00','206-GĐ3','GS.TS.Nguyễn Thanh Thủy',1,'2023-11-20','#ff0000'),(818,'Trí tuệ nhân tạo','13:00:00','16:00:00','206-GĐ3','GS.TS.Nguyễn Thanh Thủy',1,'2023-11-27','#ff0000'),(819,'Trí tuệ nhân tạo','13:00:00','16:00:00','206-GĐ3','GS.TS.Nguyễn Thanh Thủy',1,'2023-12-04','#ff0000'),(820,'Trí tuệ nhân tạo','13:00:00','16:00:00','206-GĐ3','GS.TS.Nguyễn Thanh Thủy',1,'2023-12-11','#ff0000'),(821,'Trí tuệ nhân tạo','13:00:00','16:00:00','206-GĐ3','GS.TS.Nguyễn Thanh Thủy',1,'2023-12-18','#ff0000'),(822,'Trí tuệ nhân tạo','13:00:00','16:00:00','206-GĐ3','GS.TS.Nguyễn Thanh Thủy',1,'2023-12-25','#ff0000'),(823,'Trí tuệ nhân tạo','13:00:00','16:00:00','206-GĐ3','GS.TS.Nguyễn Thanh Thủy',1,'2024-01-01','#ff0000'),(824,'Trí tuệ nhân tạo','13:00:00','16:00:00','206-GĐ3','GS.TS.Nguyễn Thanh Thủy',1,'2024-01-08','#ff0000'),(825,'Trí tuệ nhân tạo','13:00:00','16:00:00','206-GĐ3','GS.TS.Nguyễn Thanh Thủy',1,'2024-01-15','#ff0000'),(826,'Trí tuệ nhân tạo','13:00:00','16:00:00','206-GĐ3','GS.TS.Nguyễn Thanh Thủy',1,'2024-01-22','#ff0000'),(827,'Đá bóng','22:00:00','23:30:00','Sân Thành Phát','Không',1,'2023-12-29','#ff0000'),(828,'Bóng chuyền hơi','09:00:00','11:00:00','Sân bãi ĐHNN','TT GDTC&TT',3,'2023-08-29','#ff0000'),(829,'Bóng chuyền hơi','09:00:00','11:00:00','Sân bãi ĐHNN','TT GDTC&TT',3,'2023-09-05','#ff0000'),(830,'Bóng chuyền hơi','09:00:00','11:00:00','Sân bãi ĐHNN','TT GDTC&TT',3,'2023-09-12','#ff0000'),(831,'Bóng chuyền hơi','09:00:00','11:00:00','Sân bãi ĐHNN','TT GDTC&TT',3,'2023-09-19','#ff0000'),(832,'Bóng chuyền hơi','09:00:00','11:00:00','Sân bãi ĐHNN','TT GDTC&TT',3,'2023-09-26','#ff0000'),(833,'Bóng chuyền hơi','09:00:00','11:00:00','Sân bãi ĐHNN','TT GDTC&TT',3,'2023-10-03','#ff0000'),(834,'Bóng chuyền hơi','09:00:00','11:00:00','Sân bãi ĐHNN','TT GDTC&TT',3,'2023-10-10','#ff0000'),(835,'Bóng chuyền hơi','09:00:00','11:00:00','Sân bãi ĐHNN','TT GDTC&TT',3,'2023-10-17','#ff0000'),(836,'Bóng chuyền hơi','09:00:00','11:00:00','Sân bãi ĐHNN','TT GDTC&TT',3,'2023-10-24','#ff0000'),(837,'Bóng chuyền hơi','09:00:00','11:00:00','Sân bãi ĐHNN','TT GDTC&TT',3,'2023-10-31','#ff0000'),(838,'Bóng chuyền hơi','09:00:00','11:00:00','Sân bãi ĐHNN','TT GDTC&TT',3,'2023-11-07','#ff0000'),(839,'Bóng chuyền hơi','09:00:00','11:00:00','Sân bãi ĐHNN','TT GDTC&TT',3,'2023-11-14','#ff0000'),(840,'Bóng chuyền hơi','09:00:00','11:00:00','Sân bãi ĐHNN','TT GDTC&TT',3,'2023-11-21','#ff0000'),(841,'Bóng chuyền hơi','09:00:00','11:00:00','Sân bãi ĐHNN','TT GDTC&TT',3,'2023-11-28','#ff0000'),(842,'Bóng chuyền hơi','09:00:00','11:00:00','Sân bãi ĐHNN','TT GDTC&TT',3,'2023-12-05','#ff0000'),(843,'Bóng chuyền hơi','09:00:00','11:00:00','Sân bãi ĐHNN','TT GDTC&TT',3,'2023-12-12','#ff0000'),(844,'Bóng chuyền hơi','09:00:00','11:00:00','Sân bãi ĐHNN','TT GDTC&TT',3,'2023-12-19','#ff0000'),(845,'Bóng chuyền hơi','09:00:00','11:00:00','Sân bãi ĐHNN','TT GDTC&TT',3,'2023-12-26','#efef98'),(846,'Bóng chuyền hơi','09:00:00','11:00:00','Sân bãi ĐHNN','TT GDTC&TT',3,'2024-01-02','#ff0000'),(847,'Bóng chuyền hơi','09:00:00','11:00:00','Sân bãi ĐHNN','TT GDTC&TT',3,'2024-01-09','#ff0000'),(848,'Bóng chuyền hơi','09:00:00','11:00:00','Sân bãi ĐHNN','TT GDTC&TT',3,'2024-01-16','#ff0000'),(849,'Bóng chuyền hơi','09:00:00','11:00:00','Sân bãi ĐHNN','TT GDTC&TT',3,'2024-01-23','#ff0000'),(850,'Chủ nghĩa xã hội khoa học','09:00:00','11:00:00','308-GĐ2','TS.Nguyễn Thị Lan',3,'2023-08-30','#ff0000'),(851,'Chủ nghĩa xã hội khoa học','09:00:00','11:00:00','308-GĐ2','TS.Nguyễn Thị Lan',3,'2023-09-06','#ff0000'),(852,'Chủ nghĩa xã hội khoa học','09:00:00','11:00:00','308-GĐ2','TS.Nguyễn Thị Lan',3,'2023-09-13','#ff0000'),(853,'Chủ nghĩa xã hội khoa học','09:00:00','11:00:00','308-GĐ2','TS.Nguyễn Thị Lan',3,'2023-09-20','#ff0000'),(854,'Chủ nghĩa xã hội khoa học','09:00:00','11:00:00','308-GĐ2','TS.Nguyễn Thị Lan',3,'2023-09-27','#ff0000'),(855,'Chủ nghĩa xã hội khoa học','09:00:00','11:00:00','308-GĐ2','TS.Nguyễn Thị Lan',3,'2023-10-04','#ff0000'),(856,'Chủ nghĩa xã hội khoa học','09:00:00','11:00:00','308-GĐ2','TS.Nguyễn Thị Lan',3,'2023-10-11','#ff0000'),(857,'Chủ nghĩa xã hội khoa học','09:00:00','11:00:00','308-GĐ2','TS.Nguyễn Thị Lan',3,'2023-10-18','#ff0000'),(858,'Chủ nghĩa xã hội khoa học','09:00:00','11:00:00','308-GĐ2','TS.Nguyễn Thị Lan',3,'2023-10-25','#ff0000'),(859,'Chủ nghĩa xã hội khoa học','09:00:00','11:00:00','308-GĐ2','TS.Nguyễn Thị Lan',3,'2023-11-01','#ff0000'),(860,'Chủ nghĩa xã hội khoa học','09:00:00','11:00:00','308-GĐ2','TS.Nguyễn Thị Lan',3,'2023-11-08','#ff0000'),(861,'Chủ nghĩa xã hội khoa học','09:00:00','11:00:00','308-GĐ2','TS.Nguyễn Thị Lan',3,'2023-11-15','#ff0000'),(862,'Chủ nghĩa xã hội khoa học','09:00:00','11:00:00','308-GĐ2','TS.Nguyễn Thị Lan',3,'2023-11-22','#ff0000'),(863,'Chủ nghĩa xã hội khoa học','09:00:00','11:00:00','308-GĐ2','TS.Nguyễn Thị Lan',3,'2023-11-29','#ff0000'),(864,'Chủ nghĩa xã hội khoa học','09:00:00','11:00:00','308-GĐ2','TS.Nguyễn Thị Lan',3,'2023-12-06','#ff0000'),(865,'Chủ nghĩa xã hội khoa học','09:00:00','11:00:00','308-GĐ2','TS.Nguyễn Thị Lan',3,'2023-12-13','#ff0000'),(866,'Chủ nghĩa xã hội khoa học','09:00:00','11:00:00','308-GĐ2','TS.Nguyễn Thị Lan',3,'2023-12-20','#ff0000'),(867,'Chủ nghĩa xã hội khoa học','09:00:00','11:00:00','308-GĐ2','TS.Nguyễn Thị Lan',3,'2023-12-27','#ff0000'),(868,'Chủ nghĩa xã hội khoa học','09:00:00','11:00:00','308-GĐ2','TS.Nguyễn Thị Lan',3,'2024-01-03','#ff0000'),(869,'Chủ nghĩa xã hội khoa học','09:00:00','11:00:00','308-GĐ2','TS.Nguyễn Thị Lan',3,'2024-01-10','#ff0000'),(870,'Chủ nghĩa xã hội khoa học','09:00:00','11:00:00','308-GĐ2','TS.Nguyễn Thị Lan',3,'2024-01-17','#ff0000'),(871,'Chủ nghĩa xã hội khoa học','09:00:00','11:00:00','308-GĐ2','TS.Nguyễn Thị Lan',3,'2024-01-24','#ff0000'),(872,'Đồ họa máy tính','13:00:00','15:00:00','301-GĐ2','TS.Ma Thị Châu',3,'2023-08-30','#ff0000'),(873,'Đồ họa máy tính','13:00:00','15:00:00','301-GĐ2','TS.Ma Thị Châu',3,'2023-09-06','#ff0000'),(874,'Đồ họa máy tính','13:00:00','15:00:00','301-GĐ2','TS.Ma Thị Châu',3,'2023-09-13','#ff0000'),(875,'Đồ họa máy tính','13:00:00','15:00:00','301-GĐ2','TS.Ma Thị Châu',3,'2023-09-20','#ff0000'),(876,'Đồ họa máy tính','13:00:00','15:00:00','301-GĐ2','TS.Ma Thị Châu',3,'2023-09-27','#ff0000'),(877,'Đồ họa máy tính','13:00:00','15:00:00','301-GĐ2','TS.Ma Thị Châu',3,'2023-10-04','#ff0000'),(878,'Đồ họa máy tính','13:00:00','15:00:00','301-GĐ2','TS.Ma Thị Châu',3,'2023-10-11','#ff0000'),(879,'Đồ họa máy tính','13:00:00','15:00:00','301-GĐ2','TS.Ma Thị Châu',3,'2023-10-18','#ff0000'),(880,'Đồ họa máy tính','13:00:00','15:00:00','301-GĐ2','TS.Ma Thị Châu',3,'2023-10-25','#ff0000'),(881,'Đồ họa máy tính','13:00:00','15:00:00','301-GĐ2','TS.Ma Thị Châu',3,'2023-11-01','#ff0000'),(882,'Đồ họa máy tính','13:00:00','15:00:00','301-GĐ2','TS.Ma Thị Châu',3,'2023-11-08','#ff0000'),(883,'Đồ họa máy tính','13:00:00','15:00:00','301-GĐ2','TS.Ma Thị Châu',3,'2023-11-15','#ff0000'),(884,'Đồ họa máy tính','13:00:00','15:00:00','301-GĐ2','TS.Ma Thị Châu',3,'2023-11-22','#ff0000'),(885,'Đồ họa máy tính','13:00:00','15:00:00','301-GĐ2','TS.Ma Thị Châu',3,'2023-11-29','#ff0000'),(886,'Đồ họa máy tính','13:00:00','15:00:00','301-GĐ2','TS.Ma Thị Châu',3,'2023-12-06','#ff0000'),(887,'Đồ họa máy tính','13:00:00','15:00:00','301-GĐ2','TS.Ma Thị Châu',3,'2023-12-13','#ff0000'),(888,'Đồ họa máy tính','13:00:00','15:00:00','301-GĐ2','TS.Ma Thị Châu',3,'2023-12-20','#ff0000'),(889,'Đồ họa máy tính','13:00:00','15:00:00','301-GĐ2','TS.Ma Thị Châu',3,'2023-12-27','#8befb8'),(890,'Đồ họa máy tính','13:00:00','15:00:00','301-GĐ2','TS.Ma Thị Châu',3,'2024-01-03','#ff0000'),(891,'Đồ họa máy tính','13:00:00','15:00:00','301-GĐ2','TS.Ma Thị Châu',3,'2024-01-10','#ff0000'),(892,'Đồ họa máy tính','13:00:00','15:00:00','301-GĐ2','TS.Ma Thị Châu',3,'2024-01-17','#ff0000'),(893,'Đồ họa máy tính','13:00:00','15:00:00','301-GĐ2','TS.Ma Thị Châu',3,'2024-01-24','#ff0000'),(894,'Khai phá dữ liệu','07:00:00','10:00:00','309-GĐ2','PGS.TS.Hà Quang Thụy',3,'2023-08-28','#ff0000'),(895,'Khai phá dữ liệu','07:00:00','10:00:00','309-GĐ2','PGS.TS.Hà Quang Thụy',3,'2023-09-04','#ff0000'),(896,'Khai phá dữ liệu','07:00:00','10:00:00','309-GĐ2','PGS.TS.Hà Quang Thụy',3,'2023-09-11','#ff0000'),(897,'Khai phá dữ liệu','07:00:00','10:00:00','309-GĐ2','PGS.TS.Hà Quang Thụy',3,'2023-09-18','#ff0000'),(898,'Khai phá dữ liệu','07:00:00','10:00:00','309-GĐ2','PGS.TS.Hà Quang Thụy',3,'2023-09-25','#ff0000'),(899,'Khai phá dữ liệu','07:00:00','10:00:00','309-GĐ2','PGS.TS.Hà Quang Thụy',3,'2023-10-02','#ff0000'),(900,'Khai phá dữ liệu','07:00:00','10:00:00','309-GĐ2','PGS.TS.Hà Quang Thụy',3,'2023-10-09','#ff0000'),(901,'Khai phá dữ liệu','07:00:00','10:00:00','309-GĐ2','PGS.TS.Hà Quang Thụy',3,'2023-10-16','#ff0000'),(902,'Khai phá dữ liệu','07:00:00','10:00:00','309-GĐ2','PGS.TS.Hà Quang Thụy',3,'2023-10-23','#ff0000'),(903,'Khai phá dữ liệu','07:00:00','10:00:00','309-GĐ2','PGS.TS.Hà Quang Thụy',3,'2023-10-30','#ff0000'),(904,'Khai phá dữ liệu','07:00:00','10:00:00','309-GĐ2','PGS.TS.Hà Quang Thụy',3,'2023-11-06','#ff0000'),(905,'Khai phá dữ liệu','07:00:00','10:00:00','309-GĐ2','PGS.TS.Hà Quang Thụy',3,'2023-11-13','#ff0000'),(906,'Khai phá dữ liệu','07:00:00','10:00:00','309-GĐ2','PGS.TS.Hà Quang Thụy',3,'2023-11-20','#ff0000'),(907,'Khai phá dữ liệu','07:00:00','10:00:00','309-GĐ2','PGS.TS.Hà Quang Thụy',3,'2023-11-27','#ff0000'),(908,'Khai phá dữ liệu','07:00:00','10:00:00','309-GĐ2','PGS.TS.Hà Quang Thụy',3,'2023-12-04','#ff0000'),(909,'Khai phá dữ liệu','07:00:00','10:00:00','309-GĐ2','PGS.TS.Hà Quang Thụy',3,'2023-12-11','#ff0000'),(910,'Khai phá dữ liệu','07:00:00','10:00:00','309-GĐ2','PGS.TS.Hà Quang Thụy',3,'2023-12-18','#ff0000'),(911,'Khai phá dữ liệu','07:00:00','10:00:00','309-GĐ2','PGS.TS.Hà Quang Thụy',3,'2023-12-25','#8e3737'),(912,'Khai phá dữ liệu','07:00:00','10:00:00','309-GĐ2','PGS.TS.Hà Quang Thụy',3,'2024-01-01','#ff0000'),(913,'Khai phá dữ liệu','07:00:00','10:00:00','309-GĐ2','PGS.TS.Hà Quang Thụy',3,'2024-01-08','#ff0000'),(914,'Khai phá dữ liệu','07:00:00','10:00:00','309-GĐ2','PGS.TS.Hà Quang Thụy',3,'2024-01-15','#ff0000'),(915,'Khai phá dữ liệu','07:00:00','10:00:00','309-GĐ2','PGS.TS.Hà Quang Thụy',3,'2024-01-22','#ff0000'),(916,'Pháp luật và đạo đức nghề nghiệp trong CNTT','11:00:00','13:00:00','105-GĐ3','TS.Nguyễn Thành Luân',3,'2023-09-02','#ff0000'),(917,'Pháp luật và đạo đức nghề nghiệp trong CNTT','11:00:00','13:00:00','105-GĐ3','TS.Nguyễn Thành Luân',3,'2023-09-09','#ff0000'),(918,'Pháp luật và đạo đức nghề nghiệp trong CNTT','11:00:00','13:00:00','105-GĐ3','TS.Nguyễn Thành Luân',3,'2023-09-16','#ff0000'),(919,'Pháp luật và đạo đức nghề nghiệp trong CNTT','11:00:00','13:00:00','105-GĐ3','TS.Nguyễn Thành Luân',3,'2023-09-23','#ff0000'),(920,'Pháp luật và đạo đức nghề nghiệp trong CNTT','11:00:00','13:00:00','105-GĐ3','TS.Nguyễn Thành Luân',3,'2023-09-30','#ff0000'),(921,'Pháp luật và đạo đức nghề nghiệp trong CNTT','11:00:00','13:00:00','105-GĐ3','TS.Nguyễn Thành Luân',3,'2023-10-07','#ff0000'),(922,'Pháp luật và đạo đức nghề nghiệp trong CNTT','11:00:00','13:00:00','105-GĐ3','TS.Nguyễn Thành Luân',3,'2023-10-14','#ff0000'),(923,'Pháp luật và đạo đức nghề nghiệp trong CNTT','11:00:00','13:00:00','105-GĐ3','TS.Nguyễn Thành Luân',3,'2023-10-21','#ff0000'),(924,'Pháp luật và đạo đức nghề nghiệp trong CNTT','11:00:00','13:00:00','105-GĐ3','TS.Nguyễn Thành Luân',3,'2023-10-28','#ff0000'),(925,'Pháp luật và đạo đức nghề nghiệp trong CNTT','11:00:00','13:00:00','105-GĐ3','TS.Nguyễn Thành Luân',3,'2023-11-04','#ff0000'),(926,'Pháp luật và đạo đức nghề nghiệp trong CNTT','11:00:00','13:00:00','105-GĐ3','TS.Nguyễn Thành Luân',3,'2023-11-11','#ff0000'),(927,'Pháp luật và đạo đức nghề nghiệp trong CNTT','11:00:00','13:00:00','105-GĐ3','TS.Nguyễn Thành Luân',3,'2023-11-18','#ff0000'),(928,'Pháp luật và đạo đức nghề nghiệp trong CNTT','11:00:00','13:00:00','105-GĐ3','TS.Nguyễn Thành Luân',3,'2023-11-25','#ff0000'),(929,'Pháp luật và đạo đức nghề nghiệp trong CNTT','11:00:00','13:00:00','105-GĐ3','TS.Nguyễn Thành Luân',3,'2023-12-02','#ff0000'),(930,'Pháp luật và đạo đức nghề nghiệp trong CNTT','11:00:00','13:00:00','105-GĐ3','TS.Nguyễn Thành Luân',3,'2023-12-09','#ff0000'),(931,'Pháp luật và đạo đức nghề nghiệp trong CNTT','11:00:00','13:00:00','105-GĐ3','TS.Nguyễn Thành Luân',3,'2023-12-16','#ff0000'),(932,'Pháp luật và đạo đức nghề nghiệp trong CNTT','11:00:00','13:00:00','105-GĐ3','TS.Nguyễn Thành Luân',3,'2023-12-23','#ff0000'),(933,'Pháp luật và đạo đức nghề nghiệp trong CNTT','11:00:00','13:00:00','105-GĐ3','TS.Nguyễn Thành Luân',3,'2023-12-30','#ff0000'),(934,'Pháp luật và đạo đức nghề nghiệp trong CNTT','11:00:00','13:00:00','105-GĐ3','TS.Nguyễn Thành Luân',3,'2024-01-06','#ff0000'),(935,'Pháp luật và đạo đức nghề nghiệp trong CNTT','11:00:00','13:00:00','105-GĐ3','TS.Nguyễn Thành Luân',3,'2024-01-13','#ff0000'),(936,'Pháp luật và đạo đức nghề nghiệp trong CNTT','11:00:00','13:00:00','105-GĐ3','TS.Nguyễn Thành Luân',3,'2024-01-20','#ff0000'),(937,'Pháp luật và đạo đức nghề nghiệp trong CNTT','11:00:00','13:00:00','105-GĐ3','TS.Nguyễn Thành Luân',3,'2024-01-27','#ff0000'),(938,'Phát triển ứng dụng Web','16:00:00','18:00:00','206-GĐ3','TS.Hoàng Xuân Tùng',3,'2023-08-28','#ff0000'),(939,'Phát triển ứng dụng Web','16:00:00','18:00:00','206-GĐ3','TS.Hoàng Xuân Tùng',3,'2023-09-04','#ff0000'),(940,'Phát triển ứng dụng Web','16:00:00','18:00:00','206-GĐ3','TS.Hoàng Xuân Tùng',3,'2023-09-11','#ff0000'),(941,'Phát triển ứng dụng Web','16:00:00','18:00:00','206-GĐ3','TS.Hoàng Xuân Tùng',3,'2023-09-18','#ff0000'),(942,'Phát triển ứng dụng Web','16:00:00','18:00:00','206-GĐ3','TS.Hoàng Xuân Tùng',3,'2023-09-25','#ff0000'),(943,'Phát triển ứng dụng Web','16:00:00','18:00:00','206-GĐ3','TS.Hoàng Xuân Tùng',3,'2023-10-02','#ff0000'),(944,'Phát triển ứng dụng Web','16:00:00','18:00:00','206-GĐ3','TS.Hoàng Xuân Tùng',3,'2023-10-09','#ff0000'),(945,'Phát triển ứng dụng Web','16:00:00','18:00:00','206-GĐ3','TS.Hoàng Xuân Tùng',3,'2023-10-16','#ff0000'),(946,'Phát triển ứng dụng Web','16:00:00','18:00:00','206-GĐ3','TS.Hoàng Xuân Tùng',3,'2023-10-23','#ff0000'),(947,'Phát triển ứng dụng Web','16:00:00','18:00:00','206-GĐ3','TS.Hoàng Xuân Tùng',3,'2023-10-30','#ff0000'),(948,'Phát triển ứng dụng Web','16:00:00','18:00:00','206-GĐ3','TS.Hoàng Xuân Tùng',3,'2023-11-06','#ff0000'),(949,'Phát triển ứng dụng Web','16:00:00','18:00:00','206-GĐ3','TS.Hoàng Xuân Tùng',3,'2023-11-13','#ff0000'),(950,'Phát triển ứng dụng Web','16:00:00','18:00:00','206-GĐ3','TS.Hoàng Xuân Tùng',3,'2023-11-20','#ff0000'),(951,'Phát triển ứng dụng Web','16:00:00','18:00:00','206-GĐ3','TS.Hoàng Xuân Tùng',3,'2023-11-27','#ff0000'),(952,'Phát triển ứng dụng Web','16:00:00','18:00:00','206-GĐ3','TS.Hoàng Xuân Tùng',3,'2023-12-04','#ff0000'),(953,'Phát triển ứng dụng Web','16:00:00','18:00:00','206-GĐ3','TS.Hoàng Xuân Tùng',3,'2023-12-11','#ff0000'),(954,'Phát triển ứng dụng Web','16:00:00','18:00:00','206-GĐ3','TS.Hoàng Xuân Tùng',3,'2023-12-18','#ff0000'),(955,'Phát triển ứng dụng Web','16:00:00','18:00:00','206-GĐ3','TS.Hoàng Xuân Tùng',3,'2023-12-25','#ff0000'),(956,'Phát triển ứng dụng Web','16:00:00','18:00:00','206-GĐ3','TS.Hoàng Xuân Tùng',3,'2024-01-01','#ff0000'),(957,'Phát triển ứng dụng Web','16:00:00','18:00:00','206-GĐ3','TS.Hoàng Xuân Tùng',3,'2024-01-08','#ff0000'),(958,'Phát triển ứng dụng Web','16:00:00','18:00:00','206-GĐ3','TS.Hoàng Xuân Tùng',3,'2024-01-15','#ff0000'),(959,'Phát triển ứng dụng Web','16:00:00','18:00:00','206-GĐ3','TS.Hoàng Xuân Tùng',3,'2024-01-22','#ff0000'),(960,'Phát triển ứng dụng Web','15:00:00','17:00:00','PM208-G2','CN.Vũ Đức Trung',3,'2023-08-30','#ff0000'),(961,'Phát triển ứng dụng Web','15:00:00','17:00:00','PM208-G2','CN.Vũ Đức Trung',3,'2023-09-06','#ff0000'),(962,'Phát triển ứng dụng Web','15:00:00','17:00:00','PM208-G2','CN.Vũ Đức Trung',3,'2023-09-13','#ff0000'),(963,'Phát triển ứng dụng Web','15:00:00','17:00:00','PM208-G2','CN.Vũ Đức Trung',3,'2023-09-20','#ff0000'),(964,'Phát triển ứng dụng Web','15:00:00','17:00:00','PM208-G2','CN.Vũ Đức Trung',3,'2023-09-27','#ff0000'),(965,'Phát triển ứng dụng Web','15:00:00','17:00:00','PM208-G2','CN.Vũ Đức Trung',3,'2023-10-04','#ff0000'),(966,'Phát triển ứng dụng Web','15:00:00','17:00:00','PM208-G2','CN.Vũ Đức Trung',3,'2023-10-11','#ff0000'),(967,'Phát triển ứng dụng Web','15:00:00','17:00:00','PM208-G2','CN.Vũ Đức Trung',3,'2023-10-18','#ff0000'),(968,'Phát triển ứng dụng Web','15:00:00','17:00:00','PM208-G2','CN.Vũ Đức Trung',3,'2023-10-25','#ff0000'),(969,'Phát triển ứng dụng Web','15:00:00','17:00:00','PM208-G2','CN.Vũ Đức Trung',3,'2023-11-01','#ff0000'),(970,'Phát triển ứng dụng Web','15:00:00','17:00:00','PM208-G2','CN.Vũ Đức Trung',3,'2023-11-08','#ff0000'),(971,'Phát triển ứng dụng Web','15:00:00','17:00:00','PM208-G2','CN.Vũ Đức Trung',3,'2023-11-15','#ff0000'),(972,'Phát triển ứng dụng Web','15:00:00','17:00:00','PM208-G2','CN.Vũ Đức Trung',3,'2023-11-22','#ff0000'),(973,'Phát triển ứng dụng Web','15:00:00','17:00:00','PM208-G2','CN.Vũ Đức Trung',3,'2023-11-29','#ff0000'),(974,'Phát triển ứng dụng Web','15:00:00','17:00:00','PM208-G2','CN.Vũ Đức Trung',3,'2023-12-06','#ff0000'),(975,'Phát triển ứng dụng Web','15:00:00','17:00:00','PM208-G2','CN.Vũ Đức Trung',3,'2023-12-13','#ff0000'),(976,'Phát triển ứng dụng Web','15:00:00','17:00:00','PM208-G2','CN.Vũ Đức Trung',3,'2023-12-20','#ff0000'),(977,'Phát triển ứng dụng Web','15:00:00','17:00:00','PM208-G2','CN.Vũ Đức Trung',3,'2023-12-27','#ff0000'),(978,'Phát triển ứng dụng Web','15:00:00','17:00:00','PM208-G2','CN.Vũ Đức Trung',3,'2024-01-03','#ff0000'),(979,'Phát triển ứng dụng Web','15:00:00','17:00:00','PM208-G2','CN.Vũ Đức Trung',3,'2024-01-10','#ff0000'),(980,'Phát triển ứng dụng Web','15:00:00','17:00:00','PM208-G2','CN.Vũ Đức Trung',3,'2024-01-17','#ff0000'),(981,'Phát triển ứng dụng Web','15:00:00','17:00:00','PM208-G2','CN.Vũ Đức Trung',3,'2024-01-24','#ff0000'),(982,'Quản lý dự án phần mềm','07:00:00','10:00:00','106-GĐ3','TS.Trần Hoàng Việt',3,'2023-09-02','#ff0000'),(983,'Quản lý dự án phần mềm','07:00:00','10:00:00','106-GĐ3','TS.Trần Hoàng Việt',3,'2023-09-09','#ff0000'),(984,'Quản lý dự án phần mềm','07:00:00','10:00:00','106-GĐ3','TS.Trần Hoàng Việt',3,'2023-09-16','#ff0000'),(985,'Quản lý dự án phần mềm','07:00:00','10:00:00','106-GĐ3','TS.Trần Hoàng Việt',3,'2023-09-23','#ff0000'),(986,'Quản lý dự án phần mềm','07:00:00','10:00:00','106-GĐ3','TS.Trần Hoàng Việt',3,'2023-09-30','#ff0000'),(987,'Quản lý dự án phần mềm','07:00:00','10:00:00','106-GĐ3','TS.Trần Hoàng Việt',3,'2023-10-07','#ff0000'),(988,'Quản lý dự án phần mềm','07:00:00','10:00:00','106-GĐ3','TS.Trần Hoàng Việt',3,'2023-10-14','#ff0000'),(989,'Quản lý dự án phần mềm','07:00:00','10:00:00','106-GĐ3','TS.Trần Hoàng Việt',3,'2023-10-21','#ff0000'),(990,'Quản lý dự án phần mềm','07:00:00','10:00:00','106-GĐ3','TS.Trần Hoàng Việt',3,'2023-10-28','#ff0000'),(991,'Quản lý dự án phần mềm','07:00:00','10:00:00','106-GĐ3','TS.Trần Hoàng Việt',3,'2023-11-04','#ff0000'),(992,'Quản lý dự án phần mềm','07:00:00','10:00:00','106-GĐ3','TS.Trần Hoàng Việt',3,'2023-11-11','#ff0000'),(993,'Quản lý dự án phần mềm','07:00:00','10:00:00','106-GĐ3','TS.Trần Hoàng Việt',3,'2023-11-18','#ff0000'),(994,'Quản lý dự án phần mềm','07:00:00','10:00:00','106-GĐ3','TS.Trần Hoàng Việt',3,'2023-11-25','#ff0000'),(995,'Quản lý dự án phần mềm','07:00:00','10:00:00','106-GĐ3','TS.Trần Hoàng Việt',3,'2023-12-02','#ff0000'),(996,'Quản lý dự án phần mềm','07:00:00','10:00:00','106-GĐ3','TS.Trần Hoàng Việt',3,'2023-12-09','#ff0000'),(997,'Quản lý dự án phần mềm','07:00:00','10:00:00','106-GĐ3','TS.Trần Hoàng Việt',3,'2023-12-16','#ff0000'),(998,'Quản lý dự án phần mềm','07:00:00','10:00:00','106-GĐ3','TS.Trần Hoàng Việt',3,'2023-12-23','#ff0000'),(999,'Quản lý dự án phần mềm','07:00:00','10:00:00','106-GĐ3','TS.Trần Hoàng Việt',3,'2023-12-30','#ff0000'),(1000,'Quản lý dự án phần mềm','07:00:00','10:00:00','106-GĐ3','TS.Trần Hoàng Việt',3,'2024-01-06','#ff0000'),(1001,'Quản lý dự án phần mềm','07:00:00','10:00:00','106-GĐ3','TS.Trần Hoàng Việt',3,'2024-01-13','#ff0000'),(1002,'Quản lý dự án phần mềm','07:00:00','10:00:00','106-GĐ3','TS.Trần Hoàng Việt',3,'2024-01-20','#ff0000'),(1003,'Quản lý dự án phần mềm','07:00:00','10:00:00','106-GĐ3','TS.Trần Hoàng Việt',3,'2024-01-27','#ff0000'),(1004,'Trí tuệ nhân tạo','13:00:00','16:00:00','206-GĐ3','GS.TS.Nguyễn Thanh Thủy',3,'2023-08-28','#ff0000'),(1005,'Trí tuệ nhân tạo','13:00:00','16:00:00','206-GĐ3','GS.TS.Nguyễn Thanh Thủy',3,'2023-09-04','#ff0000'),(1006,'Trí tuệ nhân tạo','13:00:00','16:00:00','206-GĐ3','GS.TS.Nguyễn Thanh Thủy',3,'2023-09-11','#ff0000'),(1007,'Trí tuệ nhân tạo','13:00:00','16:00:00','206-GĐ3','GS.TS.Nguyễn Thanh Thủy',3,'2023-09-18','#ff0000'),(1008,'Trí tuệ nhân tạo','13:00:00','16:00:00','206-GĐ3','GS.TS.Nguyễn Thanh Thủy',3,'2023-09-25','#ff0000'),(1009,'Trí tuệ nhân tạo','13:00:00','16:00:00','206-GĐ3','GS.TS.Nguyễn Thanh Thủy',3,'2023-10-02','#ff0000'),(1010,'Trí tuệ nhân tạo','13:00:00','16:00:00','206-GĐ3','GS.TS.Nguyễn Thanh Thủy',3,'2023-10-09','#ff0000'),(1011,'Trí tuệ nhân tạo','13:00:00','16:00:00','206-GĐ3','GS.TS.Nguyễn Thanh Thủy',3,'2023-10-16','#ff0000'),(1012,'Trí tuệ nhân tạo','13:00:00','16:00:00','206-GĐ3','GS.TS.Nguyễn Thanh Thủy',3,'2023-10-23','#ff0000'),(1013,'Trí tuệ nhân tạo','13:00:00','16:00:00','206-GĐ3','GS.TS.Nguyễn Thanh Thủy',3,'2023-10-30','#ff0000'),(1014,'Trí tuệ nhân tạo','13:00:00','16:00:00','206-GĐ3','GS.TS.Nguyễn Thanh Thủy',3,'2023-11-06','#ff0000'),(1015,'Trí tuệ nhân tạo','13:00:00','16:00:00','206-GĐ3','GS.TS.Nguyễn Thanh Thủy',3,'2023-11-13','#ff0000'),(1016,'Trí tuệ nhân tạo','13:00:00','16:00:00','206-GĐ3','GS.TS.Nguyễn Thanh Thủy',3,'2023-11-20','#ff0000'),(1017,'Trí tuệ nhân tạo','13:00:00','16:00:00','206-GĐ3','GS.TS.Nguyễn Thanh Thủy',3,'2023-11-27','#ff0000'),(1018,'Trí tuệ nhân tạo','13:00:00','16:00:00','206-GĐ3','GS.TS.Nguyễn Thanh Thủy',3,'2023-12-04','#ff0000'),(1019,'Trí tuệ nhân tạo','13:00:00','16:00:00','206-GĐ3','GS.TS.Nguyễn Thanh Thủy',3,'2023-12-11','#ff0000'),(1020,'Trí tuệ nhân tạo','13:00:00','16:00:00','206-GĐ3','GS.TS.Nguyễn Thanh Thủy',3,'2023-12-18','#ff0000'),(1021,'Trí tuệ nhân tạo','13:00:00','16:00:00','206-GĐ3','GS.TS.Nguyễn Thanh Thủy',3,'2023-12-25','#ff0000'),(1022,'Trí tuệ nhân tạo','13:00:00','16:00:00','206-GĐ3','GS.TS.Nguyễn Thanh Thủy',3,'2024-01-01','#ff0000'),(1023,'Trí tuệ nhân tạo','13:00:00','16:00:00','206-GĐ3','GS.TS.Nguyễn Thanh Thủy',3,'2024-01-08','#ff0000'),(1024,'Trí tuệ nhân tạo','13:00:00','16:00:00','206-GĐ3','GS.TS.Nguyễn Thanh Thủy',3,'2024-01-15','#ff0000'),(1025,'Trí tuệ nhân tạo','13:00:00','16:00:00','206-GĐ3','GS.TS.Nguyễn Thanh Thủy',3,'2024-01-22','#ff0000'),(1026,'Xác suất thống kê','13:00:00','16:00:00','105-GĐ3','PGS.TS.Lê Sỹ Vinh',3,'2023-09-01','#ff0000'),(1027,'Xác suất thống kê','13:00:00','16:00:00','105-GĐ3','PGS.TS.Lê Sỹ Vinh',3,'2023-09-08','#ff0000'),(1028,'Xác suất thống kê','13:00:00','16:00:00','105-GĐ3','PGS.TS.Lê Sỹ Vinh',3,'2023-09-15','#ff0000'),(1029,'Xác suất thống kê','13:00:00','16:00:00','105-GĐ3','PGS.TS.Lê Sỹ Vinh',3,'2023-09-22','#ff0000'),(1030,'Xác suất thống kê','13:00:00','16:00:00','105-GĐ3','PGS.TS.Lê Sỹ Vinh',3,'2023-09-29','#ff0000'),(1031,'Xác suất thống kê','13:00:00','16:00:00','105-GĐ3','PGS.TS.Lê Sỹ Vinh',3,'2023-10-06','#ff0000'),(1032,'Xác suất thống kê','13:00:00','16:00:00','105-GĐ3','PGS.TS.Lê Sỹ Vinh',3,'2023-10-13','#ff0000'),(1033,'Xác suất thống kê','13:00:00','16:00:00','105-GĐ3','PGS.TS.Lê Sỹ Vinh',3,'2023-10-20','#ff0000'),(1034,'Xác suất thống kê','13:00:00','16:00:00','105-GĐ3','PGS.TS.Lê Sỹ Vinh',3,'2023-10-27','#ff0000'),(1035,'Xác suất thống kê','13:00:00','16:00:00','105-GĐ3','PGS.TS.Lê Sỹ Vinh',3,'2023-11-03','#ff0000'),(1036,'Xác suất thống kê','13:00:00','16:00:00','105-GĐ3','PGS.TS.Lê Sỹ Vinh',3,'2023-11-10','#ff0000'),(1037,'Xác suất thống kê','13:00:00','16:00:00','105-GĐ3','PGS.TS.Lê Sỹ Vinh',3,'2023-11-17','#ff0000'),(1038,'Xác suất thống kê','13:00:00','16:00:00','105-GĐ3','PGS.TS.Lê Sỹ Vinh',3,'2023-11-24','#ff0000'),(1039,'Xác suất thống kê','13:00:00','16:00:00','105-GĐ3','PGS.TS.Lê Sỹ Vinh',3,'2023-12-01','#ff0000'),(1040,'Xác suất thống kê','13:00:00','16:00:00','105-GĐ3','PGS.TS.Lê Sỹ Vinh',3,'2023-12-08','#ff0000'),(1041,'Xác suất thống kê','13:00:00','16:00:00','105-GĐ3','PGS.TS.Lê Sỹ Vinh',3,'2023-12-15','#ff0000'),(1042,'Xác suất thống kê','13:00:00','16:00:00','105-GĐ3','PGS.TS.Lê Sỹ Vinh',3,'2023-12-22','#ff0000'),(1043,'Xác suất thống kê','13:00:00','16:00:00','105-GĐ3','PGS.TS.Lê Sỹ Vinh',3,'2023-12-29','#9bc2e6'),(1044,'Xác suất thống kê','13:00:00','16:00:00','105-GĐ3','PGS.TS.Lê Sỹ Vinh',3,'2024-01-05','#ff0000'),(1045,'Xác suất thống kê','13:00:00','16:00:00','105-GĐ3','PGS.TS.Lê Sỹ Vinh',3,'2024-01-12','#ff0000'),(1046,'Xác suất thống kê','13:00:00','16:00:00','105-GĐ3','PGS.TS.Lê Sỹ Vinh',3,'2024-01-19','#ff0000'),(1047,'Xác suất thống kê','13:00:00','16:00:00','105-GĐ3','PGS.TS.Lê Sỹ Vinh',3,'2024-01-26','#ff0000'),(1048,'Chưa có tiêu đề','18:00:00','20:00:00','','',3,'2023-12-24','#039BE5'),(1049,'Chưa có tiêu đề','18:00:00','20:00:00','','',3,'2023-12-24','#039BE5'),(1050,'Chưa có tiêu đề','17:00:00','20:00:00','','',3,'2023-12-24','#039BE5'),(1053,'Đá bóng','11:00:00','12:30:00','Sân Thành Phát','Không',1,'2023-12-29','#ff0000');
-- /*!40000 ALTER TABLE `Events` ENABLE KEYS */;
-- UNLOCK TABLES;
/*!50003 SET @saved_cs_client      = @@character_set_client */ ;
/*!50003 SET @saved_cs_results     = @@character_set_results */ ;
/*!50003 SET @saved_col_connection = @@collation_connection */ ;
/*!50003 SET character_set_client  = utf8mb4 */ ;
/*!50003 SET character_set_results = utf8mb4 */ ;
/*!50003 SET collation_connection  = utf8mb4_general_ci */ ;
/*!50003 SET @saved_sql_mode       = @@sql_mode */ ;
/*!50003 SET sql_mode              = 'REAL_AS_FLOAT,PIPES_AS_CONCAT,ANSI_QUOTES,IGNORE_SPACE,ONLY_FULL_GROUP_BY,ANSI,STRICT_ALL_TABLES,NO_ZERO_IN_DATE,NO_ZERO_DATE,ERROR_FOR_DIVISION_BY_ZERO,NO_ENGINE_SUBSTITUTION' */ ;
DELIMITER ;;
/*!50003 CREATE*/ /*!50017 DEFINER=`fall2324w3g4@`%`*/ /*!50003 TRIGGER `remove_EventClass_before_remove_Event` BEFORE DELETE ON `Events` FOR EACH ROW Begin
	Delete from EventClasses where EventId = OLD.Id;
End */;;
DELIMITER ;
/*!50003 SET sql_mode              = @saved_sql_mode */ ;
/*!50003 SET character_set_client  = @saved_cs_client */ ;
/*!50003 SET character_set_results = @saved_cs_results */ ;
/*!50003 SET collation_connection  = @saved_col_connection */ ;

--
-- Table structure for table `Majors`
--

DROP TABLE IF EXISTS `Majors`;
/*!40101 SET @saved_cs_client     = @@character_set_client */;
/*!50503 SET character_set_client = utf8mb4 */;
CREATE TABLE `Majors` (
  `Id` int NOT NULL AUTO_INCREMENT,
  `Name` varchar(255) NOT NULL,
  `Code` varchar(255) NOT NULL,
  `Info` text NOT NULL,
  PRIMARY KEY (`Id`)
) ENGINE=InnoDB DEFAULT CHARSET=utf8mb4 COLLATE=utf8mb4_general_ci;
/*!40101 SET character_set_client = @saved_cs_client */;

--
-- Dumping data for table `Majors`
--

LOCK TABLES `Majors` WRITE;
/*!40000 ALTER TABLE `Majors` DISABLE KEYS */;
INSERT INTO `Majors` VALUES (1,'Công Nghệ Thông Tin','CN1','Vjp');
/*!40000 ALTER TABLE `Majors` ENABLE KEYS */;
UNLOCK TABLES;

--
-- Table structure for table `Notifications`
--

DROP TABLE IF EXISTS `Notifications`;
/*!40101 SET @saved_cs_client     = @@character_set_client */;
/*!50503 SET character_set_client = utf8mb4 */;
CREATE TABLE `Notifications` (
  `Id` int NOT NULL AUTO_INCREMENT,
  `createdAt` datetime DEFAULT NULL,
  `UserId` int NOT NULL,
  `Content` text COLLATE utf8mb4_general_ci NOT NULL,
  `Seen` tinyint(1) DEFAULT '0',
  `Link` text COLLATE utf8mb4_general_ci,
  `senderId` int NOT NULL,
  PRIMARY KEY (`Id`),
  KEY `UserId` (`UserId`),
  CONSTRAINT `Notifications_ibfk_1` FOREIGN KEY (`UserId`) REFERENCES `Users` (`Id`)
) ENGINE=InnoDB DEFAULT CHARSET=utf8mb4 COLLATE=utf8mb4_general_ci;
/*!40101 SET character_set_client = @saved_cs_client */;

--
-- Dumping data for table `Notifications`
--

-- LOCK TABLES `Notifications` WRITE;
-- /*!40000 ALTER TABLE `Notifications` DISABLE KEYS */;
-- INSERT INTO `Notifications` VALUES (102,'2023-12-30 02:23:03',38,'Phạm Gia Việt Em đã thích tài liệu Meet Node - a crypto NFT marketplace iOS UI design kit for Figma của bạn',0,'XYZ',13);
-- /*!40000 ALTER TABLE `Notifications` ENABLE KEYS */;
-- UNLOCK TABLES;

--
-- Table structure for table `PageComments`
--

DROP TABLE IF EXISTS `PageComments`;
/*!40101 SET @saved_cs_client     = @@character_set_client */;
/*!50503 SET character_set_client = utf8mb4 */;
CREATE TABLE `PageComments` (
  `Id` int NOT NULL AUTO_INCREMENT,
  `PageId` int NOT NULL,
  `PageType` char(1) DEFAULT NULL,
  `CommentId` int NOT NULL,
  `ParentId` int NOT NULL DEFAULT '0',
  PRIMARY KEY (`Id`),
  KEY `PageId` (`PageId`,`PageType`),
  KEY `CommentId` (`CommentId`),
  CONSTRAINT `PageComments_ibfk_3` FOREIGN KEY (`PageId`, `PageType`) REFERENCES `Pages` (`PageId`, `PageType`),
  CONSTRAINT `PageComments_ibfk_4` FOREIGN KEY (`CommentId`) REFERENCES `Comments` (`Id`) ON DELETE CASCADE,
  CONSTRAINT `PageComments_chk_1` CHECK ((`PageType` in (_utf8mb4'D',_utf8mb4'S',_utf8mb4'R')))
) ENGINE=InnoDB DEFAULT CHARSET=utf8mb4 COLLATE=utf8mb4_general_ci;
/*!40101 SET character_set_client = @saved_cs_client */;

--
-- Dumping data for table `PageComments`
--

-- LOCK TABLES `PageComments` WRITE;
-- /*!40000 ALTER TABLE `PageComments` DISABLE KEYS */;
-- INSERT INTO `PageComments` VALUES (1,1,'S',317,0),(2,1,'S',318,317),(5,1,'S',327,0),(7,1,'S',329,326),(8,1,'S',330,0),(10,4,'S',332,330),(11,1,'S',333,0),(12,1,'S',334,0),(13,1,'S',335,0),(14,1,'S',336,0),(15,1,'S',337,0),(16,1,'S',338,0),(17,1,'S',339,0),(18,1,'S',340,331),(19,1,'S',342,328),(20,1,'S',344,317),(21,1,'S',345,326),(22,1,'S',346,329),(23,1,'S',348,317),(24,1,'S',349,317),(25,1,'S',350,0),(26,1,'S',351,0),(27,1,'S',364,350),(28,1,'S',365,0),(29,1,'S',366,0),(30,1,'S',367,0),(31,1,'S',368,0),(32,1,'S',369,0),(33,1,'S',370,0),(34,1,'S',371,0),(35,1,'S',372,0),(36,1,'S',373,0),(37,1,'S',374,0),(38,1,'S',375,0),(39,1,'S',376,0),(40,1,'S',377,0),(41,1,'S',378,0),(42,1,'S',379,0),(43,1,'S',380,0),(44,1,'S',381,0),(45,1,'S',382,0),(46,1,'S',383,0),(47,1,'S',384,0),(48,1,'S',385,0),(49,1,'S',386,0),(50,1,'S',387,0),(51,1,'S',388,385),(52,1,'S',389,0),(53,1,'S',390,0),(54,1,'S',391,0),(55,1,'S',392,0),(56,1,'S',393,0),(57,1,'S',394,0),(58,1,'S',397,0),(59,1,'S',398,0),(60,1,'S',399,0),(61,1,'S',400,0),(62,1,'S',401,0),(63,1,'S',402,401),(64,1,'S',404,0),(65,1,'S',405,0),(66,2,'S',406,0),(67,2,'S',407,0),(68,3,'S',408,0),(69,3,'S',409,0),(70,3,'S',410,0),(71,3,'S',411,0),(72,3,'S',413,411),(73,2,'S',414,0),(74,1,'S',417,0),(75,1,'S',418,417),(76,1,'S',420,418),(77,1,'S',421,0),(78,1,'S',423,0),(79,1,'S',424,0),(80,1,'S',425,0),(81,1,'S',426,0),(82,1,'S',427,0),(83,1,'S',428,427),(84,1,'S',429,0),(85,1,'S',430,0),(86,1,'S',431,0),(87,1,'S',432,0),(88,1,'S',433,0),(89,1,'S',434,0),(90,1,'S',435,0),(91,1,'S',436,0),(92,1,'S',437,0),(93,1,'S',438,437),(94,1,'S',439,437),(95,1,'S',440,438),(96,1,'S',441,437),(97,1,'S',442,437),(98,1,'S',443,442),(99,1,'S',444,437),(100,1,'S',445,437),(101,2,'S',446,0),(102,2,'S',447,446),(103,2,'S',449,446),(104,2,'S',450,407),(105,2,'S',451,0),(106,2,'S',452,0),(107,2,'S',453,0),(108,2,'S',454,0),(109,2,'S',455,0),(110,2,'S',456,0),(111,1,'S',460,0),(112,1,'S',461,0),(113,1,'S',462,461),(114,1,'S',463,0),(115,1,'S',464,0),(116,1,'S',466,461),(117,1,'S',467,461),(118,1,'S',468,0),(119,1,'S',469,0),(120,1,'S',470,0),(121,1,'S',471,437),(122,1,'S',472,463),(123,1,'S',473,464),(124,1,'S',474,0),(125,1,'S',475,437),(126,1,'S',476,460),(127,1,'S',477,461),(128,1,'S',478,469),(129,1,'S',479,474),(130,5,'S',480,0),(131,5,'S',481,480),(132,5,'S',482,480),(133,5,'S',483,0),(134,1,'S',484,317),(135,2,'S',485,456),(136,2,'S',487,414),(137,1,'S',488,474),(138,1,'S',489,0),(139,1,'S',490,489),(140,1,'S',491,474),(141,1,'S',492,469),(142,1,'S',493,474),(143,457,'D',495,0),(144,457,'D',496,495),(145,1,'S',497,470),(146,1,'S',498,0);
-- /*!40000 ALTER TABLE `PageComments` ENABLE KEYS */;
-- UNLOCK TABLES;

--
-- Table structure for table `PageReports`
--

DROP TABLE IF EXISTS `PageReports`;
/*!40101 SET @saved_cs_client     = @@character_set_client */;
/*!50503 SET character_set_client = utf8mb4 */;
CREATE TABLE `PageReports` (
  `Id` int NOT NULL AUTO_INCREMENT,
  `PageId` int NOT NULL,
  `PageType` char(1) DEFAULT NULL,
  `ReportId` int NOT NULL,
  PRIMARY KEY (`Id`),
  KEY `PageId` (`PageId`,`PageType`),
  KEY `ReportId` (`ReportId`),
  CONSTRAINT `PageReports_ibfk_3` FOREIGN KEY (`PageId`, `PageType`) REFERENCES `Pages` (`PageId`, `PageType`),
  CONSTRAINT `PageReports_ibfk_4` FOREIGN KEY (`ReportId`) REFERENCES `Reports` (`Id`) ON DELETE CASCADE,
  CONSTRAINT `PageReports_chk_1` CHECK ((`PageType` in (_utf8mb4'D',_utf8mb4'S',_utf8mb4'C')))
) ENGINE=InnoDB DEFAULT CHARSET=utf8mb4 COLLATE=utf8mb4_general_ci;
/*!40101 SET character_set_client = @saved_cs_client */;

--
-- Dumping data for table `PageReports`
--

-- LOCK TABLES `PageReports` WRITE;
-- /*!40000 ALTER TABLE `PageReports` DISABLE KEYS */;
-- INSERT INTO `PageReports` VALUES (1,1,'S',320),(4,351,'C',357),(5,351,'C',358),(6,350,'C',359),(7,351,'C',360),(8,351,'C',361),(9,351,'C',362),(10,351,'C',363),(11,394,'C',395),(12,394,'C',396),(13,401,'C',403),(14,411,'C',412),(15,417,'C',419),(16,418,'C',422),(17,447,'C',448),(18,464,'C',465),(19,485,'C',486),(20,431,'C',494);
-- /*!40000 ALTER TABLE `PageReports` ENABLE KEYS */;
-- UNLOCK TABLES;

--
-- Table structure for table `Pages`
--

DROP TABLE IF EXISTS `Pages`;
/*!40101 SET @saved_cs_client     = @@character_set_client */;
/*!50503 SET character_set_client = utf8mb4 */;
CREATE TABLE `Pages` (
  `PageId` int NOT NULL AUTO_INCREMENT,
  `PageType` char(1) NOT NULL,
  `PageUrl` varchar(64) NOT NULL,
  PRIMARY KEY (`PageId`,`PageType`),
  UNIQUE KEY `page_super-key` (`PageId`,`PageType`),
  CONSTRAINT `Pages_chk_1` CHECK ((`PageType` in (_utf8mb4'D',_utf8mb4'S',_utf8mb4'R',_utf8mb4'C')))
) ENGINE=InnoDB DEFAULT CHARSET=utf8mb4 COLLATE=utf8mb4_general_ci;
/*!40101 SET character_set_client = @saved_cs_client */;

--
-- Dumping data for table `Pages`
--

LOCK TABLES `Pages` WRITE;
/*!40000 ALTER TABLE `Pages` DISABLE KEYS */;
INSERT INTO `Pages` VALUES (1,'S','XYZ'),(2,'S','XYZ'),(3,'S','XYZ'),(4,'S','XYZ'),(5,'S','XYZ'),(6,'S','XYZ'),(7,'S','XYZ'),(8,'S','XYZ'),(9,'S','XYZ'),(10,'S','XYZ'),(11,'S','XYZ'),(12,'S','XYZ'),(13,'S','XYZ'),(14,'S','XYZ'),(15,'S','XYZ'),(16,'S','XYZ'),(17,'S','XYZ'),(18,'S','XYZ'),(19,'S','XYZ'),(20,'S','XYZ'),(21,'S','XYZ'),(22,'S','XYZ'),(23,'S','XYZ'),(24,'S','XYZ'),(25,'S','XYZ'),(26,'S','XYZ'),(27,'S','XYZ'),(28,'S','XYZ'),(29,'S','XYZ'),(30,'S','XYZ'),(31,'S','XYZ'),(32,'S','XYZ'),(33,'S','XYZ'),(34,'S','XYZ'),(35,'S','XYZ'),(36,'S','XYZ'),(37,'S','XYZ'),(38,'S','XYZ'),(39,'S','XYZ'),(40,'S','XYZ'),(41,'S','XYZ'),(42,'S','XYZ'),(43,'S','XYZ'),(44,'S','XYZ'),(45,'S','XYZ'),(46,'S','XYZ'),(47,'S','XYZ'),(48,'S','XYZ'),(49,'S','XYZ'),(50,'S','XYZ'),(51,'S','XYZ'),(52,'S','XYZ'),(53,'S','XYZ'),(54,'S','XYZ'),(55,'S','XYZ'),(56,'S','XYZ'),(57,'S','XYZ'),(58,'S','XYZ'),(59,'S','XYZ'),(60,'S','XYZ'),(61,'S','XYZ'),(62,'S','XYZ'),(63,'S','XYZ'),(64,'S','XYZ'),(65,'S','XYZ'),(66,'S','XYZ'),(67,'S','XYZ'),(68,'S','XYZ'),(69,'S','XYZ'),(70,'S','XYZ'),(71,'S','XYZ'),(72,'S','XYZ'),(73,'S','XYZ'),(74,'S','XYZ'),(75,'S','XYZ'),(76,'S','XYZ'),(77,'S','XYZ'),(78,'S','XYZ'),(79,'S','XYZ'),(80,'S','XYZ'),(81,'S','XYZ'),(82,'S','XYZ'),(83,'S','XYZ'),(84,'S','XYZ'),(85,'S','XYZ'),(86,'S','XYZ'),(87,'S','XYZ'),(88,'S','XYZ'),(89,'S','XYZ'),(90,'S','XYZ'),(91,'S','XYZ'),(92,'S','XYZ'),(93,'S','XYZ'),(94,'S','XYZ'),(95,'S','XYZ'),(96,'S','XYZ'),(97,'S','XYZ'),(98,'S','XYZ'),(99,'S','XYZ'),(100,'S','XYZ'),(101,'S','XYZ'),(102,'S','XYZ'),(103,'S','XYZ'),(104,'S','XYZ'),(105,'S','XYZ'),(106,'S','XYZ'),(107,'S','XYZ'),(108,'S','XYZ'),(109,'S','XYZ'),(110,'S','XYZ'),(111,'S','XYZ'),(112,'S','XYZ'),(113,'S','XYZ'),(114,'S','XYZ'),(115,'S','XYZ'),(116,'S','XYZ'),(117,'S','XYZ'),(118,'S','XYZ'),(119,'S','XYZ'),(120,'S','XYZ'),(121,'S','XYZ'),(122,'S','XYZ'),(123,'S','XYZ'),(124,'S','XYZ'),(125,'S','XYZ'),(126,'S','XYZ'),(127,'S','XYZ'),(128,'S','XYZ'),(129,'S','XYZ'),(130,'S','XYZ'),(131,'S','XYZ'),(132,'S','XYZ'),(133,'S','XYZ'),(134,'S','XYZ'),(135,'S','XYZ'),(136,'S','XYZ'),(137,'S','XYZ'),(138,'S','XYZ'),(139,'S','XYZ'),(140,'S','XYZ'),(141,'S','XYZ'),(142,'S','XYZ'),(143,'S','XYZ'),(144,'S','XYZ'),(145,'S','XYZ'),(146,'S','XYZ'),(147,'S','XYZ'),(148,'S','XYZ'),(149,'S','XYZ'),(150,'S','XYZ'),(151,'S','XYZ'),(152,'S','XYZ'),(153,'S','XYZ'),(154,'S','XYZ'),(155,'S','XYZ'),(156,'S','XYZ'),(157,'S','XYZ'),(158,'S','XYZ'),(159,'S','XYZ'),(160,'S','XYZ'),(161,'S','XYZ'),(162,'S','XYZ'),(163,'S','XYZ'),(164,'S','XYZ'),(165,'S','XYZ'),(166,'S','XYZ'),(167,'S','XYZ'),(168,'S','XYZ'),(169,'S','XYZ'),(170,'S','XYZ'),(171,'S','XYZ'),(172,'S','XYZ'),(173,'S','XYZ'),(174,'S','XYZ'),(175,'S','XYZ'),(176,'S','XYZ'),(177,'S','XYZ'),(178,'S','XYZ'),(179,'S','XYZ'),(180,'S','XYZ'),(181,'S','XYZ'),(182,'S','XYZ'),(183,'S','XYZ'),(184,'S','XYZ'),(185,'S','XYZ'),(186,'S','XYZ'),(187,'S','XYZ'),(188,'S','XYZ'),(189,'S','XYZ'),(190,'S','XYZ'),(191,'S','XYZ'),(192,'S','XYZ'),(193,'S','XYZ'),(194,'S','XYZ'),(195,'S','XYZ'),(196,'S','XYZ'),(197,'S','XYZ'),(198,'S','XYZ'),(199,'S','XYZ'),(200,'S','XYZ'),(201,'S','XYZ'),(202,'S','XYZ'),(203,'S','XYZ'),(204,'S','XYZ'),(205,'S','XYZ'),(206,'S','XYZ'),(207,'S','XYZ'),(208,'S','XYZ'),(209,'S','XYZ'),(210,'S','XYZ'),(211,'S','XYZ'),(212,'S','XYZ'),(213,'S','XYZ'),(214,'S','XYZ'),(215,'S','XYZ'),(216,'S','XYZ'),(217,'S','XYZ'),(218,'S','XYZ'),(219,'S','XYZ'),(220,'S','XYZ'),(221,'S','XYZ'),(222,'S','XYZ'),(223,'S','XYZ'),(224,'S','XYZ'),(225,'S','XYZ'),(226,'S','XYZ'),(227,'S','XYZ'),(228,'S','XYZ'),(229,'S','XYZ'),(230,'S','XYZ'),(231,'S','XYZ'),(232,'S','XYZ'),(233,'S','XYZ'),(234,'S','XYZ'),(235,'S','XYZ'),(236,'S','XYZ'),(237,'S','XYZ'),(238,'S','XYZ'),(239,'S','XYZ'),(240,'S','XYZ'),(241,'S','XYZ'),(242,'S','XYZ'),(243,'S','XYZ'),(244,'S','XYZ'),(245,'S','XYZ'),(246,'S','XYZ'),(247,'S','XYZ'),(248,'S','XYZ'),(249,'S','XYZ'),(250,'S','XYZ'),(251,'S','XYZ'),(252,'S','XYZ'),(253,'S','XYZ'),(254,'S','XYZ'),(255,'S','XYZ'),(256,'S','XYZ'),(257,'S','XYZ'),(258,'S','XYZ'),(259,'S','XYZ'),(260,'S','XYZ'),(261,'S','XYZ'),(262,'S','XYZ'),(263,'S','XYZ'),(264,'S','XYZ'),(265,'S','XYZ'),(266,'S','XYZ'),(267,'S','XYZ'),(268,'S','XYZ'),(269,'S','XYZ'),(270,'S','XYZ'),(271,'S','XYZ'),(272,'S','XYZ'),(273,'S','XYZ'),(274,'S','XYZ'),(275,'S','XYZ'),(276,'S','XYZ'),(277,'S','XYZ'),(278,'S','XYZ'),(279,'S','XYZ'),(280,'S','XYZ'),(281,'S','XYZ'),(282,'S','XYZ'),(283,'S','XYZ'),(284,'S','XYZ'),(285,'S','XYZ'),(286,'S','XYZ'),(287,'S','XYZ'),(288,'S','XYZ'),(289,'S','XYZ'),(290,'S','XYZ'),(291,'S','XYZ'),(296,'D','XYZ'),(298,'S','XYZ'),(299,'S','XYZ'),(300,'S','XYZ'),(301,'S','XYZ'),(302,'S','XYZ'),(303,'S','XYZ'),(304,'S','XYZ'),(305,'S','XYZ'),(306,'S','XYZ'),(307,'S','XYZ'),(308,'S','XYZ'),(309,'S','XYZ'),(310,'S','XYZ'),(311,'S','XYZ'),(312,'S','XYZ'),(313,'S','XYZ'),(314,'S','XYZ'),(317,'C','XYZ'),(318,'C','XYZ'),(319,'C','XYZ'),(320,'R','XYZ'),(321,'R','XYZ'),(322,'R','XYZ'),(324,'D','XYZ'),(325,'D','XYZ'),(326,'C','XYZ'),(327,'C','XYZ'),(328,'C','XYZ'),(329,'C','XYZ'),(330,'C','XYZ'),(331,'C','XYZ'),(332,'C','XYZ'),(333,'C','XYZ'),(334,'C','XYZ'),(335,'C','XYZ'),(336,'C','XYZ'),(337,'C','XYZ'),(338,'C','XYZ'),(339,'C','XYZ'),(340,'C','XYZ'),(341,'D','XYZ'),(342,'C','XYZ'),(343,'D','XYZ'),(344,'C','XYZ'),(345,'C','XYZ'),(346,'C','XYZ'),(347,'C','XYZ'),(348,'C','XYZ'),(349,'C','XYZ'),(350,'C','XYZ'),(351,'C','XYZ'),(352,'R','XYZ'),(353,'R','XYZ'),(354,'R','XYZ'),(355,'R','XYZ'),(356,'R','XYZ'),(357,'R','XYZ'),(358,'R','XYZ'),(359,'R','XYZ'),(360,'R','XYZ'),(361,'R','XYZ'),(362,'R','XYZ'),(363,'R','XYZ'),(364,'C','XYZ'),(365,'C','XYZ'),(366,'C','XYZ'),(367,'C','XYZ'),(368,'C','XYZ'),(369,'C','XYZ'),(370,'C','XYZ'),(371,'C','XYZ'),(372,'C','XYZ'),(373,'C','XYZ'),(374,'C','XYZ'),(375,'C','XYZ'),(376,'C','XYZ'),(377,'C','XYZ'),(378,'C','XYZ'),(379,'C','XYZ'),(380,'C','XYZ'),(381,'C','XYZ'),(382,'C','XYZ'),(383,'C','XYZ'),(384,'C','XYZ'),(385,'C','XYZ'),(386,'C','XYZ'),(387,'C','XYZ'),(388,'C','XYZ'),(389,'C','XYZ'),(390,'C','XYZ'),(391,'C','XYZ'),(392,'C','XYZ'),(393,'C','XYZ'),(394,'C','XYZ'),(395,'R','XYZ'),(396,'R','XYZ'),(397,'C','XYZ'),(398,'C','XYZ'),(399,'C','XYZ'),(400,'C','XYZ'),(401,'C','XYZ'),(402,'C','XYZ'),(403,'R','XYZ'),(404,'C','XYZ'),(405,'C','XYZ'),(406,'C','XYZ'),(407,'C','XYZ'),(408,'C','XYZ'),(409,'C','XYZ'),(410,'C','XYZ'),(411,'C','XYZ'),(412,'R','XYZ'),(413,'C','XYZ'),(414,'C','XYZ'),(415,'D','XYZ'),(416,'D','XYZ'),(417,'C','XYZ'),(418,'C','XYZ'),(419,'R','XYZ'),(420,'C','XYZ'),(421,'C','XYZ'),(422,'R','XYZ'),(423,'C','XYZ'),(424,'C','XYZ'),(425,'C','XYZ'),(426,'C','XYZ'),(427,'C','XYZ'),(428,'C','XYZ'),(429,'C','XYZ'),(430,'C','XYZ'),(431,'C','XYZ'),(432,'C','XYZ'),(433,'C','XYZ'),(434,'C','XYZ'),(435,'C','XYZ'),(436,'C','XYZ'),(437,'C','XYZ'),(438,'C','XYZ'),(439,'C','XYZ'),(440,'C','XYZ'),(441,'C','XYZ'),(442,'C','XYZ'),(443,'C','XYZ'),(444,'C','XYZ'),(445,'C','XYZ'),(446,'C','XYZ'),(447,'C','XYZ'),(448,'R','XYZ'),(449,'C','XYZ'),(450,'C','XYZ'),(451,'C','XYZ'),(452,'C','XYZ'),(453,'C','XYZ'),(454,'C','XYZ'),(455,'C','XYZ'),(456,'C','XYZ'),(457,'D','XYZ'),(458,'D','XYZ'),(459,'D','XYZ'),(460,'C','XYZ'),(461,'C','XYZ'),(462,'C','XYZ'),(463,'C','XYZ'),(464,'C','XYZ'),(465,'R','XYZ'),(466,'C','XYZ'),(467,'C','XYZ'),(468,'C','XYZ'),(469,'C','XYZ'),(470,'C','XYZ'),(471,'C','XYZ'),(472,'C','XYZ'),(473,'C','XYZ'),(474,'C','XYZ'),(475,'C','XYZ'),(476,'C','XYZ'),(477,'C','XYZ'),(478,'C','XYZ'),(479,'C','XYZ'),(480,'C','XYZ'),(481,'C','XYZ'),(482,'C','XYZ'),(483,'C','XYZ'),(484,'C','XYZ'),(485,'C','XYZ'),(486,'R','XYZ'),(487,'C','XYZ'),(488,'C','XYZ'),(489,'C','XYZ'),(490,'C','XYZ'),(491,'C','XYZ'),(492,'C','XYZ'),(493,'C','XYZ'),(494,'R','XYZ'),(495,'C','XYZ'),(496,'C','XYZ'),(497,'C','XYZ'),(498,'C','XYZ');
/*!40000 ALTER TABLE `Pages` ENABLE KEYS */;
UNLOCK TABLES;

--
-- Table structure for table `Reports`
--

DROP TABLE IF EXISTS `Reports`;
/*!40101 SET @saved_cs_client     = @@character_set_client */;
/*!50503 SET character_set_client = utf8mb4 */;
CREATE TABLE `Reports` (
  `Id` int NOT NULL AUTO_INCREMENT,
  `PageType` char(1) DEFAULT 'R',
  `Content` text NOT NULL,
  `createdAt` datetime DEFAULT NULL,
  `Status` int NOT NULL DEFAULT '1',
  `Type` int NOT NULL,
  `UserId` int DEFAULT NULL,
  PRIMARY KEY (`Id`),
  KEY `Id` (`Id`,`PageType`),
  KEY `UserId` (`UserId`),
  CONSTRAINT `Reports_ibfk_2` FOREIGN KEY (`UserId`) REFERENCES `Users` (`Id`),
  CONSTRAINT `Reports_ibfk_3` FOREIGN KEY (`Id`, `PageType`) REFERENCES `Pages` (`PageId`, `PageType`) ON DELETE CASCADE,
  CONSTRAINT `Reports_chk_1` CHECK ((`PageType` = _utf8mb4'R'))
) ENGINE=InnoDB DEFAULT CHARSET=utf8mb4 COLLATE=utf8mb4_general_ci;
/*!40101 SET character_set_client = @saved_cs_client */;

--
-- Dumping data for table `Reports`
--

-- LOCK TABLES `Reports` WRITE;
-- /*!40000 ALTER TABLE `Reports` DISABLE KEYS */;
-- INSERT INTO `Reports` VALUES (320,'R','Report this report','2023-12-13 16:27:44',1,0,32),(352,'R','ABC123','2023-12-28 21:24:18',1,1,32),(353,'R','ABC123','2023-12-28 21:25:25',1,1,32),(354,'R','ABC123','2023-12-28 21:29:13',1,1,32),(355,'R','ABC123','2023-12-28 21:30:10',1,1,32),(356,'R','ABC123','2023-12-28 21:32:01',1,1,32),(357,'R','ABC123','2023-12-28 21:34:39',1,1,32),(358,'R','ABC123','2023-12-28 21:34:48',1,1,32),(359,'R','Nội dung báo cáo','2023-12-28 21:35:37',1,1,32),(360,'R','','2023-12-28 21:38:28',1,1,32),(361,'R','','2023-12-28 21:39:02',1,1,32),(362,'R','Report','2023-12-28 21:45:44',1,1,32),(363,'R','','2023-12-28 21:49:12',1,1,32),(395,'R','','2023-12-29 01:37:55',1,1,32),(396,'R','dfsadfsfdsfsdfsd','2023-12-29 01:38:51',1,1,32),(403,'R','Cảm ownnn','2023-12-29 04:34:09',1,1,38),(412,'R','Comment report :)','2023-12-29 05:41:01',1,1,32),(419,'R','','2023-12-29 12:45:58',1,1,32),(422,'R','HAhhahadasdasd','2023-12-29 13:17:18',1,1,32),(448,'R',':)))','2023-12-29 14:01:00',1,1,32),(465,'R',':))','2023-12-29 21:57:44',1,1,32),(486,'R',':)','2023-12-29 23:13:10',1,1,32),(494,'R','','2023-12-30 01:05:38',1,1,13);
-- /*!40000 ALTER TABLE `Reports` ENABLE KEYS */;
-- UNLOCK TABLES;
-- ALTER DATABASE `defaultdb` CHARACTER SET utf8mb4 COLLATE utf8mb4_general_ci ;
/*!50003 SET @saved_cs_client      = @@character_set_client */ ;
/*!50003 SET @saved_cs_results     = @@character_set_results */ ;
/*!50003 SET @saved_col_connection = @@collation_connection */ ;
/*!50003 SET character_set_client  = utf8mb4 */ ;
/*!50003 SET character_set_results = utf8mb4 */ ;
/*!50003 SET collation_connection  = utf8mb4_general_ci */ ;
/*!50003 SET @saved_sql_mode       = @@sql_mode */ ;
/*!50003 SET sql_mode              = 'REAL_AS_FLOAT,PIPES_AS_CONCAT,ANSI_QUOTES,IGNORE_SPACE,ONLY_FULL_GROUP_BY,ANSI,STRICT_TRANS_TABLES,STRICT_ALL_TABLES,NO_ZERO_IN_DATE,NO_ZERO_DATE,ERROR_FOR_DIVISION_BY_ZERO,NO_ENGINE_SUBSTITUTION' */ ;
DELIMITER ;;
/*!50003 CREATE*/ /*!50017 DEFINER=`fall2324w3g4@`%`*/ /*!50003 TRIGGER `before_report_create` BEFORE INSERT ON `Reports` FOR EACH ROW BEGIN
    DECLARE last_id int;

    INSERT INTO Pages(PageType, PageUrl)
        VALUES ('R', 'XYZ');

    SELECT LAST_INSERT_ID() into last_id;

    Set NEW.Id = last_id;

end */;;
DELIMITER ;
/*!50003 SET sql_mode              = @saved_sql_mode */ ;
/*!50003 SET character_set_client  = @saved_cs_client */ ;
/*!50003 SET character_set_results = @saved_cs_results */ ;
/*!50003 SET collation_connection  = @saved_col_connection */ ;
-- ALTER DATABASE `defaultdb` CHARACTER SET utf8mb4 COLLATE utf8mb4_general_ci ;

--
-- Table structure for table `Schedules`
--

DROP TABLE IF EXISTS `Schedules`;
/*!40101 SET @saved_cs_client     = @@character_set_client */;
/*!50503 SET character_set_client = utf8mb4 */;
CREATE TABLE `Schedules` (
  `Id` int NOT NULL AUTO_INCREMENT,
  `UserId` int DEFAULT NULL,
  PRIMARY KEY (`Id`),
  KEY `UserId` (`UserId`),
  CONSTRAINT `Schedules_ibfk_1` FOREIGN KEY (`UserId`) REFERENCES `Users` (`Id`)
) ENGINE=InnoDB DEFAULT CHARSET=utf8mb4 COLLATE=utf8mb4_general_ci;
/*!40101 SET character_set_client = @saved_cs_client */;

--
-- Dumping data for table `Schedules`
--

-- LOCK TABLES `Schedules` WRITE;
-- /*!40000 ALTER TABLE `Schedules` DISABLE KEYS */;
-- INSERT INTO `Schedules` VALUES (1,13),(3,16),(5,18),(6,19),(7,20),(8,21),(9,22),(10,23),(11,24),(12,25),(13,26),(14,27),(15,28),(16,29),(17,30),(18,31),(19,32),(20,33),(21,34),(25,38);
-- /*!40000 ALTER TABLE `Schedules` ENABLE KEYS */;
-- UNLOCK TABLES;
/*!50003 SET @saved_cs_client      = @@character_set_client */ ;
/*!50003 SET @saved_cs_results     = @@character_set_results */ ;
/*!50003 SET @saved_col_connection = @@collation_connection */ ;
/*!50003 SET character_set_client  = utf8mb4 */ ;
/*!50003 SET character_set_results = utf8mb4 */ ;
/*!50003 SET collation_connection  = utf8mb4_general_ci */ ;
/*!50003 SET @saved_sql_mode       = @@sql_mode */ ;
/*!50003 SET sql_mode              = 'REAL_AS_FLOAT,PIPES_AS_CONCAT,ANSI_QUOTES,IGNORE_SPACE,ONLY_FULL_GROUP_BY,ANSI,STRICT_ALL_TABLES,NO_ZERO_IN_DATE,NO_ZERO_DATE,ERROR_FOR_DIVISION_BY_ZERO,NO_ENGINE_SUBSTITUTION' */ ;
DELIMITER ;;
/*!50003 CREATE*/ /*!50017 DEFINER=`fall2324w3g4@`%`*/ /*!50003 TRIGGER `remove_Event_before_remove_Schedule` BEFORE DELETE ON `Schedules` FOR EACH ROW Begin
	Delete from Events where ScheduleId = OLD.Id;
End */;;
DELIMITER ;
/*!50003 SET sql_mode              = @saved_sql_mode */ ;
/*!50003 SET character_set_client  = @saved_cs_client */ ;
/*!50003 SET character_set_results = @saved_cs_results */ ;
/*!50003 SET collation_connection  = @saved_col_connection */ ;

--
-- Table structure for table `Scores`
--

DROP TABLE IF EXISTS `Scores`;
/*!40101 SET @saved_cs_client     = @@character_set_client */;
/*!50503 SET character_set_client = utf8mb4 */;
CREATE TABLE `Scores` (
  `Id` int NOT NULL AUTO_INCREMENT,
  `midExamScore` float DEFAULT NULL,
  `finalExamScore` float DEFAULT NULL,
  `midExamWeight` float DEFAULT NULL,
  `finalExamWeight` float DEFAULT NULL,
  `total10` float NOT NULL,
  `total4` float GENERATED ALWAYS AS ((case when (`total10` is null) then NULL when (`total10` < 4.0) then 0.0 when (`total10` < 5.0) then 1.0 when (`total10` < 5.5) then 1.5 when (`total10` < 6.5) then 2.0 when (`total10` < 7.0) then 2.5 when (`total10` < 8.0) then 3.0 when (`total10` < 8.5) then 3.5 when (`total10` < 9.0) then 3.7 else 4.0 end)) STORED,
  PRIMARY KEY (`Id`)
) ENGINE=InnoDB DEFAULT CHARSET=utf8mb4 COLLATE=utf8mb4_general_ci;
/*!40101 SET character_set_client = @saved_cs_client */;

--
-- Dumping data for table `Scores`
--

-- LOCK TABLES `Scores` WRITE;
-- /*!40000 ALTER TABLE `Scores` DISABLE KEYS */;
-- INSERT INTO `Scores` (`Id`, `midExamScore`, `finalExamScore`, `midExamWeight`, `finalExamWeight`, `total10`) VALUES (25,NULL,NULL,NULL,NULL,0),(26,NULL,NULL,NULL,NULL,0),(27,NULL,NULL,NULL,NULL,0),(28,NULL,NULL,NULL,NULL,0),(29,NULL,NULL,NULL,NULL,0),(30,NULL,NULL,NULL,NULL,0),(31,NULL,NULL,NULL,NULL,0),(32,NULL,NULL,NULL,NULL,0),(33,NULL,NULL,NULL,NULL,0),(34,NULL,NULL,NULL,NULL,0),(35,NULL,NULL,NULL,NULL,0),(36,NULL,NULL,NULL,NULL,0),(37,NULL,NULL,NULL,NULL,0),(38,NULL,NULL,NULL,NULL,0),(39,NULL,NULL,NULL,NULL,0),(40,NULL,NULL,NULL,NULL,0),(41,NULL,NULL,NULL,NULL,0),(42,NULL,NULL,NULL,NULL,0),(43,NULL,NULL,NULL,NULL,0),(44,NULL,NULL,NULL,NULL,0),(45,NULL,NULL,NULL,NULL,0),(46,NULL,NULL,NULL,NULL,0),(47,NULL,NULL,NULL,NULL,0),(48,NULL,NULL,NULL,NULL,0),(49,NULL,NULL,NULL,NULL,0),(50,NULL,NULL,NULL,NULL,0),(61,NULL,NULL,NULL,NULL,0),(62,NULL,NULL,NULL,NULL,0),(63,NULL,NULL,NULL,NULL,0),(64,NULL,NULL,NULL,NULL,0),(65,NULL,NULL,NULL,NULL,0),(66,NULL,NULL,NULL,NULL,0),(67,NULL,NULL,NULL,NULL,0),(68,NULL,NULL,NULL,NULL,0),(69,NULL,NULL,NULL,NULL,0),(70,NULL,NULL,NULL,NULL,0),(71,NULL,NULL,NULL,NULL,0),(72,NULL,NULL,NULL,NULL,0),(73,NULL,NULL,NULL,NULL,0),(74,NULL,NULL,NULL,NULL,0),(75,NULL,NULL,NULL,NULL,0),(76,NULL,NULL,NULL,NULL,0),(77,NULL,NULL,NULL,NULL,0),(78,NULL,NULL,NULL,NULL,0),(79,NULL,NULL,NULL,NULL,0),(80,NULL,NULL,NULL,NULL,0),(81,NULL,NULL,NULL,NULL,0),(82,NULL,NULL,NULL,NULL,0),(83,NULL,NULL,NULL,NULL,0),(84,NULL,NULL,NULL,NULL,0),(85,NULL,NULL,NULL,NULL,0),(86,NULL,NULL,NULL,NULL,0),(87,NULL,NULL,NULL,NULL,0),(88,NULL,NULL,NULL,NULL,0),(89,NULL,NULL,NULL,NULL,0),(90,NULL,NULL,NULL,NULL,0),(91,NULL,NULL,NULL,NULL,0),(92,NULL,NULL,NULL,NULL,0),(93,NULL,NULL,NULL,NULL,0),(94,NULL,NULL,NULL,NULL,0),(95,NULL,NULL,NULL,NULL,0),(96,NULL,NULL,NULL,NULL,0),(97,NULL,NULL,NULL,NULL,0),(98,NULL,NULL,NULL,NULL,0),(99,NULL,NULL,NULL,NULL,0),(126,NULL,NULL,NULL,NULL,0),(127,NULL,NULL,NULL,NULL,0),(144,NULL,NULL,NULL,NULL,0),(145,NULL,NULL,NULL,NULL,0),(146,NULL,NULL,NULL,NULL,0),(147,NULL,NULL,NULL,NULL,0),(148,NULL,NULL,NULL,NULL,0),(149,NULL,NULL,NULL,NULL,0),(150,NULL,NULL,NULL,NULL,0),(151,NULL,NULL,NULL,NULL,0),(152,NULL,NULL,NULL,NULL,0),(153,NULL,NULL,NULL,NULL,0),(154,NULL,NULL,NULL,NULL,0),(155,NULL,NULL,NULL,NULL,0),(156,NULL,NULL,NULL,NULL,0),(157,NULL,NULL,NULL,NULL,0),(158,NULL,NULL,NULL,NULL,0),(159,NULL,NULL,NULL,NULL,0),(160,NULL,NULL,NULL,NULL,0),(161,NULL,NULL,NULL,NULL,0),(162,NULL,NULL,NULL,NULL,0),(163,NULL,NULL,NULL,NULL,0),(164,NULL,NULL,NULL,NULL,0),(165,NULL,NULL,NULL,NULL,0),(166,NULL,NULL,NULL,NULL,0),(167,NULL,NULL,NULL,NULL,0),(168,NULL,NULL,NULL,NULL,0),(169,NULL,NULL,NULL,NULL,0),(170,NULL,NULL,NULL,NULL,0),(171,NULL,NULL,NULL,NULL,0),(172,NULL,NULL,NULL,NULL,0),(173,NULL,NULL,NULL,NULL,0),(174,NULL,NULL,NULL,NULL,0),(175,NULL,NULL,NULL,NULL,0),(176,NULL,NULL,NULL,NULL,0),(177,NULL,NULL,NULL,NULL,0),(178,NULL,NULL,NULL,NULL,0),(179,NULL,NULL,NULL,NULL,0),(180,NULL,NULL,NULL,NULL,0),(181,NULL,NULL,NULL,NULL,0),(182,NULL,NULL,NULL,NULL,0),(183,NULL,NULL,NULL,NULL,0),(184,NULL,NULL,NULL,NULL,0),(203,0,0,0,0,10),(204,0,0,0,0,10),(205,0,0,0,0,10),(206,0,0,0,0,10),(207,0,0,0,0,10),(208,0,0,0,0,10),(209,0,0,0,0,10),(210,0,0,0,0,10),(211,0,0,0,0,10),(212,0,0,0,0,10),(220,0,0,0,0,8.5),(221,0,0,0,0,0),(222,0,0,0,0,8.5),(223,0,0,0,0,8.5),(224,0,0,0,0,9),(225,0,0,0,0,8),(226,0,0,0,0,9),(227,NULL,NULL,NULL,NULL,0),(228,0,0,0,0,9),(229,0,0,0,0,7),(230,0,0,0,0,9),(231,0,0,0,0,9),(232,0,0,0,0,8),(233,0,0,0,0,7),(234,0,0,0,0,7),(235,0,0,0,0,7),(236,0,0,0,0,9),(237,0,0,0,0,9),(238,0,0,0,0,9),(239,0,0,0,0,9),(240,0,0,0,0,9),(241,0,0,0,0,8),(242,0,0,0,0,9),(243,0,0,0,0,9),(244,0,0,0,0,7),(245,0,0,0,0,7),(267,NULL,NULL,NULL,NULL,0),(268,0,0,0,0,0),(269,0,0,0,0,9),(270,0,0,0,0,0),(271,0,0,0,0,0),(272,0,0,0,0,0),(273,0,0,0,0,0);
-- /*!40000 ALTER TABLE `Scores` ENABLE KEYS */;
-- UNLOCK TABLES;

--
-- Table structure for table `Semesters`
--

DROP TABLE IF EXISTS `Semesters`;
/*!40101 SET @saved_cs_client     = @@character_set_client */;
/*!50503 SET character_set_client = utf8mb4 */;
CREATE TABLE `Semesters` (
  `Id` int NOT NULL AUTO_INCREMENT,
  `Name` varchar(255) COLLATE utf8mb4_general_ci NOT NULL,
  `TermId` int NOT NULL,
  PRIMARY KEY (`Id`)
) ENGINE=InnoDB DEFAULT CHARSET=utf8mb4 COLLATE=utf8mb4_general_ci;
/*!40101 SET character_set_client = @saved_cs_client */;

--
-- Dumping data for table `Semesters`
--

LOCK TABLES `Semesters` WRITE;
/*!40000 ALTER TABLE `Semesters` DISABLE KEYS */;
INSERT INTO `Semesters` VALUES (1,'Học kỳ 1 năm học 2020-2021',29),(2,'Học kỳ 2 năm học 2020-2021',30),(3,'Học kỳ 2 năm học 2020-2021',31),(4,'Học kỳ 1 năm học 2021-2022 ',32),(5,'Học kỳ 2 năm học 2021-2022',33),(6,'Học kỳ 2 năm học 2021-2022',34),(7,'Học kỳ 1 năm học 2022-2023',35),(8,'Học kỳ 2 năm học 2022-2023',36),(9,'Học kỳ 2 năm học 2022-2023',37),(10,'Học kỳ 1 năm học 2023-2024',38),(11,'Học kỳ 2 năm học 2023-2024',39),(12,'Học kỳ 2 năm học 2023-2024',40),(13,'Học kỳ 1 năm học 2024-2025',41),(14,'Học kỳ 2 năm học 2024-2025',42),(15,'Học kỳ 2 năm học 2024-2025',43),(16,'Học kỳ 1 năm học 2025-2026',44),(17,'Học kỳ 2 năm học 2025-2026',45),(18,'Học kỳ 2 năm học 2025-2026',46);
/*!40000 ALTER TABLE `Semesters` ENABLE KEYS */;
UNLOCK TABLES;

--
-- Table structure for table `SubjectLikes`
--

DROP TABLE IF EXISTS `SubjectLikes`;
/*!40101 SET @saved_cs_client     = @@character_set_client */;
/*!50503 SET character_set_client = utf8mb4 */;
CREATE TABLE `SubjectLikes` (
  `Id` int NOT NULL AUTO_INCREMENT,
  `SubjectId` int NOT NULL,
  `UserId` int NOT NULL,
  PRIMARY KEY (`Id`),
  KEY `SubjectId` (`SubjectId`),
  KEY `UserId` (`UserId`),
  CONSTRAINT `SubjectLikes_ibfk_1` FOREIGN KEY (`SubjectId`) REFERENCES `Subjects` (`Id`),
  CONSTRAINT `SubjectLikes_ibfk_2` FOREIGN KEY (`UserId`) REFERENCES `Users` (`Id`)
) ENGINE=InnoDB  DEFAULT CHARSET=utf8mb4 COLLATE=utf8mb4_general_ci;
/*!40101 SET character_set_client = @saved_cs_client */;

--
-- Dumping data for table `SubjectLikes`
--

LOCK TABLES `SubjectLikes` WRITE;
/*!40000 ALTER TABLE `SubjectLikes` DISABLE KEYS */;
/*!40000 ALTER TABLE `SubjectLikes` ENABLE KEYS */;
UNLOCK TABLES;
/*!50003 SET @saved_cs_client      = @@character_set_client */ ;
/*!50003 SET @saved_cs_results     = @@character_set_results */ ;
/*!50003 SET @saved_col_connection = @@collation_connection */ ;
/*!50003 SET character_set_client  = utf8mb4 */ ;
/*!50003 SET character_set_results = utf8mb4 */ ;
/*!50003 SET collation_connection  = utf8mb4_general_ci */ ;
/*!50003 SET @saved_sql_mode       = @@sql_mode */ ;
/*!50003 SET sql_mode              = 'REAL_AS_FLOAT,PIPES_AS_CONCAT,ANSI_QUOTES,IGNORE_SPACE,ONLY_FULL_GROUP_BY,ANSI,STRICT_ALL_TABLES,NO_ZERO_IN_DATE,NO_ZERO_DATE,ERROR_FOR_DIVISION_BY_ZERO,NO_ENGINE_SUBSTITUTION' */ ;
DELIMITER ;;
/*!50003 CREATE*/ /*!50017 DEFINER=`fall2324w3g4@`%`*/ /*!50003 TRIGGER `add_Subjectlikes_after_user_like` AFTER INSERT ON `SubjectLikes` FOR EACH ROW Begin
	Update Subjects
    Set Likes = Likes + 1
    Where Id = New.SubjectId;
End */;;
DELIMITER ;
/*!50003 SET sql_mode              = @saved_sql_mode */ ;
/*!50003 SET character_set_client  = @saved_cs_client */ ;
/*!50003 SET character_set_results = @saved_cs_results */ ;
/*!50003 SET collation_connection  = @saved_col_connection */ ;
/*!50003 SET @saved_cs_client      = @@character_set_client */ ;
/*!50003 SET @saved_cs_results     = @@character_set_results */ ;
/*!50003 SET @saved_col_connection = @@collation_connection */ ;
/*!50003 SET character_set_client  = utf8mb4 */ ;
/*!50003 SET character_set_results = utf8mb4 */ ;
/*!50003 SET collation_connection  = utf8mb4_general_ci */ ;
/*!50003 SET @saved_sql_mode       = @@sql_mode */ ;
/*!50003 SET sql_mode              = 'REAL_AS_FLOAT,PIPES_AS_CONCAT,ANSI_QUOTES,IGNORE_SPACE,ONLY_FULL_GROUP_BY,ANSI,STRICT_ALL_TABLES,NO_ZERO_IN_DATE,NO_ZERO_DATE,ERROR_FOR_DIVISION_BY_ZERO,NO_ENGINE_SUBSTITUTION' */ ;
DELIMITER ;;
/*!50003 CREATE*/ /*!50017 DEFINER=`fall2324w3g4@`%`*/ /*!50003 TRIGGER `sub_Subjectlikes_after_user_unlike` AFTER DELETE ON `SubjectLikes` FOR EACH ROW Begin
	Update Subjects
    Set Likes = Likes - 1
    Where Id = Old.SubjectId;
End */;;
DELIMITER ;
/*!50003 SET sql_mode              = @saved_sql_mode */ ;
/*!50003 SET character_set_client  = @saved_cs_client */ ;
/*!50003 SET character_set_results = @saved_cs_results */ ;
/*!50003 SET collation_connection  = @saved_col_connection */ ;

--
-- Table structure for table `Subjects`
--

DROP TABLE IF EXISTS `Subjects`;
/*!40101 SET @saved_cs_client     = @@character_set_client */;
/*!50503 SET character_set_client = utf8mb4 */;
CREATE TABLE `Subjects` (
  `Id` int NOT NULL AUTO_INCREMENT,
  `PageType` char(1) DEFAULT 'S',
  `Name` varchar(255) NOT NULL,
  `Code` varchar(255) NOT NULL,
  `Credit` int NOT NULL,
  `MajorId` int NOT NULL,
  PRIMARY KEY (`Id`),
  KEY `Id` (`Id`,`PageType`),
  KEY `MajorId` (`MajorId`),
  CONSTRAINT `Subjects_ibfk_2` FOREIGN KEY (`MajorId`) REFERENCES `Majors` (`Id`),
  CONSTRAINT `Subjects_ibfk_3` FOREIGN KEY (`Id`, `PageType`) REFERENCES `Pages` (`PageId`, `PageType`) ON DELETE CASCADE,
  CONSTRAINT `Subjects_chk_1` CHECK ((`PageType` = _utf8mb4'S'))
) ENGINE=InnoDB DEFAULT CHARSET=utf8mb4 COLLATE=utf8mb4_general_ci;
/*!40101 SET character_set_client = @saved_cs_client */;

--
-- Dumping data for table `Subjects`
--

LOCK TABLES `Subjects` WRITE;
/*!40000 ALTER TABLE `Subjects` DISABLE KEYS */;
INSERT INTO `Subjects` VALUES (1,'S','Cơ học trong kỹ thuật xây dựng','CTE2017',4,1),(2,'S','Cấu trúc dữ liệu và giải thuật','INT2210',4,1),(3,'S','Bóng đá','PES1025',1,1),(4,'S','Cơ sở dữ liệu','INT2211E',4,1),(5,'S','Lập trình hướng đối tượng','INT2204',3,1),(6,'S','Xử lý ảnh viễn thám','AER3007',3,1),(7,'S','Bóng chuyền hơi','PES1075',1,1),(8,'S','Chủ nghĩa xã hội khoa học','PHI1002',2,1),(9,'S','Giáo dục thể chất cơ bản','PES 1003',1,1),(10,'S','Cơ sở quản lý năng lượng','EET2011',2,1),(11,'S','Matlab và ứng dụng','EMA 2006',3,1),(12,'S','Nguyên lý Kỹ thuật điện tử','ELT2201',3,1),(13,'S','Tín hiệu và hệ thống','ELT2035',3,1),(14,'S','Điện và Quang','EPN2055',3,1),(15,'S','Khai phá dữ liệu','INT3209',3,1),(16,'S','SCADA','EMA3135',3,1),(17,'S','Năng lượng tái tạo','EET2013',3,1),(18,'S','Trắc địa','CTE3005',3,1),(19,'S','Phát triển ứng dụng di động','INT3120',3,1),(20,'S','Robot công nghiệp','EMA3085',2,1),(21,'S','Toán trong Công nghệ','ELT 2029',3,1),(22,'S','Rô-bốt','INT3409',3,1),(23,'S','Phương trình vi phân và đạo hàm riêng','EMA2041',4,1),(24,'S','Công nghệ vi sinh nông nghiệp','AGT3021',3,1),(25,'S','Kỹ thuật mô hình và mô phỏng thiết bị bay','AER3025',3,1),(26,'S','Cảm biến, điều khiển vệ tinh và đồ án','EMA3102',4,1),(27,'S','Tiếng Anh B1','FLF1107',5,1),(28,'S','Các phương pháp số trong cơ học vật liệu và kết cấu','EMA3119',4,1),(29,'S','Thực tập điện tử tương tự','ELT3102',2,1),(30,'S','Thực tập chuyên đề','ELT 3086',3,1),(31,'S','Địa chất công trình','CTE3006',2,1),(32,'S','Xác suất thống kê ứng dụng','EMA2050',3,1),(33,'S','Tiếng Nhật 2A','JAP4023',4,1),(34,'S','Hình họa kỹ thuật và CAD','EMA2032',2,1),(35,'S','Hệ thống vi xử lý','ELT3048',3,1),(36,'S','Kỹ thuật đo lường và cảm biến','EMA2024E',3,1),(37,'S','Động lực học công trình','CTE3020',3,1),(38,'S','Lập trình hệ thống','INT3217',3,1),(39,'S','Nhập môn Hệ thống thông tin địa lý','AER3006',3,1),(40,'S','Phân tích và thiết kế hướng đối tượng','INT3110',3,1),(41,'S','Mô hình hóa và mô phỏng','ELT2031E',2,1),(42,'S','Công nghệ nhân giống cây trồng và vật nuôi','AGT3023',3,1),(43,'S','Điều khiển PLC','EMA 3062',3,1),(44,'S','Phát triển ứng dụng Web','INT3306',3,1),(45,'S','Hình hoạ kỹ thuật và CAD','AER2006',3,1),(46,'S','Kỹ thuật lạnh và điều hòa không khí','EET2010',3,1),(47,'S','Vẽ kỹ thuật','RBE2001',2,1),(48,'S','Các vấn đề hiện đại của Công nghệ thông tin','INT3507',3,1),(49,'S','Sức bền vật liệu và cơ học kết cấu','EMA2012',4,1),(50,'S','Học máy','INT3405E',3,1),(51,'S','Tin học xây dựng','CTE3051',3,1),(52,'S','Cơ sở dữ liệu','INT2211',4,1),(53,'S','Vật lý bán dẫn và linh kiện','EPN2014',2,1),(54,'S','Kỹ thuật bảo vệ vật liệu và ứng dụng','EPN3053',2,1),(55,'S','Bóng bàn','PES1030',1,1),(56,'S','Lập trình cho thiết bị di động','ELT3097',3,1),(57,'S','Bóng chuyền 1','PES1015',1,1),(58,'S','Một số vấn đề cơ bản cho Kỹ sư toàn cầu','EMA2046',2,1),(59,'S','Cơ học chất lỏng','AER2002',4,1),(60,'S','Lập trình nâng cao','INT2215',4,1),(61,'S','Cầu lông','PES1035',1,1),(62,'S','Nhập môn Tự động hóa','EMA2044',3,1),(63,'S','Cơ sở kỹ thuật điện','EMA2026',2,1),(64,'S','Kho dữ liệu','INT3207',3,1),(65,'S','Lý thuyết thông tin','INT2044E',3,1),(66,'S','Hình họa - họa hình','CTE2007',2,1),(67,'S','Thiết kế khuôn mẫu','EMA3042E',2,1),(68,'S','Trí tuệ nhân tạo','INT3401',3,1),(69,'S','Mạng truyền thông di động','ELT3163',3,1),(70,'S','Điện tử công suất và điều khiển','ELT3996',3,1),(71,'S','Các chuyên đề trong Khoa học Máy tính','INT3121',3,1),(72,'S','Nhập môn công nghệ phần mềm','INT2291',3,1),(73,'S','Máy - thiết bị thủy khí và đồ án','EMA3093',4,1),(74,'S','Vật liệu tiên tiến trong xây dựng - giao thông','CTE3014',2,1),(75,'S','Đồ án thủy động lực học-môi trường biển','EMA3105',3,1),(76,'S','Kiến trúc máy tính','INT2212E',4,1),(77,'S','Nguyên lý hệ điều hành','INT2214',4,1),(78,'S','Cơ sở các hệ thống thông tin','INT3201E',4,1),(79,'S','Nhập môn công nghệ vũ trụ','EMA3106',3,1),(80,'S','Vi xử lý và vi điều khiển','EMA 3084',3,1),(81,'S','Nguyên lý biến đổi năng lượng','EET2004',3,1),(82,'S','Công nghệ nano trong nông nghiệp','AGT2009',3,1),(83,'S','Cơ sở thiết kế máy','EMA2033',4,1),(84,'S','Xử lý tiếng nói','INT3411',3,1),(85,'S','Thực hành Vật lý đại cương','PHY1104',2,1),(86,'S','Thực tập Kỹ thuật điện tử','ELT3134',2,1),(87,'S','Phương pháp tính trong kỹ thuật','EMA 2011',3,1),(88,'S','Kỹ thuật đo lường và cảm biến','EMA2024',3,1),(89,'S','Vật liệu bán dẫn cấu trúc nanô','EPN3035',2,1),(90,'S','Lựa chọn năng lượng bền vững','EET2016',2,1),(91,'S','Tối ưu hóa','INT 3103',3,1),(92,'S','Kỹ thuật hóa học và ứng dụng','EPN 2002',3,1),(93,'S','Kiến trúc máy tính','INT2212',4,1),(94,'S','Cơ học kỹ thuật 1','EMA2036',3,1),(95,'S','Hệ thống vi xử lý','ELT3048E',3,1),(96,'S','Đồ án 01: Đồ án chuyên ngành Cơ điện tử 1','EMA3143',2,1),(97,'S','Kiến trúc máy tính','ELT3047E',3,1),(98,'S','Đo lường và tự động hóa các hệ thống năng lượng','EET2012',2,1),(99,'S','Quản trị mạng máy tính','ELT3206',3,1),(100,'S','Cơ học môi trường liên tục','EMA2004',4,1),(101,'S','Cơ sở hệ thống máy tính','AIT2002',3,1),(102,'S','Lịch sử Đảng Cộng sản Việt Nam','HIS1001',2,1),(103,'S','Lập trình nhúng và thời gian thực','INT3108',3,1),(104,'S','Bóng rổ 1','PES1020',1,1),(105,'S','Kỹ thuật thủy khí','EMA3116E',3,1),(106,'S','Kinh tế vi mô','INE1050',3,1),(107,'S','Điện tử tương tự','ELT2040',3,1),(108,'S','Kỹ thuật điều khiển','ELT 3051',3,1),(109,'S','Dự án Công nghệ Nông nghiệp','AGT4001',2,1),(110,'S','Thiết kế mạch tích hợp tương tự','ELT3203',3,1),(111,'S','Thiết kế các công trình đặc biệt','CTE3021',2,1),(112,'S','Quang phổ chất rắn và các vật liệu cấu trúc nano','EPN3032',3,1),(113,'S','Hệ thống năng lượng nhiệt mặt trời','EET3003',2,1),(114,'S','Truyền thông số và mã hóa','ELT3057',3,1),(115,'S','Mạng không dây','INT3303',3,1),(116,'S','Hệ thống kiểm định chất lượng nông sản, thực phẩm','AGT3017',3,1),(117,'S','Trồng trọt đại cương','AGT2005',3,1),(118,'S','Thực tập điện tử số','ELT3103',2,1),(119,'S','Công nghệ chế tạo, CAM và CNC','AER3024',3,1),(120,'S','Thực tập chuyên đề Công nghệ nano','EPN 3030',3,1),(121,'S','Vật liệu xây dựng','CTE2011',3,1),(122,'S','Ứng dụng máy tính trong đo lường và điều khiển','EMA3071E',3,1),(123,'S','Tự động hóa quá trình sản xuất','EMA3108',3,1),(124,'S','Đo lường nâng cao','EMA3136',3,1),(125,'S','Đồ họa máy tính','INT3403',3,1),(126,'S','Nguyên lý Rada','AER3019',3,1),(127,'S','Nhập môn khí động học thiết bị bay','EMA3109',3,1),(128,'S','Vật liệu quang tử hữu cơ nanô','EPN3038',2,1),(129,'S','Kỹ thuật cảm biến','ELT3205',3,1),(130,'S','Kỹ thuật xử lý và truyền thông đa phương tiện','ELT3231',3,1),(131,'S','Công nghệ năng lượng Hydro và pin nhiên liệu','EET3013',2,1),(132,'S','Lý thuyết cắt gọt kim loại','EMA2045',2,1),(133,'S','Các hệ vi cơ điện tử và ứng dụng','EPN3006',2,1),(134,'S','Đồ án 3: Kết cấu bê tông cốt thép','CTE4008',2,1),(135,'S','Tư tưởng Hồ Chí Minh','POL1001',2,1),(136,'S','Vi xử lý và hệ thống nhúng','ELT3281',3,1),(137,'S','Máy CNC và CAD/CAM','EMA2040',2,1),(138,'S','Tin học vật lý','EPN2027',3,1),(139,'S','Quản lý dự án phần mềm','INT3111E',3,1),(140,'S','Kỹ thuật điện','ELT2030',3,1),(141,'S','Kỹ thuật đường ống','EMA3110',3,1),(142,'S','Khí tượng nông nghiệp và biến đổi khí hậu','AGT2008',3,1),(143,'S','Lý thuyết tấm và vỏ','EMA3118',4,1),(144,'S','Xử lý ngôn ngữ tự nhiên','INT3406',3,1),(145,'S','Kiểm soát ô nhiễm trong các quá trình năng lượng','EET3025',2,1),(146,'S','Công trình biển ven bờ (đê, cảng, đường ống, bể chứa) và đồ án','EMA3097',4,1),(147,'S','Công nghệ và kỹ thuật laser','EPN3031',3,1),(148,'S','Cơ sở công nghệ chế tạo máy','EMA 2022',3,1),(149,'S','Nhiệt động lực học kỹ thuật','EMA2038',3,1),(150,'S','Kỹ thuật màng mỏng và công nghệ nano','EPN2025',3,1),(151,'S','Các vật liệu từ tính cấu trúc nanô và kỹ thuật spin điện tử','EPN3010',2,1),(152,'S','Điện tử số','ELT2041',3,1),(153,'S','Xử lý tín hiệu số','ELT3144',4,1),(154,'S','Cơ học vật liệu Composite','EMA3117',3,1),(155,'S','Hóa phân tích ứng dụng trong nông nghiệp','AGT2004',3,1),(156,'S','Các phương pháp xử lý tín hiệu','ELT3099',3,1),(157,'S','Kiến trúc máy tính và mạng truyền thông công nghiệp','INT 2013',3,1),(158,'S','Cơ sở công nghệ chế tạo máy','EMA2022E',3,1),(159,'S','Mô hình hóa và mô phỏng trong Vật lý','EPN 2004',3,1),(160,'S','Lập trình xử lí dữ liệu với Python','AIT2003',3,1),(161,'S','Các vật liệu polymer chức năng cấu trúc nanô','EPN3009',2,1),(162,'S','Lý thuyết điều khiển tự động','EMA2013',3,1),(163,'S','Thực hành phát triển phần mềm','INT3139',3,1),(164,'S','Lập trình mạng','INT3304',3,1),(165,'S','Kiến trúc trong xây dựng','CTE3028',2,1),(166,'S','Hệ thống đồng phát và thu hồi nhiệt xả thải','EET3015',2,1),(167,'S','Cơ sở Quy hoạch','CTE2013',2,1),(168,'S','Điều khiển điện thủy khí','EMA 3064',3,1),(169,'S','Bức xạ và biến đổi năng lượng mặt trời','EET3001',2,1),(170,'S','Động lực học trong công trình','EMA3120',4,1),(171,'S','Thực hành thiết kế và xây dựng Robot 1','RBE2021',2,1),(172,'S','IoT và ứng dụng','ELT3244',3,1),(173,'S','Cơ sở trí tuệ nhân tạo','AIT2004',3,1),(174,'S','Vật liệu gốm kỹ thuật','EPN3052',2,1),(175,'S','Cơ học chất lỏng','EMA2008',3,1),(176,'S','Chuyên đề Công nghệ Nhật Bản','INT 3138',3,1),(177,'S','Hóa học hữu cơ','EET2001',3,1),(178,'S','Phát triển ứng dụng di động','INT3120E',3,1),(179,'S','Phân tích và thiết kế mạng máy tính','INT3309E',3,1),(180,'S','Quản lý dự án HTTT','INT2045E',4,1),(181,'S','Học máy','INT3405',3,1),(182,'S','Xử lý ảnh và thị giác Robot','RBE3015',3,1),(183,'S','Hệ thống quang điện','EET3005',2,1),(184,'S','Tích trữ và biến đổi các nguồn năng lượng mới','EET3017',2,1),(185,'S','Công nghệ chế tạo pin mặt trời','EPN3055',2,1),(186,'S','Kỹ thuật mô hình-mô phỏng','EMA2035',3,1),(187,'S','Cơ lí thuyết','RBE3001',2,1),(188,'S','Seminar và thảo luận nhóm về công nghệ nano và ứng dụng','EPN2051',2,1),(189,'S','Kỹ năng khởi nghiệp','UET1002',2,1),(190,'S','Quang tử nanô','EPN3020',2,1),(191,'S','Các chuyên đề trong TT&MMT','INT3125',3,1),(192,'S','Các thuật toán thích nghi','RBE3043',3,1),(193,'S','Truyền thông vô tuyến','ELT3056',3,1),(194,'S','Thị giác máy','INT3412E',3,1),(195,'S','Tương tác người - máy','INT2041',3,1),(196,'S','Xác suất thống kê','MAT1101',3,1),(197,'S','Lập trình thi đấu','INT3512',3,1),(198,'S','Công nghệ sinh học đại cương','AGT2011',3,1),(199,'S','Các vấn đề hiện đại trong nông nghiệp kỹ thuật số','AGT3019',3,1),(200,'S','Kết cấu thiết bị bay và đồ án','EMA3101',3,1),(201,'S','Lập trình DSP','ELT3246',3,1),(202,'S','Phát triển ứng dụng Internet of Things','INT 3022',3,1),(203,'S','Thiết bị quang tử','EPN3024',2,1),(204,'S','Kết cấu Hàng không','AER3001',3,1),(205,'S','Các cơ cấu chấp hành Robot','RBE3012',3,1),(206,'S','Khai phá dữ liệu hướng lĩnh vực','INT3233E',4,1),(207,'S','Thủy động lực học - môi trường biển','EMA3094',4,1),(208,'S','Phương pháp hình thức','INT3106',3,1),(209,'S','An toàn và an ninh mạng','INT3307E',3,1),(210,'S','Kỹ thuật điện và điện tử','EMA2005',3,1),(211,'S','Thủy văn','CTE3002',2,1),(212,'S','Giải thuật cho Robot thông minh','RBE3047',3,1),(213,'S','Matlab và ứng dụng','EMA2006E',3,1),(214,'S','Nhập môn công nghệ vi cơ điện tử','EMA2028',2,1),(215,'S','Golf','PES1090',1,1),(216,'S','Các phương pháp điều khiển tiên tiến','EMA3021',2,1),(217,'S','An toàn và an ninh mạng','INT3307',3,1),(218,'S','Truyền thông quang','ELT3067',3,1),(219,'S','Kinh tế và chính sách năng lượng','EET3029',2,1),(220,'S','Rèn nghề Công nghệ Nông nghiệp','AGT4003',3,1),(221,'S','Nhập môn viễn thám','AER3015',3,1),(222,'S','Truyền thông di động','ELT3247',3,1),(223,'S','An toàn hiệu quả trong kỹ thuật năng lượng','EET3027',2,1),(224,'S','Mạng truyền thông máy tính 2','ELT3062E',3,1),(225,'S','Kỹ nghệ yêu cầu','INT3133',3,1),(226,'S','Phát triển ứng dụng Web','INT3306E',3,1),(227,'S','Thiết kế kiểu dáng công nghiệp','RBE3016',3,1),(228,'S','Lập trình và ghép nối máy tính','ELT3104',3,1),(229,'S','Quản lý dự án và rủi ro','CTE3047',2,1),(230,'S','Phát triển hệ thống nhúng bảo mật','AER3017',3,1),(231,'S','An toàn lao động','CTE3009',2,1),(232,'S','Kiểm thử và đảm bảo chất lượng phần mềm','INT3117',3,1),(233,'S','Cơ học chất lỏng thực nghiệm','EMA3104',3,1),(234,'S','Thí nghiệm đo đạc môi trường biển','EMA3107',3,1),(235,'S','Thực tập chuyên đề Công nghệ quang tử','EPN 3029',3,1),(236,'S','Hệ sinh thái nông nghiệp và nông nghiệp bền vững','AGT3013',3,1),(237,'S','Mô hình hóa động lực học và điều khiển Robot','RBE3011',2,1),(238,'S','Lý thuyết điều khiển tự động','AER3051',3,1),(239,'S','Tin sinh học','INT3407',3,1),(240,'S','Thiết kế nhà bê tông cốt thép','CTE3018',2,1),(241,'S','Xử lý ngôn ngữ tự nhiên','INT3406E',3,1),(242,'S','Triết học Mác - Lênin','PHI1006',3,1),(243,'S','Vật lý phân tử','EPN2050',3,1),(244,'S','Linh kiện điện tử','ELT2032E',3,1),(245,'S','Cơ học kỹ thuật cho Công nghệ Hàng không Vũ trụ','AER2005',4,1),(246,'S','Kiếm tra và bảo dưỡng máy bay','AER3026',3,1),(247,'S','Thông minh kinh doanh','INT3225E',4,1),(248,'S','Thực hành công nghiệp kỹ thuật năng lượng','EET2008',2,1),(249,'S','Động lực học - môi trường không khí và đồ án','EMA3092',4,1),(250,'S','Lý thuyết dẻo','EMA3121',3,1),(251,'S','Nhập môn Xử lý tín hiệu cho hệ thống đa phương tiện','ELT3094',3,1),(252,'S','MEMS sinh học và các thiết bị y-sinh','ELT 3088',3,1),(253,'S','Quản trị mạng','INT3310',3,1),(254,'S','Thiết kế giao diện người dùng','INT3115',3,1),(255,'S','Thiết kế, tích hợp vệ tinh nhỏ và đồ án','EMA 3103',4,1),(256,'S','Cơ sở dữ liệu phân tán','INT3206',3,1),(257,'S','Khoa học dịch vụ','INT3501E',3,1),(258,'S','Quang điện tử','ELT3110',3,1),(259,'S','Công trình biển ngoài khơi, độ tin cậy và đồ án','EMA3096',4,1),(260,'S','Động lực học sông và đồ án','EMA3091',4,1),(261,'S','Cảm biến và cơ cấu chấp hành','EMA3017',2,1),(262,'S','Công nghệ gia công phi truyền thống và tạo mẫu nhanh','EMA3006E',3,1),(263,'S','Kỹ thuật Anten','ELT3189',3,1),(264,'S','Quản trị sản xuất và logistics trong nông nghiệp','AGT2012',3,1),(265,'S','Seminar khoa học','AIT3005*',3,1),(266,'S','Các hệ thống thương mại điện tử','INT3506E',3,1),(267,'S','Pháp luật và đạo đức nghề nghiệp trong CNTT','INT3514',2,1),(268,'S','Tâm lý học đại cương','PSY1050',2,1),(269,'S','Các hệ thống thương mại điện tử','INT3506',3,1),(270,'S','Chuẩn kỹ năng của CNTT','INT 3510',2,1),(271,'S','Quản lý dự án phần mềm','INT3111',3,1),(272,'S','Nhập môn an toàn thông tin','INT3213',3,1),(273,'S','Động lực học bay và điều khiển','AER3023',3,1),(274,'S','Dự án công nghệ','INT3132',3,1),(275,'S','Thực hành hệ điều hành mạng','INT3301',3,1),(276,'S','Các vấn đề hiện đại của kỹ thuật máy tính','ELT3241',2,1),(277,'S','Khoa học quản lý đại cương','MNS1052',2,1),(278,'S','Mô hình hóa và tối ưu hóa cho học máy','AIT2001',3,1),(279,'S','Kiến trúc phần mềm','INT3105',3,1),(280,'S','Hệ thống logic mờ','ELT3111',3,1),(281,'S','Vật lý lượng tử','EPN2015',3,1),(282,'S','Thiết bị, máy trong xấy dựng - giao thông','CTE3008',2,1),(283,'S','Các vấn đề hiện đại trong công nghệ sinh học nông nghiệp','AGT3024',3,1),(284,'S','Quang phi tuyến','EPN3016',2,1),(285,'S','Nguyên lý Định vị và dẫn đường Thiết bị hàng không','AER3035',3,1),(286,'S','Đồ án 2: Thiết kế và xây dựng Robot 2','RBE3022',2,1),(287,'S','Tin sinh học','INT3407E',3,1),(288,'S','Dự án khoa học','INT3131',3,1),(289,'S','Thực tập xưởng','EMA4002',2,1),(290,'S','Thực tập tốt nghiệp định hướng Kỹ thuật Điều khiển và Tự động hóa','EMA4006',3,1),(291,'S','Thực tập tốt nghiệp','AER4002',3,1),(298,'S','Mạng máy tính','INT2213',4,1),(299,'S','Hệ quản trị cơ sở dữ liệu','INT3202',3,1),(300,'S','Công nghệ phần mềm','INT2208',3,1),(301,'S','Kinh tế chính trị Mác - Lênin','PEC1008',2,1),(302,'S','Vật lý đại cương 2','EPN1096',2,1),(303,'S','Toán học rời rạc','INT1050',4,1),(304,'S','Nguyên lý marketing','BSA2002',3,1),(305,'S','Giải tích 2','MAT1042',4,1),(306,'S','Vật lý đại cương 1','EPN1095',2,1),(307,'S','Nhập môn lập trình','INT1008',3,1),(308,'S','Giới thiệu về Công nghệ thông tin','INT1007',3,1),(309,'S','Giải tích 1','MAT1041',4,1),(310,'S','Đại số','MAT1093',4,1),(311,'S','Teakwondo 1','PES1050',1,1),(312,'S','Tiếng Anh B2','FLF1108',5,1),(313,'S','Điền kinh','PES1003',1,1),(314,'S','Xử lý ảnh','INT3404',3,1);
/*!40000 ALTER TABLE `Subjects` ENABLE KEYS */;
UNLOCK TABLES;
-- ALTER DATABASE `defaultdb` CHARACTER SET utf8mb4 COLLATE utf8mb4_general_ci ;
/*!50003 SET @saved_cs_client      = @@character_set_client */ ;
/*!50003 SET @saved_cs_results     = @@character_set_results */ ;
/*!50003 SET @saved_col_connection = @@collation_connection */ ;
/*!50003 SET character_set_client  = utf8mb4 */ ;
/*!50003 SET character_set_results = utf8mb4 */ ;
/*!50003 SET collation_connection  = utf8mb4_general_ci */ ;
/*!50003 SET @saved_sql_mode       = @@sql_mode */ ;
/*!50003 SET sql_mode              = 'REAL_AS_FLOAT,PIPES_AS_CONCAT,ANSI_QUOTES,IGNORE_SPACE,ONLY_FULL_GROUP_BY,ANSI,STRICT_TRANS_TABLES,STRICT_ALL_TABLES,NO_ZERO_IN_DATE,NO_ZERO_DATE,ERROR_FOR_DIVISION_BY_ZERO,NO_ENGINE_SUBSTITUTION' */ ;
DELIMITER ;;
/*!50003 CREATE*/ /*!50017 DEFINER=`fall2324w3g4@`%`*/ /*!50003 TRIGGER `before_subject_create` BEFORE INSERT ON `Subjects` FOR EACH ROW BEGIN
    DECLARE last_id int;

    INSERT INTO Pages(PageType, PageUrl)
        VALUES ('S', 'XYZ');

    SELECT LAST_INSERT_ID() into last_id;

    Set NEW.Id = last_id;

end */;;
DELIMITER ;
/*!50003 SET sql_mode              = @saved_sql_mode */ ;
/*!50003 SET character_set_client  = @saved_cs_client */ ;
/*!50003 SET character_set_results = @saved_cs_results */ ;
/*!50003 SET collation_connection  = @saved_col_connection */ ;
-- ALTER DATABASE `defaultdb` CHARACTER SET utf8mb4 COLLATE utf8mb4_general_ci ;

--
-- Table structure for table `UserLikes`
--

DROP TABLE IF EXISTS `UserLikes`;
/*!40101 SET @saved_cs_client     = @@character_set_client */;
/*!50503 SET character_set_client = utf8mb4 */;
CREATE TABLE `UserLikes` (
  `Id` int NOT NULL AUTO_INCREMENT,
  `UserId` int NOT NULL,
  `Score` int DEFAULT NULL,
  `PageId` int NOT NULL,
  `PageType` char(1) NOT NULL,
  PRIMARY KEY (`Id`),
  KEY `UserId` (`UserId`),
  KEY `UserLikes_Pages_PageId_PageType_fk` (`PageId`,`PageType`),
  CONSTRAINT `UserLikes_ibfk_2` FOREIGN KEY (`UserId`) REFERENCES `Users` (`Id`),
  CONSTRAINT `UserLikes_Pages_PageId_PageType_fk` FOREIGN KEY (`PageId`, `PageType`) REFERENCES `Pages` (`PageId`, `PageType`),
  CONSTRAINT `UserLikes_chk_1` CHECK ((`Score` in (_utf8mb4'1',0,_utf8mb4'-1')))
) ENGINE=InnoDB DEFAULT CHARSET=utf8mb4 COLLATE=utf8mb4_general_ci;
/*!40101 SET character_set_client = @saved_cs_client */;

--
-- Dumping data for table `UserLikes`
--

-- LOCK TABLES `UserLikes` WRITE;
-- /*!40000 ALTER TABLE `UserLikes` DISABLE KEYS */;
-- INSERT INTO `UserLikes` VALUES (107,13,1,457,'D');
-- /*!40000 ALTER TABLE `UserLikes` ENABLE KEYS */;
-- UNLOCK TABLES;

--
-- Table structure for table `UserScores`
--

DROP TABLE IF EXISTS `UserScores`;
/*!40101 SET @saved_cs_client     = @@character_set_client */;
/*!50503 SET character_set_client = utf8mb4 */;
CREATE TABLE `UserScores` (
  `Id` int NOT NULL AUTO_INCREMENT,
  `UserId` int NOT NULL,
  `SubjectId` int NOT NULL,
  `ScoreId` int NOT NULL,
  `SemesterId` int NOT NULL,
  PRIMARY KEY (`Id`),
  KEY `UserId` (`UserId`),
  KEY `SubjectId` (`SubjectId`),
  KEY `ScoreId` (`ScoreId`),
  KEY `SemesterId` (`SemesterId`),
  CONSTRAINT `UserScores_ibfk_1` FOREIGN KEY (`UserId`) REFERENCES `Users` (`Id`),
  CONSTRAINT `UserScores_ibfk_2` FOREIGN KEY (`SubjectId`) REFERENCES `Subjects` (`Id`),
  CONSTRAINT `UserScores_ibfk_3` FOREIGN KEY (`ScoreId`) REFERENCES `Scores` (`Id`),
  CONSTRAINT `UserScores_ibfk_4` FOREIGN KEY (`SemesterId`) REFERENCES `Semesters` (`Id`)
) ENGINE=InnoDB DEFAULT CHARSET=utf8mb4 COLLATE=utf8mb4_general_ci;
/*!40101 SET character_set_client = @saved_cs_client */;

--
-- Dumping data for table `UserScores`
--

-- LOCK TABLES `UserScores` WRITE;
-- /*!40000 ALTER TABLE `UserScores` DISABLE KEYS */;
-- INSERT INTO `UserScores` VALUES (25,16,310,25,4),(26,16,309,26,4),(27,16,308,27,4),(28,16,307,28,4),(29,16,242,29,4),(30,16,306,30,4),(31,16,104,31,5),(32,16,305,32,5),(33,16,60,33,5),(34,16,304,34,5),(35,16,303,35,5),(36,16,302,36,5),(37,16,301,37,6),(38,16,57,38,7),(39,16,2,39,7),(40,16,4,40,7),(41,16,76,41,7),(42,16,5,42,7),(43,16,13,43,7),(44,16,300,44,8),(45,16,215,45,8),(46,16,299,46,8),(47,16,232,47,8),(48,16,102,48,8),(49,16,298,49,8),(50,16,254,50,8),(61,13,310,61,4),(62,13,309,62,4),(63,13,308,63,4),(64,13,307,64,4),(65,13,242,65,4),(66,13,306,66,4),(67,13,3,67,5),(68,13,8,68,5),(69,13,305,69,5),(70,13,60,70,5),(71,13,303,71,5),(72,13,302,72,5),(73,13,102,73,6),(74,13,135,74,6),(75,13,2,75,7),(76,13,4,76,7),(77,13,76,77,7),(78,13,5,78,7),(79,13,267,79,7),(80,13,311,80,7),(81,13,27,81,7),(82,13,312,82,7),(83,13,13,83,7),(84,13,7,84,8),(85,13,300,85,8),(86,13,299,86,8),(87,13,298,87,8),(88,13,304,88,8),(89,13,40,89,8),(90,13,196,90,8),(91,13,19,91,9),(92,13,254,92,9),(93,13,266,93,10),(94,13,125,94,10),(95,13,15,95,10),(96,13,64,96,10),(97,13,232,97,10),(98,13,44,98,10),(99,13,68,99,10),(126,32,19,126,9),(127,32,254,127,9),(144,38,310,144,4),(145,38,309,145,4),(146,38,308,146,4),(147,38,307,147,4),(148,38,242,148,4),(149,38,306,149,4),(150,38,8,150,5),(151,38,313,151,5),(152,38,305,152,5),(153,38,60,153,5),(154,38,27,154,5),(155,38,312,155,5),(156,38,303,156,5),(157,38,302,157,5),(158,38,301,158,6),(159,38,102,159,6),(160,38,196,160,6),(161,38,2,161,7),(162,38,4,162,7),(163,38,76,163,7),(164,38,5,164,7),(165,38,267,165,7),(166,38,311,166,7),(167,38,13,167,7),(168,38,7,168,8),(169,38,300,169,8),(170,38,299,170,8),(171,38,298,171,8),(172,38,40,172,8),(173,38,106,173,9),(174,38,19,174,9),(175,38,254,175,9),(176,38,135,176,9),(177,38,3,177,10),(178,38,48,178,10),(179,38,125,179,10),(180,38,15,180,10),(181,38,164,181,10),(182,38,44,182,10),(183,38,68,183,10),(202,16,7,203,10),(203,16,8,204,10),(204,16,125,205,10),(205,16,15,206,10),(206,16,267,207,10),(207,16,44,208,10),(208,16,139,209,10),(209,16,68,210,10),(210,16,196,211,10),(211,16,4,212,9),(219,32,300,220,8),(220,32,313,221,8),(221,32,299,222,8),(222,32,15,223,8),(223,32,232,224,8),(224,32,102,225,8),(225,32,298,226,8),(226,32,7,227,7),(227,32,2,228,7),(228,32,4,229,7),(229,32,76,230,7),(230,32,5,231,7),(231,32,267,232,7),(232,32,13,233,7),(233,32,135,234,7),(234,32,8,235,5),(235,32,305,236,5),(236,32,60,237,5),(237,32,303,238,5),(238,32,302,239,5),(239,32,310,240,4),(240,32,309,241,4),(241,32,308,242,4),(242,32,307,243,4),(243,32,242,244,4),(244,32,306,245,4),(266,32,7,267,10),(267,32,266,268,10),(268,32,125,269,10),(269,32,64,270,10),(270,32,44,271,10),(271,32,68,272,10),(272,32,196,273,10);
-- /*!40000 ALTER TABLE `UserScores` ENABLE KEYS */;
-- UNLOCK TABLES;
/*!50003 SET @saved_cs_client      = @@character_set_client */ ;
/*!50003 SET @saved_cs_results     = @@character_set_results */ ;
/*!50003 SET @saved_col_connection = @@collation_connection */ ;
/*!50003 SET character_set_client  = utf8mb4 */ ;
/*!50003 SET character_set_results = utf8mb4 */ ;
/*!50003 SET collation_connection  = utf8mb4_general_ci */ ;
/*!50003 SET @saved_sql_mode       = @@sql_mode */ ;
/*!50003 SET sql_mode              = 'REAL_AS_FLOAT,PIPES_AS_CONCAT,ANSI_QUOTES,IGNORE_SPACE,ONLY_FULL_GROUP_BY,ANSI,STRICT_ALL_TABLES,NO_ZERO_IN_DATE,NO_ZERO_DATE,ERROR_FOR_DIVISION_BY_ZERO,NO_ENGINE_SUBSTITUTION' */ ;
DELIMITER ;;
/*!50003 CREATE*/ /*!50017 DEFINER=`fall2324w3g4@`%`*/ /*!50003 TRIGGER `remove_Scores_after_remove_UserScores` AFTER DELETE ON `UserScores` FOR EACH ROW Begin
	Delete from Scores where Id = OLD.ScoreId;
End */;;
DELIMITER ;
/*!50003 SET sql_mode              = @saved_sql_mode */ ;
/*!50003 SET character_set_client  = @saved_cs_client */ ;
/*!50003 SET character_set_results = @saved_cs_results */ ;
/*!50003 SET collation_connection  = @saved_col_connection */ ;

--
-- Table structure for table `Users`
--

DROP TABLE IF EXISTS `Users`;
/*!40101 SET @saved_cs_client     = @@character_set_client */;
/*!50503 SET character_set_client = utf8mb4 */;
CREATE TABLE `Users` (
  `Id` int NOT NULL AUTO_INCREMENT,
  `Name` varchar(255) NOT NULL,
  `PasswordHash` varchar(255) DEFAULT NULL,
  `Birth` date NOT NULL,
  `StudentId` varchar(255) DEFAULT NULL,
  `Role` int NOT NULL DEFAULT '0',
  `Avatar` text,
  `Status` tinyint(1) DEFAULT '0',
  `Bio` varchar(255) DEFAULT NULL,
  PRIMARY KEY (`Id`),
  UNIQUE KEY `StudentId` (`StudentId`)
) ENGINE=InnoDB DEFAULT CHARSET=utf8mb4 COLLATE=utf8mb4_general_ci;
/*!40101 SET character_set_client = @saved_cs_client */;

--
-- Dumping data for table `Users`
--

LOCK TABLES `Users` WRITE;
/*!40000 ALTER TABLE `Users` DISABLE KEYS */;
INSERT INTO `Users` VALUES (13,'Phạm Gia Việt Em','$2b$10$1GHc2QlV9uz0q9I7opRkk.hGsiXWVASCOcg80tqvuh0th8J4dn.LW','2023-12-23','21020051',0,'https://res.cloudinary.com/dxjtmrvb1/image/upload/v1702866998/uetable/Avatar/ei9cpn3pzsh5g90xzruh.jpg',0,''),(16,'Dược đẹp trai ok','$2b$10$ln0NwPOFaVovaRxAvnD3mehOTEJYFRTuDZOhZi6WJqfv6htOCtrb6','2023-12-02','21020059',0,'https://res.cloudinary.com/dxjtmrvb1/image/upload/v1703831035/uetable/Avatar/ypuaoh6tr8g0zuiqflwm.jpg',0,'ddm vanhg'),(18,'Nguyễn Việt Anh','$10$1GHc2QlV9uz0q9I7opRkk.hGsiXWVASCOcg80tqvuh0th8J4dn.LW','2003-01-10','21020001',0,NULL,0,NULL),(19,'Phạm Văn Bình','$10$1GHc2QlV9uz0q9I7opRkk.hGsiXWVASCOcg80tqvuh0th8J4dn.LW','2003-01-01','21020003',0,NULL,0,NULL),(20,'Nguyễn Công ','$10$1GHc2QlV9uz0q9I7opRkk.hGsiXWVASCOcg80tqvuh0th8J4dn.LW','2003-01-01','21020004',0,NULL,0,NULL),(21,'Huỳnh Tiến Dũng','$10$1GHc2QlV9uz0q9I7opRkk.hGsiXWVASCOcg80tqvuh0th8J4dn.LW','2003-01-01','21020007',0,NULL,0,NULL),(22,'Nguyễn Trung Hiếu','$10$1GHc2QlV9uz0q9I7opRkk.hGsiXWVASCOcg80tqvuh0th8J4dn.LW','2003-01-11','21020017',0,NULL,0,NULL),(23,'Trần Thị Thu Huệ ','$10$1GHc2QlV9uz0q9I7opRkk.hGsiXWVASCOcg80tqvuh0th8J4dn.LW','2003-01-01','21020018',0,NULL,0,NULL),(24,'Dương Hồng Nam ','$10$1GHc2QlV9uz0q9I7opRkk.hGsiXWVASCOcg80tqvuh0th8J4dn.LW','2003-01-01','21020024',0,NULL,0,NULL),(25,'Hoàng Minh Tú ','$10$1GHc2QlV9uz0q9I7opRkk.hGsiXWVASCOcg80tqvuh0th8J4dn.LW','2003-01-01','20020029',0,NULL,0,NULL),(26,'Nguyễn Anh Tú','$10$1GHc2QlV9uz0q9I7opRkk.hGsiXWVASCOcg80tqvuh0th8J4dn.LW','2003-01-01','20020030',0,NULL,0,NULL),(27,'Ngô Văn Tuân','$10$1GHc2QlV9uz0q9I7opRkk.hGsiXWVASCOcg80tqvuh0th8J4dn.LW','2003-01-01','20020031 ',0,NULL,0,NULL),(28,'Đỗ Minh Tuấn','$10$1GHc2QlV9uz0q9I7opRkk.hGsiXWVASCOcg80tqvuh0th8J4dn.LW','2003-01-01','20020032',0,NULL,0,NULL),(29,'Vũ Quốc Tuấn ','$10$1GHc2QlV9uz0q9I7opRkk.hGsiXWVASCOcg80tqvuh0th8J4dn.LW','2003-01-01','22020033',0,NULL,0,NULL),(30,'Nguyễn Huy Thái','$10$1GHc2QlV9uz0q9I7opRkk.hGsiXWVASCOcg80tqvuh0th8J4dn.LW','2003-01-01','22020035',0,NULL,0,NULL),(31,'Bùi Đức Huy ','$10$1GHc2QlV9uz0q9I7opRkk.hGsiXWVASCOcg80tqvuh0th8J4dn.LW','2003-01-01','19020712',0,NULL,0,NULL),(32,'Mikasa Hackerman :))','$2b$10$G3H.JKN6ZtKC70T7rycSu.3yJ.Z3nSXK3u.gfZDZifru92na.FZu2','2023-12-13','21020006',1,'https://res.cloudinary.com/dxjtmrvb1/image/upload/v1703858254/uetable/Avatar/psadm7b9mdsvprumbiyl.jpg',0,'<h1>Mikasa can hack all system :)</h1>'),(33,'Nguyen Van A','$2b$10$hzv2KvLfZ2hRk7lGiYdVXOrsf/dgUW.WWKzUod0IOqjEgxKMepkHO','2023-12-24','20020006',0,NULL,0,NULL),(34,'Hoàng Văn Huy','$2b$10$vfKljcEZP.2aYEeiS4Y4/eyrZOZe3Z66kVs1MXzi7rZoLums/d.jW','2023-12-24','21020076',0,NULL,0,''),(38,'Hoàng Minh Thái','$2b$10$Ta4DFp9YSkw/pZRM7bTTe.bysMqMCOiwF4pBGLHKoVWlBxp/u0Shy','2023-12-27','21020034',0,'data:image/png;base64,iVBORw0KGgoAAAANSUhEUgAABLAAAASwCAYAAADrIbPPAAAABGdBTUEAALGPC/xhBQAAACBjSFJNAAB6JgAAgIQAAPoAAACA6AAAdTAAAOpgAAA6mAAAF3CculE8AAAABmJLR0QA/wD/AP+gvaeTAABsT0lEQVR42uzdeZiddX3///fnPjNZWIOACgoqIEoIAYutG7VppVVaQWByzMwkEwK0qf221vbb9qttv63T5fet1m5qV6wSMslM0pMELVZalxpbrVtRCSEIKi5YQNYAgSwz5/78/oBalWWWnDNzlsfjunq1l+XqVZ8m53zu19z3PREAAAAAAAAAAAAAAAAAAAAAAAAAAAAAAAAAAAAAAAAAAAAAAAAAAAAAAAAAAAAAAAAAAAAAAAAAAAAAAAAAAAAAAAAAAAAAAAAAAAAAAAAAAAAAAAAAAAAAAAAAAAAAAAAAAAAAAAAAAAAAAAAAAAAAAAAAAAAAAAAAAAAAAAAAAAAAAAAAAAAAAAAAAAAAAAAAAAAAAAAAAAAAAAAAAAAAAAAAAAAAAAAAAAAAAAAAAAAAAAAAAAAAAAAAAAAAAAAAAAAAAAAAAAAAAAAAAAAAAAAAAAAAAAAAAAAAAAAAAAAAAAAAAAAAAAAAAAAAAAAAAAAAAAAAAAAAAAAAAAAAAAAAAAAAAAAAAAAAAAAAAAAAAAAAAABzL0kAAHSjC9esWVTZH88sojwmF7Eol7GoSOWiXKZFkWJRzrEopTgiRRwaEfMix5E5RU9EHBkR8+LRf/17HRYRvT/wr41HxJ4f+NcejogDEfFAyjERKR6IiAM54uGc48GUYnfk2J2KvLvMxe5UxO5Uxu4yinvq8+PO969bt9t/egBAtzFgAQAd5YLLLjt8/v79J0SZTswRz86RTogcJ6aUjo3Iz4iIZ0bEsRExv03/Le6PiLsj4s6I9J2IuCtSfCty+e2c0m1FKm+LAwe+VavV9vjTAAB0CgMWANBWhoeHix233HJCUaZTUlGcXOZ8Soo4JSKdHBEnRsQilSIiYndEfCtyfDVSfDWl+Frk+Go91b+29NRTbxseHi4lAgDahQELAGhJ1Wp13kSx4NSiyItTKhZHzosjYnFEnBLte/dUq9ifIr6SI26KlHZF5Bvr9bipp9x3S61WOyAPANBqDFgAwJyrVi89NnrGz8opfihHelHKcWY8OlT1qDOrxnPEV1PE9RHxxRT5iz1R/+LY2Ng90gAAc8mABQDMqmr18qflYvwlkcofSSmdnSNeFBHPVqZ15YjbUqQvRi6/ELn4XCp7P1urvfc+ZQCA2WLAAgCaZtmyZT1HP/OEsyLiJVHESyLHS1LEqcq0vRwRt0TEZyPSZ1NKn7379m9ev3379glpAIBmMGABAA2zbNmynmOPf86ZOernRpnOiRTnhJeqd4uHU85fylF8Mhfx0cPnFZ9ct27dPlkAgEYwYAEAM7Zs2bKeY4878aU5xbmR849FxEsiYqEyRMTeFPGZnPMnykrlo/f91zc/6w4tAGCmDFgAwLT0DQ6eVETl3Jzj3Ij4yXCHFVPzcIr4dE75oykqH62NXnWdJADAVBmwAICnVK1WF+Z5C1+V6/n8VMRrIseJqtAA34zI/5xyXBP1/f9aq9X2SgIAPBkDFgDwOBcNDT29Us+viZxeGxGviYjDVaGJ9qaIT0XKH6yUvds2bbryNkkAgO9lwAIAIiKiumrVC3IZfZHTxRHxQ84JzJEcEddFxLZKmbZu3rz+FkkAAAdTAOhifQOXnJ5SrkbOr42IsxWhBe2KnK5JKT5YG1v/STkAoDsZsACgy/QNrHlhyhODEWkgUpyiCO0iR9ySUhpLRTlW27DhZkUAoHsYsACgC1Srq58VveXyKKOaU3qFInSAXZFSracs1m3atO4bcgBAZzNgAUCHqlarh5U9C/tS5DUR8cqIKFShA5URsT1SvmphJW0dGRl5WBIA6DwGLADoMNXBS84uy3JtSjEQfnsg3eXBnOIDEWn91tH1H4tHXwgPAHQAAxYAdICLV606rqinNTliTYo4VRGImyPlK9N4z1W12ro75QCA9mbAAoA2Vh1YfU6O/MsRcWFE9CoCj1OPHNfmIr3TXVkA0L4MWADQZqrV6pHRu2BF5HhjjliiCEz56PuVSOV76z3F31+9fv29egBAG32LSwAA7aG6cuUZZb14U0oxGBELFYEZn4AfiZxG62V+59WbR3YKAgDt8PUNALSs4eHh4oZbbv2JVOY3RYqf8d0NDT4M5/ypXKR3pvF922q1Wl0RAGjR72wJAKD1XHDZZYf3PjJ+aYp4Y6Q4RRFo+rH4KymV74rx/etqtdoePQCgxb6pJQCA1lGtXnps7q3/YuT8xoh4miIw6x6MFOvKIr9t24YNd8gBAK3BgAUALaC/f81zJ4r6r0bEz0aOQxSBObc/p/iHiPofbB0d/YocADC3DFgAMIcuWjG0pKjEb6Ycr4+IHkWg5UxE5E05Km/bOnbVjXIAwNwwYAHAHHhsuPo/KcdgRFQUgZZXRo4PlTm/ddvmDV+QAwBmlwELAGbR9wxXKyOiUATaTo4c/2TIAoDZZcACgFlQXbnyjCiL388Rr/P9Cx0hR46rcyp+16OFANB8DtAA0EQXDw4+J5WV30opLg+PCkInKiNia6UsfnPz5qu+JgcANIcBCwCaoFq99Nhcqf9apPwrETFfEeh44znHlbknD2/bsOEOOQCgsQxYANBA1Wr1yNyz4M2R4k2R4xBFoOs8nCP+YkFR/vHGjRsflAMAGsOABQANsGzZsp5jjz/hspzj9yPiGYpA17s3pfwHd9/+7b/avn37hBwAcHAMWABwkPoGV59b5PznOWKJGsAPuDlS/M6W0ZGaFAAwcwYsAJihvv7VLypS/tMc8eNqAJMcuj9aRvq1rWPrd6gBADP6LgUApmNwcPCoA1EZjhy/GH6zIDB1ZU6xcV6e+N9jY2P3yAEAU2fAAoApGh4eLnbe8tVVkdOfRMSxigAzdF9K+fdjfP9f1mq1uhwAMDkDFgBMQV//0ItTir+MiJeoATTkIJ7iC7nMb9yyacN/qAEAk3xvSgAAT+6i1auProznP46IS31vAk2QI+Lv56X6m0dHR++XAwCemPd2AMCTWD44VC3q8U8RcU4Yr4DmSBFxdj2Knzt96Zm7d92w4wuSAMATf2ECAN+jumrVKbme/joiflINYJZ9IkflDVvH1n1ZCgD4HwYsAHjM2rVre+9/aO9v5ojfioj5igBzZF+K+MOjDl/4x1dcccW4HABgwAKAiIjoG1i9tEj5ypzjh9QAWuSofkPO+bKtm0b+UwsAuv5bUQIAutnatWt779vzyP+OnH4/IuYpArSYicjpTx9+4Mi3Xnvtu/fLAUC3MmAB0LWqg2vOynniyoh0lhpAi7sxpXRZbXT956QAoBsZsADoOtVqdV7uWTAcEf8n/EZeoH3Uc8Tbjj584e95NxYA3caABUBXqa5cuThyMeJdV0AbH+FvqJfl0NWbN1yvBQDdwk+dAeiaK77q4NDaHGlr5DhRDqCNPaNIac3ipUsnXt938ae3b9+eJQGg4w/zEgDQ6arV1SfmnnxVRCxTA+is03z6WJnqa7Zt3PhtMQDoZIUEAHSyav/qi3JP/mIYr4BOlPOrirKys9q/eoUYAHQyd2AB0JHWrFmzYM+B+tsjxy+rAXSDnGLkwEML33DNNVc8ogYAncaABUDHWbFi6LR6EZsiYqkaQDfJETdFpP6tY+t3qAFAJ/ESdwA6Sl//0BtyEdsi4tlqAN0mRRybUlxy2uln3n3Tzh1fUASADvqOA4D2V61WF+aeBX8ZEZepARARkTcs7ElvGBkZeVgLANqdAQuAtlddteoFuV7UIvIZagB8ny/nKJZvHbvqRikAaGd+CyEAba3av/qiXC8+a7wCeEIvTFF+2m8pBKDduQMLgLa0du3a3vv27P3zyPGLagBMyV/cc8dtv7F9+/YJKQBoNwYsANrOwMDAMRPR8w854sfVAJiWf++NierY2Nh3pACgnRiwAGgrff2rX5RSvjoinqMGwIx8uyzLi7dt3vh5KQBoF96BBUDb6BtYNZCK/MkwXgEcjGcXRfFv1cGhNVIA0C7cgQVAy6tWq5Xcu+AdkeNX1QBo5NVA+pM0vvcttVqtLgYALf2VJQEAraxarR4WPQtGc8T5agA0xT/PL8oVGzdufFAKAFqVAQuAllWtrn5W7snXRMSL1ABo6mXBDWWaOH/b6Og3tQCgJb+pJACgFfX1D70kpXh/RDxTDYBZcUdK6cLa6PrPSQFAq/ESdwBaTrV/9YqUYnsYrwBm03E55+3V/tXLpQCg1VQkAKCVVAdXvSlHXBERvWoAzLreSFFdvPSstOuG67fLAUCr8AghAC3znbR8cPUfR86/LgVAS1wpvGvJqSf/6vDwcCkGAHP/tQQAc+y88944/9BFD6yPyK9XA6CV5KvTxP6VtVptrxYAzCUDFgBzanBw8KgDufKBiPhRNQBa0qd7Y+KCsbGxe6QAYK4YsACYMxevXPnsoiz+JSIWqwHQ0hcNOyt5/NWbNm26XQ0A5ui7CABmX3Vo6HnlRHwkRZysBkDryxHfiFT/qa2jo19RA4DZZsACYNb1DVxyeor84Yh8vBoAbeXOeplfc/XmDddLAcBsKiQAYDZVB1f/SIryE8YrgLb0zEqRti/vX/VyKQCYTQYsAGZN3+DQq3Pkj0fE0WoAtK1FkdKH+wZXnysFALPFgAXArFi+YvV5Kcf7I8chagC0vUNTzh+s9q+6QAoAZkNFAgCardq/6meiiG0RsUANgI7REyn1nXbG0p037dzxZTkAaCYDFgBNVe1fvTynqEXEPDUAOu96IkXqO+2Mpbtu2rnjJjkAaNoXjgQANEvfwKrXR4rRiOhVA6BzrylSpL7Tl5z59V07d+yQA4CmfNlIAEAzLB8c6k+RNkZEjxoAHa+IFBecvuSsm3ftvP5GOQBoNAMWAA23fHDo4sgxGsYrgG5SRIqLFi8985ZdN+zYKQcAjWTAAqChlq9YfV545xVAtyoi4nWnL1l6/a6dO26WA4BGSRIA0Ch9g0OvTjk+EBHz1QDoageiSH1bNq7/oBQANIIBC4CGMF4B8AP25ZTO3zq6/qNSAHCwDFgAHLSLV658aVEWH42IQ9UA4HuuNh5JOb26Nrb+k2IAcHBfKQBwEKorV56Ry+ITEXGUGgA8wSXHAykVy2qj676kBQAz/jaRAICZqq5adUqup3+PiGeqAcBTuCtV8itrGzZ4sTsAM1JIAMBMVKurn1XW00fCeAXA5J6ey/Th/v5LT5ACgJkwYAEwbdXq5U/LPfnDKeK5agAwJTlOrKeJDw0ODnrkHIBpM2ABMC1r1qxZkHsOfCAiFqsBwHTkiCXjuXj/mjVrFqgBwHQYsACYsuHh4eLh/fUNEXGOGgDMRI70yj376+uHh4ddiwAwZRUJAJiqo4878c8j4lIlADhIp991733H7tq540NSADAVBiwApmT54Ko3p4j/qwQAjZF++PQzznpo187rP60FAJMxYAEwqWr/6hUR8TcRkdQAoIF+8vQlZ+3atfP6XVIA8FRciADwlPr6h16civhE5DhEDQCaYG/O8eNbN418VgoAnowBC4AndfHg4HOKXPlsRDxDDQCa6M40kV5Sq63/lhQAPBG/+QOAJ3TBZZcdXuTKP4bxCoDme2buyR+qVqtHSgHAEzFgAfA4w8PDxfy94xsjYqkaAMyS03Pv/LFqteo9vQA8jgELgMfZecvX/iRHnK8EALMqp/PKnvl/JAQAP8hPNwD4Pn0Dq1eliD9WAoC5kCK94vSlZ35z1w07vqQGAP/z/QAAj+nrX/2iVORP+o2DAMyxfTnHj27dNPKfUgAQYcAC4DEDAwPPOBA9n08RJ6gBQAtcqXyrXokfvnpk5C4xAPAOLABi7dq1vePRs9l4BUDLyHFiZSK2VqvVeWIAYMACIO7bs/fPI+LHlACgxZyTexa8XQYAvMQdoMtV+1evCC9tB6B1vXTx0jN37bphxy4pALqXd2ABdLEVK1afWi/y5yPiCDUAaGF7KmX8yObNIzdJAdCdPEII0KWGhoYOrRf56jBeAdD6DiuL+Ifzz1/rt+QCdCkDFkCX2jsRfx0Ri5UAoB3kiCXzDt/7HiUAupN3YAF0ob7+oTekFL+tBADtJEWccfrSM7+964YdX1QDoOu+AwDoJn0Dl5yeovx8RCxUA4A2vIJ5pFKPF3sfFkB38QghQBdZs2bNghTlaBivAGhXOQ4pi/iHarXquwygixiwALrIQ/vq74yIpUoA0M5yxJKysvCPlQDoHh4hBOgSyweHLo4cW5UAoHOuZtKFW0bXf0AIgC74yJcAoPNVq6tPzD35SxFxlBoAdJB7y6I8a9vGjd+WAqCzeYQQoMMNDw8X0ZPXhfEKgM5zdJEr68IP5gE6XkUCgM52zHEn/O+I+HklAOhQJ5225Mz7btq547NSAHQuP6kA6GDVlSsX57L4z/BbBwHobPvqZfzw1ZtHdkoB0Jk8QgjQodauXduby+KqMF4B0PkWVIpYX61W50kB0JkMWAAd6t6H9v5+RLxYCQC6xItyZf7/lQGgM3mEEKADVQdX/0jO+T/Cuw4B6C4TOcfLtm4a+U8pADqLO7AAOsx5571xfs75fWG8AqD79ESK9eed98b5UgB0FgMWQIc5dNHut0bE6UoA0I1SxGmHHvXAbyoB0HGf7wB0iurgmrNyrn8uInrVAKCLTZRlfsm2zRu+IAVAZ3AHFkCHWLZsWU9E/b1hvAKAnkqR3rd27VrfiQAdwoAF0CGOPe6E38o5fkgJAIjIEWfe99DeX1cCoDN4hBCgA/QNDj4/5cqOiFigBgB8195KWZyxefNVX5MCoL25AwugA6To+ZswXgHAD1pYr9T/WgaA9mfAAmhzfQOrL4mcX6UEADyBnH6qb2DVgBAA7c0jhABtrFq9/Gm558BNEfF0NQDgSX1nXqqfNjo6er8UAO3JHVgAbSz3HHhHGK8AYDLPOJCLP5IBoH25AwugTS3vX/XySOmTPssBYErKnOPlWzeNfFYKgPbjDiyANjQ8PFykSH8RxisAmPK1T0rxV8PDw66BANrxQ1wCgPZz4y1f/fmc4oeVAIBpOfvGW752qQwA7cdP7gHazGMvbr85Io5RAwCm7d56b3rB1evX3ysFQPtwBxZAm8m9B/6/MF4BwEwdXRnPb5UBoL24AwugjfT1r35RSvnzEVFRAwBmbCIV5Q/VNm68QQqA9uAOLIA2kop4RxivAOBg9eSy+AsZANqHAQugTVT7V10QOb9KCQBoiJ9YvmL1eTIAtAcDFkAbWLZsWU9O6Y+UAIDGyUX+02XLlvUoAdD6DFgAbeDY45/9hohYrAQANE6KOO2Y4068XAmAtvjMBqCVXXDZZYfP2zv+lYh4hhoA0HB3zS/K52/cuPFBKQBalzuwAFrcvL3jvxnGKwBolqfvz8VvyADQ2tyBBdDCLl616riiTF+NHIeoAQBN83BvTJw8Njb2HSkAWpM7sABaWJoofsd4BQBNd+h46vktGQBa+NpIAoDWVB0ael6eiC9HxDw1AKDpDuRUP23r6OitUgC0HndgAbSosh5/GMYrAJgt86Ks/I4MAK3JHVgALai6cuUZuSy+FH7QAACzqZ6jOHPr2FU3SgHQWlwYAbSisvh9n9EAMOsqKcq3ygDQetyBBdBiqoNrzsq5/gWf0QAwJ3IqyjNrGzfeIAVA6/DTfYBWOzXnid8N4xUAzJVU5uK3ZQBosQ9nCQBaR9/AJaenKHeEHzAAwFwq62WcefXmkZ1SALQGF0gALfWhXP6ez2YAmPuv5EqRfksGgNbhDiyAFnHRiqEllSKuDwMWALSCslLGks2bR26SAmDuuUgCaBGP/aTX5zIAtMi1Ur2It8gA0BrcgQXQAqpDQ8/LE3FLRPSoAQAtY7xM9edvGx39phQAc8tP+gFaQJ7Ivx7GKwBoNb0p9/yqDABzzx1YAHPsoqGhp1cm4hsRsVANAGi5K6ZHevPEc8bGxu4RA2DuuAMLYI5VxtObwngFAK0pxyHjufKLQgDMLXdgAcyhCy677PB5e8e/GRFHqQEALeuehT3x3JGRkYelAJgb7sACmEPz9o5fHsYrAGh1x+ydSJfIADB3DFgAc2R4eLjIEb+kBAC0hV8ZHh52/QQwR3wAA8yRnbfcen6KOFkJAGgH+fk33PK11+gAMDcMWABzJOX8JhUAoI2+u8N3N8DcfQYDMOsuWjG0pFLEDp/DANBecqQzt46t36EEwOxyBxbAXHz4pviVMF4BQNtJkb2/EmBOPn8BmFUXrlmzqOdA/b8ixyFqAEDb2Tsv1Z81Ojp6vxQAs8cdWACzrLKvfqnxCgDa1sL9ZWVIBoDZZcACmF0ppfh5GQCgnb/N4w3haRaAWWXAAphFy/tX/kREvEAJAGhfKeK0iwcv+VElAGaPAQtgNg+8qfgFFQCgAy6kcn6DCgCzeC0lAcDsuHjVquOKevpmRPSqAQBt70BvTJw4Njb2HSkAms8dWACz9YFbxqVhvAKATjFvPHuZO8CsXU9JADBLcnLIBYBOktLPigAwOwxYALOgOrD6nIh4oRIA0FFeUB1c/SMyADSfAQtgFuTIl6oAAL7jAZgZL3EHaLKhoaFD907EHRFxuBoA0HGXVA/s37Pg+GuuueIRLQCaxx1YAE22rx7VMF4BQIfKRy44dN+FOgA0lwELoOnn2lgtAgB08Fd9UV6iAkBzeYQQoIn6+/uPn0i934qIihoA0LHqaaLy7Fpt3Z1SADSHO7AAmmgiegbDeAUAna5SVuqvlwGgeQxYAM2U0qAIANANF1ZpQAWAJl5aSQDQHH0Da16Yon6TEgDQHXKqn7p1dPQrSgA0njuwAJok5Ql3XwFAN333l5UVKgA0hwELoHnHWI8SAEBXffWH736AJjFgATTBRStWnRkpTlECALrK4hUrhk6TAaDxDFgATVBJ0acCAHSfujMAQFMYsACaISWHVwDoyjNAdgYAaMbHqwQAjbVixepT60W+WQkA6NKLrEp+fm3Dhq8qAdA47sACaLCyyFUVAKB75Xq6WAWAxjJgATT60BpxkQoA0NU8RgjQYB4hBGig/v7+4ydS77d9vgJAV8tpIp1Qq63/LykAGsMdWAANNB69F4TxCgC6XYre/BoZABrHgAXQyNNqSq9VAQDIOf+MCgANvNaSAKAxqtXqwty74J7IcYgaAND1Hj5sfuWYdevW7ZMC4OC5AwugQcqeBecarwCAxxz60IH6j8kA0BgGLIBGyeHxQQDgu1IOjxECNIgBC6BRh9QivKwVAPiuHPHTKgA0hgELoAH6Bta8MHKcqAQA8N9SxMl9g4MnKQFw8AxYAA05oJY/qQIA8LgzQu5xRgBoAAMWQCMOp5EdTgEAZwSAJjFgARykZcuW9eQIv2UIAHicHPGqarVaUQLg4BiwAA7Ssced+NKIOEIJAOAJLCorC14sA8DBMWABHKSc4lwVAIAnkyI8RghwkAxYAAcrZ48PAgBPLsUrRQA42I9SAGbsvPPeOP/QRbvvj4iFagAAT3LV9Uga33dUrVY7IAbAzLgDC+AgHHrk/T8SxisA4KnkOKQ+b94PCQEwcwYsgIOSPD4IAEx+4VUWHiMEOJjPUQkADoJ3WgAAUzs0ODMAHAQDFsAMLVu2rCciXqoEADAF51Sr1YoMADNjwAKYoac941kviojDlQAAJpePnCjmL9EBYGYMWAAzVKmkl6gAAEz57FAU7twGmCEDFsAM5RwGLABgOpwdAGbIgAUw849Qh1AAYMpyZHdgAcxQkgBg+qrVy5+Wew7c43MUAJiGPC/Vjx4dHb1fCoDpcQcWwAyUvQdeGsYrAGB60oF67w/LADB9BiyAmZw+y+zwCQBMXyV7BQHADBiwAGYkvVgDAGDaJ4icf0gFgOkzYAHM6PQZLxIBAJiuHM4QADNhwAKYpoGBgWMi4llKAAAz8JzHzhIATIMBC2CaDqSes1UAAGZqInqWqgAwPQYsgOl+cObk1n8AYMY8Rggwg+swCQAcOgGAWeUsATBNBiyAactu+wcAZixFnKkCwPQYsACmoVqtzouIU5QAAGYqR5y6bNmyHiUAps6ABTAd8+a9ICIcOAGAgzpRHH3cc/1ADGAaDFgA01GvLBYBADhYKdWdKQCmwYAFMA25iNNUAAAOXjpdA4CpM2ABTEcuHTYBgAacKfxQDGA6DFgA05IcNgGABsh+KAYwDQYsgCkaHh4uwm8gBAAa4/mPnS0AmAIfmABT9OUvf+PEiJivBADQAAtvvPHW42QAmBoDFsAUTcT4ySoAAA3Tk93ZDTBFBiyAqUoVh0wAoIFnC68mAJgqAxbAFOUo3YEFADTubJHD2QJgigxYAFOUvMAdAGjs6cKABTBFBiwAh0wAYC5OFsk7sACmyoAFMHXPlQAAaJSc4zkqAEyNAQtgCi647LLDI+IIJQCABjp6aGjoUBkAJmfAApiC3r31E1UAABptX87PVgFgcgYsgCl9WNZPUAEAaLh6+CEZwJSuyQCYVJmTAQsAaMIZo3DGAJgCAxbAFKTIDpcAQBPOGKUzBsAUGLAApnS6TM8SAQBo/Bmj8A4sgCkwYAFM6XCZjxMBAGj4ESPyM1QAmJwBC2BKh8vkcAkANFyOcMYAmAIDFsBUDpc5nq4CANDwM0Y4YwBMhQELYHIpIo6VAQBowiHDHVgAU2DAApjE4ODgooiYrwQA0AQLL7jsssNlAHhqBiyASezP8/xkFABomoUP1z1GCDAJAxbApB+U5TEqAADNMt4z4VUFAJNelwHw1HL5NBEAgKZdlE1UjlIBYJLPSgkAnlouYpEKAEDzzhqlswbAJAxYAJMdKsvkUAkANE2Kwh1YAJMwYAFM9kGZ3IEFADRRcgcWwKTXZRIAPLUy8pEqAADNkrMflgFMxoAFMIkUHiEEAJw1AOaSAQtgcodLAAA0S05xhAoAT82ABTCpdIgGAEDTTho5LVQB4KkZsAAmO1RGNmABAM4aAHPIgAUwiRzhUAkAOGsAzCEDFsDk3NYPADhrAMwhAxbAZLKfigIATeWsATAJAxbAZJKXuAMAzeMRQoDJGbAAJj9WztMAAGiWFOGsATAJAxbA5HokAACcNQDmjgELYHIVCQAAZw2AuWPAAphMcqgEAJrKHVgAkzBgAUwmG7AAgKZy1gCYhAELwKESAJhb7sACmIQBC2ByBiwAwFkDYA4ZsAAAAABoaQYsgMnVJQAAnDUA5o4BC8ChEgCYWxMSADw1AxbAZJIBCwBoKmcNgEkYsAAmkx0qAYCmcgcWwCQMWACTM2ABAM4aAHPIgAUwOT8VBQCayYAFMAkDFsDk9ksAADRNin0iADw1AxbAZHLsFQEAcNYAmDsGLIDJpHhEBACgiZw1ACZhwAKYRMrJoRIAaOJZIztrAEzCgAUw+anSbf0AQBPPGslZA2ASBiyASeRwBxYA4KwBMJcMWACTHysdKgGA5p003O0NMCkDFsBkh8ocD6oAADRNGQ+IAPDUDFgAk0gpdqsAADhrAMwdAxbA5KdKPxUFAJpptwQAT82ABTCZ7FAJADTxqJHjfhUAnpoBC2CyQ2U4VAIAzZMKPywDmIwBC8ChEgCYy7NGzs4aAJMwYAFMdqgsDVgAQPPUCwMWwGQMWACTqZR3iwAANEvK+S4VAJ6aAQtgEuM9Pd9RAQBo2kXZ+LgBC2ASSQKAyS0fGNobEQuUAAAafEX2yJbRkUOFAHhq7sACmIIc4TFCAKDxynCnN8AUGLAApiCFwyUA0JRDhscHAabAgAUwtdOlAQsAcMYAmCMGLIApyQ6XAEAzuAMLYAoMWABTkCO+rQIA0Ggp8m0qAEzOgAXgcAkAzJHsjAEwJQYsgKkcLlNyuAQAmnDIyN8SAWByBiyAqXxYptKABQA0XCVXnDEApnJNJgHAFBw44KejAECj5bLca8ACmAIDFsAU1Gq1PRGxWwkAoIHuqdVqe2UAmJwBC2CKUsQ3VQAAGsgd3gBTZMACmKKc42sqAACNk5wtAKbIgAUwRTllh0wAoIGHi/iqCABTY8ACmKIUhQELAGiYHO7uBpgqAxbAlE+ZdT8lBQAad7QokrMFwBQZsACmqCyyQyYA0DCVca8nAJgqAxbAFC099dTbImKfEgBAA+yt1dbfLgPA1BiwAKZoeHi4DO+qAAAa4ysRkWUAmBoDFsD07JIAADh46UYNAKbOgAUwrbNmMmABAAcvZ2cKgGkwYAFM66xZOmwCAI24EnOmAJjWxyYAU1aW7sACAA5eKrJHCAGmwYAFMA3HHrnw5ogYVwIAOAgH7v72t/1iGIBpMGABTMMVV1wxniO+qgQAMHPp5u3bt0/oADB1BiyA6R45I65XAQCYqZzyl1QAmB4DFsD0fVECAGDGF2E5fUkFgGl+dkoAMD0psgELAJixevLDMIDpMmABTNNEb/EFFQCAGcqV8V6vIwCYJgMWwDRdvX79vTniNiUAgOnKEd+s1d57nxIA02PAApiBFMmt/wDADM4QXkUAMBMGLICZyKXHCAGA6UuFAQtgBgxYADM5e6b4rAoAwLTPELn8jAoA02fAApiB8fk9n4mIrAQAMA15fH7P52UAmD4DFsAMvH/dut054itKAADTsOv969btlgFg+gxYADOUIjwCAABMWc7ODgAzZcACmLHkPVgAwHQ4OwDMkAELYIZSMmABANO4+Kp4gTvAjD9DJQCYmbtv/+b1EfGQEgDA5NIDceDALh0AZsaABTBD27dvn4iUP60EADCpnP+9VqvVhQCYGQMWwEFIOf2bCgDApGeG5MwAcDAMWAAHdxz9hAYAwGTKnA1YAAfBgAVwMCb2fi5SPCIEAPAU9hx9xMIvyAAwcwYsgINQq9UORI7PKQEAPKmU/+OKK64YFwJg5gxYAAcr5+0iAABPxjszAQ6eAQvgIJWVykdVAACeVEofEQHg4BiwAA7Sff/1zc9GpAeUAACewP0xvvc6GQAOjgEL4CBt3759IiL8NkIA4Ankj9VqtboOAAfHgAXQACmVHg0AAJ7gjODxQYBGMGABNObT1OEUAHi8ijMCQCMkCQAaY/nA0Dci4jlKAAAREZHjq1s2jTxfCICD5w4sgEZJca0IAMB/yyn9kwoAjWHAAmiQVOYPqgAA/M/FVmnAAmjYZyoAjVHf/6+R4hEhAICI2LNn91H/JgNAYxiwABqkVqvtTTk+pgQAkCL+5dpr371fCYDGMGABNPa06jFCACByZI8PAjSQAQuggSrl+AcjIisBAF2tTBM9frkLQAMZsAAaaNOmTbdHxHVKAEBX+3yttu5OGQAax4AF0HjbJACALpbzFhEAGsuABdDoM2uqO7QCQBer5MrVKgA0lgELoMG2jo5+JUXsVAIAuk9K8YXNm6/6mhIAjWXAAmiCnNJWFQCgC88AkZ0BAJrAgAXQBCnVHV4BoAvl3ONdmADNuMaSAKA5+gaGbk4RpyoBAF1zcbWzNjZyhhIAjecOLIBmHWJTGlMBALpHTtl3P0CTGLAAmiQV5QYVAKBr5FTxwyuAZjFgATRJbcOGr0bEdUoAQFf4dG1k5OsyADSHAQugiVKkURUAoAu+8z0+CNBUBiyAJqpXyrGIqCsBAB1toifXazIANI8BC6CJtm3YcEdEfEIJAOhcKeJjY2Nj31ECoHkMWABNliOtVwEAOlcZ+SoVAJrLgAXQZIf05C0R8aASANCJ0gPFxP736wDQXAYsgCYbGRl5OOfwXgwA6EA5x2itVturBEBzGbAAZuNwWymuVAEAOvA7Ptd9xwPMgiQBwOxYPjB0U0S8UAkA6Bg3bhkbWSIDQPO5AwtglqRIXvAKAJ313f4+FQBmhwELYLZMFOsiYlwIAOgIByZ68gYZAGaHAQtgltRq6+6MiPcrAQCd8dV+9cjIXTIAzA4DFsAsKlP6GxUAoAPk/HciAMweL3EHmGXLB4ZujIjFSgBAe8oRN20dGzn90f8RgNngDiyA2fceCQCgfaVIfxPGK4BZZcACmGUT8yvrIsUjSgBAG0rxyLw04eXtALPMgAUwy96/bt3uyGlUCQBoP7mMDaOjo/crATC7DFgAc3H4jfQX4dEDAGi7r/CeHH8hA8DsM2ABzIGtY1fdmCI+pgQAtJV/2bx55CYZAGafAQtgjuQivVMFAGij7+7k7iuAuZIkAJi7z+DlA0M3RcQLpACAlnfzlrGR08IrAADmhDuwAOZOjkh/JQMAtIP052G8ApgzBiyAuTwKT+y9MiLuUwIAWtrd+/csGJEBYO4YsADmUK1W25Mj/lIJAGhhOd51zTVXPCIEwNwxYAHMsbI3vSsiHlYCAFrSw/V56W9kAJhbBiyAOXb1+vX3RsT7lACA1pMj/91j39UAzCEDFkAL6Mk974iIcSUAoKWMFxPFO2UAmHsGLIAWsGnTlbdF5M1KAEArSRtqtfXf0gFg7hmwAFpEjsrbIqJUAgBaQj1VyrfLANAaDFgALWLr2FU3RsRWJQCgJWyqbdhwswwArcGABdBCchS/F+7CAoC5Vs9R+UMZAFqHAQughTx6F1bepgQAzKX0D1vH1n1ZB4DWYcACaDE5KsPhLiwAmCtlvcz/TwaA1mLAAmgxW8euujFFXK0EAMy+nKJ29eaRnUoAtBYDFkALKqN4a0TUlQCAWVXvqcfvyQDQegxYAC3osd9IuFEJAJg9Oce6zZtHblICoPUYsABaVJnqvxsR+5UAgFlxoOiN/08GgNZkwAJoUdtGR7+Zc3qPEgAwK/66NjLydRkAWpMBC6CVP6Trld+PiIeUAICm2tMbE2+TAaCFr40kAGhdtdqVd+eIdykBAM2TI/5sbGzsO0oAtC4DFkCLG1/Y+/aIuFMJAGiK7ywoyj+VAaC1VSQAaG03f/GLB05bcubDKcVr1QCAxkopfmXT6IbPKAHQ2tyBBdAOH9b1fe9JETuVAICG2hHj+9bJANAG10QSALS+Wq1WL1O8WQkAaKCy+I1arVYXAqD1GbAA2sTW0ZEPRcofVgIADl6K+NCWzVf5XgVoEwYsgDaSc/EbEeEnxQBwcMajKH9DBoD2YcACaCNbx9bviBR/qwQAHIQUf1nbuHGXEADtw4AF0GbmRf13IuJuJQBgRu6amFf5fRkA2ktFAoD2csMNN+w7bcmZu1OK89UAgOlJKX5p28j6zygB0F7cgQXQhs544cnvjYjPKQEA0/Kfp5968noZANpPkgCgPfX1D704pfhs+GEEAExFmVJ6WW10vR8AAbQhFz0AbWrrppH/jIj3KgEAU5H/1ngF0L4MWABtbF6qvzki7lICAJ7SnRPze35bBoD25SXuAG3shhtu2HfaGWfdmSIuVgMAnliOfPnVG9ZfpwRA+/IOLIAOsHxg6MMR8ZNKAMDj/POWsZHzZABobx4hBOgAqZL/V0TsVQIAvs/enOq/KANA+/MIIUAH2LVjx32nn3FmRMRPqAEA3/V/t45t/KAMAO3PHVgAHeLuO257e0R4vwcAPOqLTzt84Z/LANAZDFgAHWL79u0T9TJfHhHjagDQ5Q6korzkiiuu8J0I0CE8QgjQQb58447vLF6ytDdS+jE1AOhWKeL3a6MbakoAdA53YAF02qG9vv8PI9INSgDQpXbExL63yQDQWQxYAB2mVqsdKMv65RFRVwOALjORUnFZrVY7IAVAZ/EIIUAHuunGG24/7Ywz56WIV6oBQNdI6Q+2jK4fEwKg87gDC6BD3XvHbcMpx+eVAKBLXPe0wxb8fzIAdCYDFkCH2r59+0SR45KI2KsGAB0txSOpklf6rYMAncsjhAAd7MYbd9yz+IwzH46I16gBQOdKv7JldOSfdQDo4E96CQA6/7N++cDQh8KIBUBn+siWsZFXR0SWAqBzeYQQoPPlsih/LiLukwKADnNPTx5fE8YrgI5nwALoAts2bvx2ynm1Az4AHSSnnC/ftGnT7VIAdD7vwALoErt27vjK4jOWPj0i/bAaAHSAd27ZtOFdMgB0B3dgAXSRw+b3/FqKuF4JANpbuuGw+ZXf1AGgiz75JQDoLtWVKxfnXHw+chyiBgBt6OEclRdvHVv3ZSkAuodHCAG6zK4bbrj7tNPPvDulOF8NANpNSvHzW8bWf1QJgO5iwALoQjft3PGF05ac+dyU4iw1AGgf6e+3jI38gQ4A3cc7sAC69Qugvu9/RcQXlQCgTezYv2fBm2QA6NLrFwkAulOtVtubU31FRHpADQBa3O5KWVx8zTVXPCIFQHcyYAF0sa2jo1+JFJdERFYDgBaVI8Xlmzdf9TUpALqXd2ABdLldN1x/8+IzzlwUES9VA4BWkyP/ydaxDe9SAqC7uQMLgLjnjtt+I0V8XAkAWkpKH7v3jm//lhAAGLAAiO3bt09M9KZqRNyqBgAt4pu9ebx/+/btE1IAkCQA4L9dtGLVmZVK+o/IcYgaAMyhvWWZz9m2ecMXpAAgwh1YAHyPqzdvuD6V6eeUAGAO5ZTTpcYrAL6Xl7gD8H127bz+hsVLzzosIl6uBgCzLqc/3rJp/TuFAOB7uQMLgMdZcupJb44cH1ACgNmUIj6U6nt/WwkAnuA7AgAer1qtHhY9Cz6ZI85UA4BZ8MU0se+VtVptjxQA/CB3YAHwhGq12p5KHv/piPgvNQBosjt6cs/rjFcAPBkDFgBPatOmTbenVLwuIh5WA4Am2ZtSunDTpitvkwKAJ2PAAuAp1Uavui7ltCYiSjUAaLAy5bSyNrr+c1IA8FT8FkIAJrVr5/W7Tj/jrD0R8Wo1AGiUlPKv1sZG1ikBwGQMWABMya6d13968dIzj4yIl6kBwMHKkd+xZWzDHyoBwFR4hBCAKdsyOvJrEXmDEgAcjJxi8xkvOOUtSgAwVQYsAKZ3zTGx//JI6WNSADBDn3jk/kWXDA8Pe7ciAFOWJABgugYHB48az5V/yxFL1ABgGnakiX2vrNVqD0gBwHS4AwuAaRsdHb1/oidelSNuUQOAqcgRXysr+TXGKwBmwh1YAMxY3+DgSSlXPhkRx6kBwFNcdtyeevI5tZGRr2sBwIy+SSQA4GBctGJoSaWIT0TE09QA4Ancm4rylbWNG3dJAcBMeYQQgINy9eaRnSml8yJijxoAfJ8Uj0TOFxivADhYBiwADlptdP3nckoXRcQ+NQB4zN4y0mu3bNrwH1IAcLAMWAA0xNbR9R+NsnhdGLEAiDiQcq5uG13/cSkAaAQDFgANs2XzVR9OkS+KiP1qAHSt8RyxvLZpwz9JAUCjGLAAaKja2IZ/TjkNRMS4GgBdp55yGto6NnKNFAA0UkUCABpt187rv3z6krNuiRQXhR+WAHSLeo48uGXTyD9IAUCjGbAAaIpdO6+/cfHSM2+KiAt93wB0vHqOtGbr2MiYFAA0Q5IAgGZavnL1a6PMWyJivhoAHelApBjYMjqyTQoAmsWABUDT9Q0O/XTKsTUiFqgB0FEOREqv3zK6/gNSANBMBiwAZkV1YNVrcqRtEbFQDYCOsDfK4sItm6/6sBQANJsBC4BZ0ze4+tyU8/sj4lA1ANraQ2VKr9s2uv7jUgAwGwxYAMyqi1es/OGiKD4UEceoAdCW7k+RfqY2tv7TUgAwWwxYAMy66sqVi3NZfDginqUGQFu5M0d69dax9TukAGA2FRIAMNtqGzfu6smVcyLHV9UAaBM5vp4q+UeNVwDMBXdgATBn+vv7j6+n3n/JEUvUAGhpO9JE5dW12ro7pQBgLrgDC4A5s2nTptvH51d+NCI+oQZAa0oRH08T+15pvAJgLlUkAGAufflLX9r3nBN+bGzegv0nR8QZigC0jhSx9dD5lb7R0dGH1QBgLhmwAJhzX/3q5+q7dl6/bfGSsxZEinMUAWgBKd615AUn/+xf/MVfjIsBwNx/LQFAC6kOrnpTzunPwmPuAHMlp0hvro2tf4cUALQKAxYALafav3p5LvJVkeMQNQBm1cMpp6HapvVXSwFAKzFgAdCSqoNrzipz/R9TxAlqAMyKO3KOC7ZuGvlPKQBoNQYsAFpWf3//8ROp9x8j4mw1AJpqR5pI59dq678lBQCtyPtFAGhZmzZtuj1N7FsWOT6gBkCTpHzt/KL8UeMVAK3MgAVAS6vVantSfV9fjuxlwgCNlSOnty859ZTXbty48UE5AGhlHiEEoG1U+1evyEV+n5e7Axy0fZHyz28Z3bBeCgDagQELgLZy0YpVZ1ZSujpSPE8NgOnLEbcVqbioNnrVdWoA0C48QghAW7l684br6/PSD0dKH1MDYNo+UfbEi41XALSbigQAtJsvX3/93qcffdToIYcfeUREvFQRgEnlHPlPion9q7eOje2RA4B24xFCANra8sHVr4uc10XEIjUAntCDKafLa5vWb5ECgHZlwAKg7fUNDj4/5cqWiFiqBsD3yl9KlajWNmz4qhYAtDPvwAKg7W0dHf3KYfMrL4lIf68GwKNyipH9ew55hfEKgE7gDiwAOkp1cOjyHPGuyHGIGkCXejil+KXa6Mg6KQDoFAYsADpO38CaF6aYGItIZ6kBdJkb62X0X715ZKcUAHQSv4UQgI5z084v3fOcE35s3byF+46IiB8JP7ABOl+OFO9+ePei6jXvf88dcgDQaRzoAeho1f5VF+SU3hcRR6sBdKh7okiXbtm4/oNSANCpDFgAdLyLV658dqUsrswR56oBdNhh/l8qefyyTZs23a4GAB3+nQcA3fGdVx0c+rmc488i4lA5gDa3N1L+vSWnnvKO4eHhUg4AOv4wLwEA3eTRF7zXRyLixWoAbXmAz/H5MlVWbx1b92U1AOgWXuIOQFe5aeeX7jnn5S9dt3d8IkXEyyOiUAVoExM54g/vufO2S6794PvvkgOAbuIOLAC61kUrVp3ZU0nvyzl+SA2gxY/tN5Rl/fJtmzd+XgsAupE7sADoWl++ccd3znnZS6/cOz7+cER6pe9FoAWNR05/kup7B7b+w6bb5ACgW7kDCwAi4qIVQ0t6Urwvp/hhNYAWOahfXy/zZds2b/iCGgB0Oz9pBoCI+PKNO+56+jFPu/KQw4/cF4++G6tXFWBOpHgkIv7vPXfcdum1//SP/yUIALgDCwAep29w8KSUK38VEa9RA5jlw/nHizK9YfPm9beoAQDf9x0JADyRvoGh81PE30TEs9QAmuzOSPnNW0Y3rJcCAB7PI4QA8CRu2rnjlrOWLrlyIhdHpRQvCj/4ARqvzDn9bVHfd9GWzZs+JwcAPDEHcQCYgurgJWfnXL47Il6mBtAg15VF+UvbNm78jBQA8NQMWAAwje/N5YOrhiKnd0TE0+UAZujelPIfnH7qKe8eHh4u5QCAKRzEJQCA6blwzZpFPQfqvxc5/ldE9CgCTNFEpPjrNL7vd2u12gNyAMDUGbAAYIaqK1eekcviTyPiJ9UAnvrUna9NKf96bePGXWIAwAy+SiUAgIPTN7j63JTzn0bEUjWA75Ujbipy/o3apg3/pAYAzFwhAQAcnK2j6z+65AUnvyhSviQi7lQEiIh7Usq/UkzsO8N4BQAHzx1YANBAF1x22eHz9o3/n8jxKxFxmCLQdfbkiD8rJva9o1ar7ZEDABrDgAUATTAwMHDMeO799Uj5TRGxQBHoeAdyjnVFvfLWWm2dOzEBoMEMWADQRP39l54wHhP/N6W4LPzGQuhEZURszan+lq2jo7fKAQDNYcACgFlQXblycS6L4YjoC++ghE5QRsQ/5Kj83taxdV+WAwCay4AFALOounLl4jIXb0k5BiOiogi0nTJyfCgVld+pja77khwAMDsMWAAwBwxZ0HbKiNhaKeOtmzeP3CQHAMwuAxYAzKEVK4ZOqxfxlogYiIheRaDlHMg5RiNV3u5RQQCYOwYsAGgB1eqaZ+be8g2R41ci8pGKwJzbEyne11P2/MmmTVfeJgcAzC0DFgC0kGq1emT0zl+Tc3pLRDxTEZh190RKf1XviXdfvX79vXIAQGswYAFACxoaGjp0Xz2vzjm9KSJeoAg0V464KUV65/49C0auueaKRxQBgNZiwAKAFv+u7htc/apU5jdFip/x3Q0N/guW86fKlN6+dWzkgxGRFQGAFv3OlgAA2kPfwCWnpyjfFClWRo5DFIEZezjn2FhUynfWNm7cJQcAtD4DFgC0mZUrVx5xIBf9OccvRsRSRWDKbo6Ur0zj899Tq733PjkAoH0YsACgjVUHLzm7LMu1KcVQRCxUBB7nQER8IKd0xdbR9R8LjwkCQFsyYAFAB7hoaOjplfG8OlK6NCIWKwJxY4r0vpiojNRqV94tBwC0NwMWAHSY6uAlZ+coV0eOlRFxtCJ00dH2gZzz5iKlkdrY+k/qAQAd9C0vAQB0pmq1ujD3zr84IlZHTq+KiIoqdKCJiPhoymnk0AXFtnXr1u2TBAA6jwELALrARatXH90zkfuizKtzSi93BqAD7IqU16fxnqtqtXV3ygEAnc3hFQC6zIoVl5xcT+VApBgI78uivQ6uOyNiU/TEaG1k5OuKAEBXnQMAgG7VNzh4UhHF+VFG1Z1ZtKhdkVItpfo/1DZu3CUHAHQnh1QAICIeuzOrKPsioi8iftg5gTlSRsTnU6StZZrYunV09FZJAAAHUwDgcarVS4/NvePnRU6vjYhXR8QRqtDEE+kjUca/piKuifH0T7Xa+v8SBQD4/uMCAMBTOO+8N84/5Kjdy6JMr42Uz0sRJ6vCQcvx1UhxbZTFBx9+8IhPXHvtu/eLAgA8GQMWADAtj743q3JuznFuRLwqIp6mClOwJ0V8JlL+YFTSP3oJOwAwHQYsAGDGqtVqpawseHGK+MmU4sdyxMsi4lBliIiHI+I/UsQnIqWPxPje62q1Wl0WAGAmDFgAQMNUq9VK9B5yVkT9nJzTK8IdWt1kT4r4TE7pUznik4/cf+S/eywQAGgUAxYA0DTVarVS9iw8PUW8LOf80kjxkhTxQmeQtldGxJcj0mdTyp8pc/pMMbH3RndYAQDN4vAIAMyqC9esWVQ5UH9JivQjKecfyhEviojnKNO6csQ3iogv5ZS+EPX02VQ+8tlarfaAMgDAbDFgAQBzrlq9/Gm5su9FEelFkdJZEWlpRH5BRMxTZ1YdiEg3R5TXR6QvpYgv9qb6F0dHR++XBgCYSwYsAKAlLVu2rOfo4557SsTE6Smn03IRS4ocL8wRL4iIBQodlL0p4pYccVPkuDGnfFNRiZ13f/vbX9u+ffuEPABAqzFgAQBtd365eOXKZxX1dEoq0sk5x8kRcUpKcXLOcWJEHCNRRETcHRHfikhfi8hfyzl9tUj5a/Wi/Nq2jRu/LQ8A0FYHQAkAgE5SrVYXlj2HPqeIiRNyxLMjx4k50glFiqdHTsfmlI+LiKdHxMI2/be4NyLuSjndESnfnSN9J3L57UjxrZyK24qivC327/9WrVbb608DANApDFgAQFeqVquHxfz5z6znfEwxUTkqF+WiIsWiHHFUzrEoRVoUEYsi0vwU+ZAccWhEzIscR+YUPSniyB/4P7kgHj+K7Y2Ifd/7L+SIB1KOiUjxQEQcSBEP50iPROT9EbE7R96dIt2fUt5d5thdRNxfL/LuSkr3xP79d9ZqtT3+0wMAAAAAAAAAAAAAAAAAAAAAAAAAAAAAAAAAAAAAAAAAAAAAAAAAAAAAAAAAAAAAAAAAAAAAAAAAAAAAAAAAAAAAAAAAAAAAAAAAAAAAAAAAAAAAAAAAAAAAAAAAAAAAAAAAAAAAAAAAAAAAAAAAAAAAAAAAAAAAAAAAAAAAAAAAAAAAAAAAAAAAAAAAAAAAAAAAAAAAAAAAAAAAAAAAAAAAAAAAAAAAAAAAAAAAAAAAAAAAAAAAAAAAAAAAAAAAAAAAAAAAAAAAAAAAAAAAAAAAAAAAAAAAAAAAAAAAAAAAAAAAAAAAAAAAAAAAAAAAAAAAAAAAAAAAAAAAAAAAAAAAAAAAAAAAAAAAAAAAAAAAAAAAAAAAAAAAmH1JAgCg1V1w2WWHz38o9Za9exf11Cvzy0pxSC7rh0euzItKeWQqY0EUsTCX+YgoohJlcUREVCLllHMsiohIKfVG5MMeOwIdkiLPj4jIEUdERCWl+O4/+wMOj4iep/h/r+exf+apPBQRE0/xv5947J/5/oNait05R46IifTY/z7n2Bcp9j72T+zJOY//9z8bOeWIqEdRPhhl1FORHowy9uYi9kW9eCBS/UAqKg8V9fKRiUp9fzG+cHfEgwdqtdoef8oAgFZmwAIAmmLNmjUL9u/ff+SBlI4ooveIMvJRkcsjU8QRKcURkdORj45H6ciIfGRELIpHx6QjI8f8SLEoUsyPHIeoOSunwkcix/7IsTun2JciHoxH/2v3Y//1YIp4MFJ+IOd4MFJ6IEd6sIh0fxnjD5aVygNHVioPrlu3bp+YAEDjjyoAAE9h7dq1vQ899NDTJori6FxPR+cUR0cunlakODpHPibnOPrR/zmOjoinxf/893nqdaUDEXFfRNybIt8bke4rc9ybUtybIt1T5rg3FXFvlOV9qZLv7SnLe++44457t2/fPiEdAPBkDFgA0IWGhoYO3ZfzcfVceUaRy2ekyMeXOR2bIo5LEc+MnI7NkZ8RKY6OR++KgmZ7MCLuSTndlVPclXO+M1LcGTnuKiLdXq+kuyqp/p0FKd0xMjLysFwA0F0MWADQQarV6pFlzyHPLqJ+QqT0rMjxrJzi6ZHz8SnH03OkZ0SK4yLiULVoYw9HjjtS5O/kSN/JkW4vUr67zOnbUeT/ilx8e0ExcdvGjRsflAoAOoMBCwDaRLVaXVj29h4X0XNSivL4iDgul+mkFHH8Y6PUyRFP+BJy6Fb7IuL2lPMdOaXbI6dbU1HekSPdnqK4tVLuv2PTpk13RESWCgBamwELAFrEwMDAMfvL4nlFpXhu5HhepHheyvG8HPHciDgxIhaqBA0/DT8SOb4VEd/IOX09pfyNSPH1XMbXy3np61evX3+vSADQCl/ZAMCsOO+8N84/5Kh7nxXRc1IR+aRcppMi5ZMi4qSIdMpjv4kPaC2P3sUVcWuZ49ZU5Fsj0q0pilvnpYmveEwRAGaHAQsAGmjt2rW99+7Zc8KjI1V5elmmxUWKk3LESRHxPN+90HHuj4hbc4pdKfKN/z1u7Xto/k3XXHPFI/IAQGM4RAPADPT39x8/Xsxb/AN3Up0eES+IiIpCQETckSJu/N47t3IudhUTj3y5VqvV5QGAqTNgAcCTWLZsWc/Rxx9/YuTK6SnlxTnS6SnH4khxWuQ4RCFghsYj4rbIsSsi3RhFuStF5cY99x+x89pr371fHgB4PAMWAF3vSYeqiMXhxenA7DFsAcCTMGAB0FUGBgaeMV7OOzOK8qyIdFZELInIL4iIeeoALepARHw5p9iZclyfIn9xoiddf/XIyF3SANAtDFgAdKRqtVope3uf8+hdVensKPPZkWJxPPoydYBOcH/KeVcu0nUR+bqcK9d5vxYAncqABUDbq1arC3Nl/otypBelFGemHGflFEvC439A953uH4kcO3OOLxVF/lLk4ksxsfdLtVptrzgAtPdXHAC0kWXLlvUcfdxzXpBS/eyIdHYq89k5pRdHxHx1AJ7QRETcklNcV0S+LnJx3Z7dR37ee7UAaCcGLABaWn9///ETRe8rIuKcVOazc5Fe5DcAAhy08Yj4Ss7xyVTkT+Vcue6MFzzvpuHh4VIaAFqRAQuAljEwMHDMgeh5WUS8vIh4SY44OyKOUAZgVi4NHojI10XEZ3PEp8ve9B9Xr19/ry4AtMS3lAQAzJW+wcGTUhTn5DK9IqU4JyJO890E0FJuzSk+VUS+LqLyydNPfd4X3aUFwFxwkQDArBgaGjp030R6UU7lK6JM50SKl0XE0coAtJWHUsRnc0qfyjlfV59f+ff3r1u3WxYAms2ABUBTDAwMHDORe380F3lZ5PjRiFgaERVlADrKREqxo8zp3yPK7cXE/H+r1d57nywANJoBC4CGqFYvPbbsmXhpyukVkfK5EfGiiCiUAeg6t+YcH01FfLQ3T3x8bGzsHkkAOFgGLABmxGAFwBQ9NmjlT5Up/+u2jRu/LQkA02XAAmBKVq5cecT+XPnxiPyTkePHI2KxKgBMU46IXRHxrzniI+MLe7f/4/ve95AsAEzGgAXAE6pWq5XoPeSsHPVzU07n5ohXRsQ8ZQBooHpEfCly+mgu4qNHH7bgE1dcccW4LAD8IAMWAN/VNzh4UhGVc3OOcyPi3Ig4ShUAZtGeFPGZnPJHU1Q+Whu96jpJAIgwYAF0tZUrVx5xoF75qZzi1RH5JyPiOaoA0DJyfD1HfCQV8S8HFvR+xOOGAN3LgAXQZb57l1UZ50eKnwqPBQLQHuop58/kIq5xdxZA9zFgAXS4ZcuW9Rx73IkvzTlem1O+IEWcpgoAHeDWnOOjkeKDj+xe9OFrr333fkkAOpcBC6ADXTQ09PRKPb8mcnptRLw6Io5QBYAOvqp5JOX4j0j5g5Wyd9umTVfeJgpAp33UA9ARHn00sDg/yqjmlF7uMx6ALrYrUqqlSNd41BCgM7i4AWhjfQOXnJ5SruacX+/RQAB4QrdGig+mnGq1sfWfiogsCUD7MWABtJFqtVqJnoUvyylXI0dfRDxLFQCYsrtzin+OHLViYt+/1Gq1A5IAtAcDFkCLW7NmzYKH95Xn5ZT7IuJnImKRKgBw0O7PKT6YIm09bF7xL+vWrdsnCUDrMmABtKBqtVopexf+eERenXK8LryEHQCaeVX0SOT4pxwx4s4sgFb9qAagJfzA44EDEXGsKgAw63bnFNdEjtrRhy/85yuuuGJcEoC5Z8ACmEPDw8PFjTff+vLHRqsVEfEMVQCgZdyXU/xT5Kjde8dt127fvn1CEoC5YcACmAMXr1z50iIXqyJHNSKerggAtLw7I6KWUtpQG13/OTkAZpcBC2CW9PdfesJEMT6Yc7osRZyqCAC0rZsjpU2VehrZvPmqr8kB0HwGLIAmunDNmkU9ByYuSDkN5YhX+dwFgI5zXUp5pCfXN46Njd0jB0BzuJACaLDv+w2CEX2R4xBVAKDj7Y8cH4ki1qfxfR/wmwwBGsuABdAg1cE1Z5VleXlKeSAijlYEALrW3ZFiLKXy72sbN94gB8DBM2ABHISVK1cecSAX/VHm1TmlVygCAPyA61LKIzE+f6RWe+99cgDMjAELYAaqg5ecXZbl2pRiZUQcqggAMIl9EXFNTumKraPrPxYRWRKAqTNgAUzR4ODgUeNRqeacfikin6EIADBDN0fKV9Yr6cqrR0bukgNgcgYsgEk+J6sDq87NOb0hUpwfEb2SAAANciAi/2Pk/LdbNm3813BXFsCTX5hJAPB41Wr1yOhdsCLn+OWIOF0RAKDJl2ZfiVS+N43Pf493ZQE8waekBAD/4+IVq34opfTz3m0FAMyRfTlFLcr051s3rf+iHACPMmABXe+88944/9Cjdl+QcqzNEecqAgC0iOtSiitifN9IrVbbKwfQzQxYQNfq71/z3PE08b9SpEsj4hhFAIAWdXeOeG9v7vnrTZuuvE0OoBsZsICuUx285OwyyjelHAMR0aMIANAmysjxobJSvG3bxqs+JQfQTQxYQFcYHh4ubrj5az9T5PzmnNIrFAEA2tx1kfK77rn926Pbt2+fkAPodAYsoKOtXLnyiAM5XZpz+tWIeI4iAECHXdLdHineMy8m3jk6Onq/HkDHftpJAHSivsHBk1LZszZS/vmIWKQIANDhHso5xoqe/Ge1DRtulgPoNAYsoKNUBy85O+f6WyLSxRFRKAIAdJl6TrElyvT2rZvWf1EOoFMYsICOUB1YfU7O+c2R4md8tgEARKScP1Wm9PatYyPXqAG0/WeaBEC7+p8Xs6ffyim/VBEAgCf0xUj5L9L4/o21Wq0uB9CODFhA21m7dm3vfXseGcg5vSVFnKYIAMAU5PhqKvJfHjqv5+/WrVu3TxCgnRiwgLZx/vlrD5l36N6fTyn+d0Q8WxEAgBldBX4rl/GnRX3fe2q12l5BgPb46AJoceed98b5hx21+5Kc01sj8vGKAAA0xN2R8p/uf+iQd19zzRWPyAG0MgMW0LLOP3/tIQsOf+Tnck5vjojjFAEAaApDFtDyDFhAyzFcAQDMCUMW0LIMWEDLMFwBALQEQxbQcgxYwJw777w3zj900e5fiIjfjIinKwIA0BK+k1L+oz33H/W311777v1yAHPJgAXMmeHh4WLnLV/rixxvi4iTFAEAaD054rYixR/efftt79u+ffuEIsBcMGABc6JvcPW5Kec/jYilagAAtIUvR4rf3TI6siUishzAbDJgAbPqseHqjyLixWoAALThRWSOz5cp/mDr2Mg1agCz9tkjATAb+vqHXpJS/L+I+Ak1AAA64GIy50/liN/csmnDv6sBNP0zRwKgmaqrVp2SJ9LbI8XFagAAdJwcEVtyqr9l6+jorXIAzWLAAppicHDwqANlz5sj5V+JiPmKAAB0tPGc48p5aeK3x8bG7pEDaDQDFtBQa9eu7b1/z95Lc44/jIhjFQEA6Cr3Rcp//PD9R/3Ftde+e78cQKMYsICG6RsYOj/l+LNIcYoaAABdfan5lUj5t7eMjtS0ABryqSIBcLD6+odenFL8SUT8mBoAAHz3gjOnz0SK/10bW/9pNYCD+jyRAJipi1avProykX83cvxSRBSKAADwBHJOsWFenviNsbGx78gBzIQBC5i2ZcuW9Rx7/LN/Mefi9yLykYoAADAFuyPlt6Xx/X9eq9UOyAFMhwELmJaLB1f/eCXnd+WIJWoAADADN+cUb9o6OvIvUgBTZcACpqRaXf2ssjf/UcoxpAYAAActxwfLov5L20ZHvykGMBkDFvCUqtXqvOid/ws5pz+MiMMUAQCggVekj0Skdxw2r3jbunXr9gkCPPnHBcCTWL7ikp/KRfnXKeJkNQAAaOKl6VdS5DfUxkb+VQvgCT8lJAB+0MDAwDMOpJ53eFwQAIBZVqv3xC9dPTJylxTA9zJgAd/3mbB8cNVQ5PRnEXG0HAAAzIHdKeXh00895d3Dw8OlHECEAQt4zIoVq0+tF/lvIuIn1AAAoAV8Mkfxhq1jV90oBWDAgi5XrVYX5t6Fb46c3xIR8xUBAKCFjEdOf3bYgmLYS96huxmwoIst71+1LCK9J1KcogYAAC186fqVyOXlWzZt+HctoEs/BSSA7nP++WsPmX/ovt+NlH8jIgpFAABoAznneM/4Ib2//o/ve99DckB3MWBBl7l48JJXFmX5XnddAQDQjnLENyKln9s6uv6jakD3MGBBl6hWq0eWlQV/nFL8nL/7AAC0uZxTbJgf9TeNjo7eLwd0Phex0AWWr1h9Xi7y36WIE9QAAKCD3BEp/cKW0fUfkAI6mwELOtiFa9YsqhyovyvlGFIDAIAOvrS9cn5R/5WNGzc+qAV06N9yCaAzVQeGfqKMWOeuKwAAuuTq9ltR5ku2bNqwXQzoxL/iQEdZs2bNgj37ymG/YRAAgC6UI8W7H75/0f+59tp375cDOocBCzrIRSuGllSKPBKRzlIDAIAudmPOaWjrpvVflAI6gwELOuTvcnVw1S/nnN4eEfPlAACAGI+U/l8a3/sHtVqtLge0+UWvBNDeqkNDz8sTcVVE/KgaAADwONvLVF+zbXT0m1JA+/J+HGhjfQOr+vJEXBfGKwAAeDLLilzZ0TewakAKaF/uwII2VK1WF+beBW+LHL+sBgAATE1OMXJIJX5hZGTkYTWgvRiwoM1UV65cnMvKpoh8hhoAADA9OeKmiNS/dWz9DjWgfVQkgPaxfHDV6ojiAxHxbDUAAGD6UsSxKeLS05cu3bPrhh2fVQTa5u8u0OpWrlx5xP6y+LuI6FcDAAAaJMe2eUX9Z0dHR+8XA1qbAQtaXF//0EtSis0R8Rw1AACgwXJ8PUe8fuumkf8UA1qXRwihhVUHh9ZGRC0ijlYDAACaIMVRKcUlpy9d+pBHCqGV/6oCLWfNmjUL9uyv/1VEXKYGAADMlrxhYU96g99SCK3HgAUtpm9w8Pkp92z1WwYBAGD25Yibesro27x55CY1oHUUEkDrqPavuiDlyueMVwAAMDdSxGn1Ij5b7V+9XA1oqb+bwFyrVquV3LvwdyLn3/X3EgAAWkKOFO9+2mELf/2KK64YlwPmlgtlmGPV6uVPi54Dm3PEuWoAAECrXTTnf5voSdWrR0buUgPm8u8iMGeqK1eekcvi/RFxkhoAANCybq2X8bqrN4/slALmhndgwRxZvnL1a3NZfDKMVwAA0OpOqhTx6eWDQxdLAXOjIgHMurR8cNWbI8ffR8QCOQAAoC3Mi4jXL15y1sLXL7/oX7dv354lgVm8kJYAZk+1Wj0sVxZcFSn85AYAANpVjg/Or5QrN27c+KAYMDsMWDBL+gYHTypy5QM5YokaAADQ9hfT19dT/XXbRke/qQbMyt85oNn6+odeklJ8ICKeoQYAAHSMe8qiuHDbxqs+JQU0l5e4Q5P1DazqSyk+HsYrAADoNMcUZfnR5YND/VJAc3mJOzRRdXDVmyLS38ejL3wEAAA6T09E9C1eelbadcP12+WA5vAIITTBsmXLeo45/oR3R443qAEAAN0h53jv0Ucs/IUrrrhiXA1oLAMWNNgFl112+Lx9BzZHTuepAQAAXXeR/dGY2Le8Vqs9oAY09O8W0CjV6uoTc0++NiIWqwEAAF17qX1DWdR/etvGjd/WAhr0t0oCaIzqypWLy7L45xRxghoAAND1l9u354jzto6t36EFHDy/hRAa4OKVK1+ay+LfjFcAAMCj8vEp8vbqwOpztICDZ8CCg1TtX3VBURb/GhFHqwEAAHyPo3LkjywfHLpYCjg4FQlg5qqDQ2typA0RMV8NAADgCfRExPLTlpx5x007d3xBDpgZAxbM0PLBVW+OnP4y3MkIAAA8tSKleO3ipWelXTdcv10OmD4DFkxfWj449JeR029JAQAATPU6IiKWLV565pG7btjxYTlg+n+BgCmqVquV3LPgioi4TA0AAGCG3rPkBSe/YXh4uJQCpsYdWDBFy5Yt6znkyKeti0iXqAEAAByEs++69/4XnPPyl/7jddddZ8SCKXAHFkzBeee9cf5hi3ZvyhEXqgEAADREjg8etqBSXbdu3T4x4KkZsGAS55+/9pD5h+19f0T8pBoAAECDL8o/HhP7LqjVanvUgKf8uwI8mWq1emRU5v9TTukVagAAAE3y7/OL8rUbN258UAp4YgYseBIXrlmzqGd//SMR8WI1AACApl6c5/SZqO99Ta1We0ANeIK/IxLA41Wr1SNzz4IPR8SPqAEAAMyS6+al+k+Ojo7eLwV8v0IC+H7GKwAAYI6cfSBX/mnlypVHSAHfz4AF3+Ox8epfwngFAADMjZftL4t/NmLB9/MIITzme8arl6gBAADMsU/PL8rXeLE7PModWBDGKwAAoOW8bH9ZXHvBZZcdLgUYsCCq1ephuWfBtWG8AgAAWsvL5+898MHzz197iBR0OwMWXa1arc7LPQtqEfEyNQAAgFaTI71y/mF733/eeW+crwbdrCIB3aparVZyz/yxiHSBGgAAQAs7ef6CfUuefszTtn7jG98o5aAbuQOLrjQ8PFyUvQvWR6TlagAAAK0uR1x49PEnvG94eNh1PF3JHVh0o3TM8Sf8dcpxqRQAAEDbXMhEnHnXffcfs+uGHR9Sg25jwKLrLB8YentEvEkJAACgDf3I4qVn9uy6YcfHpaCbGLDoKtWB1W+JiLcqAQAAtLFXnn7GWQ/t2nn9p6WgWxiw6BrLB1etjIi/ioikBgAA0OZ+avHSpV/fdcOO66WgG7iQpyss71/5qkjFhyJinhoAAECHGI+yeO2WzVd9WAo6nQGLjtfXP/TilOLjEXGYGgAAQId5KOf0Y1s3rf+iFHQyAxYdbcWKS06uF+WnIuIZagAAAB3q7lTJL69t2PBVKehUhQR0qmr10mMnivJDYbwCAAA627F5Il170dDQ06WgUxmw6Ejnn7/2kNwz8aEUcaoaAABAx0txSmUi3r9mzZoFYtCJDFh05Ef3/MP2vjciXiwFAADQRV62Z399fXhdEB2oIgGdZnn/6rdFijcoAQAAdKHTTzvjzHTTzh3bpaCTGLDoKNXBoTUR8Q4lAACAbpUiXnn6kjNv3bVzxw416KA/19AZlvev+tFI6SMRMV8NAACgyx2InF+9ZdOG7VLQCQxYdIS+wcGTUq58JiKOVQMAACAiIu7Nqf6yraOjX5GCducl7rS9C9esWRS5cm0YrwAAAL7X0ZErH1i5cuURUtDuDFi0teHh4aJnf7khRZyqBgAAwPdLEacdKIsNw8PDrv9pa17iTls7+rgT/l+KuEwJAACAJ/WC79x7v99MSFvzDiza1vLBoYsjxxZ/jgEAACaVI8WKLaMjNSloRy78aUt9A6uXpsj/ERGHqgEAADAle+plvOzqzSM7paDdeAaWtlOtXv60iLwtjFcAAADTcVilSNsuXLNmkRS0GwMWbaVarVai58DmFHGyGgAAANOVn9+7v77RS91pN/7A0l4ftZX5b80R5yoBAAAww+uqiJ++8eav/aYStBPvwKJtLO9f+apIxb+E354JAABwsMoU+TW1sQ0fkYJ2YMCiLVy8cuWzi7L4QkQcqwYAAEBDfKcnj//Qpk2bbpeCVucRQlresmXLeoqyGAvjFQAAQCM9YyL1ji5btqxHClqdAYuWd8xxJ7wtIs5RAgAAoOF+7Jhnnvh7MtDqPEJIS1s+uPp1kfPV/qwCAAA0TZlTnL91dORDUtCqjAK0rGp19bNyT74+Io5WAwAAoKnuLiv5zG0bNtwhBa3II4S0pOHh4SL35PVhvAIAAJgNxxb1dNXw8LCdgJZUkYBWdMzxz/7NiPSzSgAAAMyak++69/6Hdu3c8WkpaDUeIaTl9PUPvTil+FREzFMDAABgVo2nlM6pja7/nBS0ErcG0lKq1ephkWJjGK8AAADmQm8u88YLLrvscCloJQYsWkruWfBXKeJUJQAAAOZIilPm7R3/UyForT+W0CL6BlZdmCJdrQQAAEALSNG3ZXRkmxC0xh9HaAHV6qXH5p6JnRHxdDUAAABawt31nlhy9cjIXVIw1zxCSGvomfibMF4BAAC0kmN7JuLvZKAVVCRgrlX7h4Zyit9WAgAAoOW8cPHSM2/edcOOnVIwlzxCyJzq7+8/fiL13hART1MDAACgJe1OE2lJrbb+v6RgrniEkDk1UfT8fRivAAAAWtmiXMl/KwNzySOEzJm+/tWXpYhfUwIAAKDFpTh18dKlX991w47rxWBu/gjCHKhW1zwz99R3RcRRagAAALSFe+s9sdhvJWQueISQOZF76u8K4xUAAEA7OboyEX8mA3PBHVjMumr/qp/JKX1QCQAAgPaTIy7YOjZyjRLMJgMWs2rlypVH7C+LGyPi2WoAAAC0oRTfSuP7Tq/VanvEYLZ4hJBZta9eeVsYrwAAANpXjhNzz4I/EILZ5A4sZs3FKy95RVGW/xaGUwAAgHZXTym9vDa6/nNSMBsMCcyKarVaKcr6X/ozBwAA0BEqOee/rlarFSmYDcYEZkfv/F+KSGcJAQAA0DHOLisLfk4GZoNHCGm6gYGBZ4xHz5cjYpEaAAAAHeX+NNHzglrtyruloJncgUXTjUfPH4fxCgAAoBMdVVYm/kgGms0dWDTVYy9u/3d/1gAAADpWTpFeURtb/2kpaBZ3YNE0y5Yt6ynK8q/DeAUAANDJUo78V17oTjMZsGiaY447cW1ELFUCAACg472orCy4TAaaxZ0xNMUFl112+Ly941+JiGeoAQAA0BXuml+Uz9+4ceODUtBo7sCiKebtm/jdMF4BAAB0k6fvL4u3yEAzuAOLhqsODT0vT8RNETFfDQAAgK6yrydXTtu0ad03pKCR3IFF403EO8J4BQAA0I0WTKT6H8lAo7kDi4aqDqx+WY78KX+2AAAAulZOkV5ZG1v/SSloFHdg0UgpR/7zMF4BAAB09bVh5PJtMtBIBiwaptq/+sKIeIkSAAAA3S2n9Iq+gaHzlaBRDFg0RLVareSU/0AJAAAAIiKKiP83PDxsd6BRf57g4JU9C1dFxOlKAAAAEBGRI5bsvOWrA0rQCN5VxEGrVqvzcs+CmyLiJDUAAAD4bzniG8XEvhfUarUDanAw3IHFwX8g9Sz8+TBeAQAA8ANSxHNzz8KfVYIG/FmCmTv//LWHzD9s760R8Qw1AAAAeAJ37N+z8JRrrrniESmYKXdgcVDmH7b3F8J4BQAAwJM7bv5he9fKwMFwBxYztmbNmgV79pdfi8jHqwEAAMBTuDNN7DupVqvtlYKZcAcWM7Znf/0NxisAAACm4JnRO/9yGZgpd2AxI4/efVX/akQ8Sw0AAACm4I7D5ldOWrdu3T4pmC53YDEje/aXPxfGKwAAAKbuuIcPTFwqAzPhDiym7bzz3jj/0EW7vxYGLAAAAKYjxbfS+L7n12q1A2IwHe7AYtoOOXL36jBeAQAAMF05TozeBYNCMF0GLKYrRYpflQEAAICZyDnePDw8bI9gWvyBYVqq/asvTBGnKQEAAMAMvXDnV279aRmYDgMW05JT/nUVAAAAOBipLH9DBabDgMWUVQdWnxMRL1cCAACAg5EjvbI6sPplSjBVBiym8QETFnIAAAAadZX5axowVUkCpqJvcPD5KVe+HEZPAAAAGqOeU/3UraOjt0rBZIwRTEmKyi/58wIAAEADVVKu/C8ZmAp3YDGparV6WO5Z+O2IfKQaAAAANNDuhT3x7JGRkYel4Km4o4ZJlZUFlxivAAAAaIJF++qxUgYmY8BiMilS/KIMAAAANEPO8cvhCTEmYcDiKVUHVp2bIk5TAgAAgCY5vTow9EoZeCoGLJ5SzsndVwAAADT32jPyL6nAU3GLHk+qWl3zzNxT/1ZE9KoBAABAE42nicqJtdq6O6XgibgDiyfXU788jFcAAAA0X2/0lEMy8GQMWDyZlHOskQEAAIDZUEb+2fCkGE/CgMUT6htc/apIcYoSAAAAzIYUcerFg5f8qBI8EQMWTyL/rAYAAADMpiLXf04Fnohb83ici1avProynv8rIuarAQAAwCzaOy/VnzU6Onq/FHwvd2Dx+D8UB3J/GK8AAACYfQvHo1KVgR9kwOIJ/lCkVSoAAAAwF3IO16Q8jkcI+T7VVatOyfV0iz8bAAAAzJGceuLk2sjI16Xgv7kDi+//lCiLVWG8AgAAYO6kmIhBGfheBiy+T855QAUAAADm9No00iUq8L0MWHzX8v5VL08RpyoBAADA3MrP7+sferEO/DcDFv8jpX4RAAAAaI1L1HCNyncZsPjuZ0OOuFAGAAAAWkGOeH14RzOPMWAREREXr7zk5SniBCUAAABoBSnihItXrPQYIRFhwOK//yDksk8FAAAAWupaNVVcq/LonwUJiIgUOS6WAQAAgNaSX68BEQYsIqKvf+hHIuI5SgAAANBSUjyvr3/1i4TAgEWkSBepAAAAQEtesxbZE0MYsIiIlM8XAQAAgJaU82tFwK+j7HLVoaHn5Ym4VQkAAABaVZnqz902OvpNJbqXO7C6/UNgPNx9BcD/3979rOpVnmEcft9vfyExSWvRGKtpsYrRQoul+A9qOxB1EIoDCXuQTRJw0llPqBMnmW3oxFMSLLSDgpJoTNbrITj0Xs9zXYdwryzh+bG+LQBAtLmd3LJCbwJW9/8IHNbfrQAAAED07TqG29W/Abo6PT29uo6X/jfGuGgNAAAAgj36/ttnrn355b8emqInX2A1th0vfjzEKwAAAPI9c+nKww/N0JeA1dgc4xMrAAAAsAdrzo+t0JeA1dr8yAYAAADs4oIdQ8Dq/fzp6PT0/o11XF9ZAgAAgJ1Y28m68e8HD742RT++wOrqwvLzQQAAAPZkzqcHvyRqSsBqaq3lpQcAAGBX5tj8jLApAavvay9gAQAAsLdbVsBqSsBq6PbZ2c0xxkuWAAAAYGdu3D47e80M/QhYHW3HvxkBAACAPZrj8Fcr9CNgdXzZ5/rACgAAAOzR2qabtiEBq6XpCywAAAD2edHO4Qusjs/dBL3cuXPnxR/G8T+WAAAAYKfWfHJ88fz8i/+aog9fYDXzeJwo1QAAAOzZXBee/sUMvQhY/bxvAgAAAHZtG+8ZoRcBq90Dn+9YAQAAgH0ft5vbttsjN0Erc43xZzMAAACwa2u+M/xd71YErEZO7959Y4zxK0sAAACwc8/dPjt71Qx9CFiNrG34xBIAAIASDtvxXSs0et4m6GS+bQMAAAAq2Obmxm1EwOpkjT8ZAQAAgArmdON2ImD18kcTAAAAUMI6uHEbEbCaOD39/IUxxnVLAAAAUMN6+bP795+3Qw8CVpfX+uTxW1YAAACgkvlk/sEKPQhYXV7qw/RpJQAAAKUc1nLrdnnWJuhhLVUaAACAareuv/XchYDVx+9NAAAAQCVzrjet0IOA1cfrJgAAAKCSNcZNK/QwTVDfvXv3rjx6Mr7xvAEAAChmzSffXTk/P39kitp8gdXAt4/X60O8AgAAoJ65HS+/Zob6BKwOD/ng54MAAABU9dTPCBsQsBqYU8ACAACg6M273LwdCFg9Xuff2QAAAICK1ji8YoX6BKwOtvEbIwAAAFDRYS43b4fnbIL65hy/tQIAAAAVreHm7UDA6vEyq9EAAABU5eZtQMAq7tNP/3F5jPG8JQAAACjq+q1b/7xohtoErOIuPfvwZSsAAABQ2Lx67f9u3+IErOqeHn5tBAAAACrbfhjXrVCbgFX9JR7bNSsAAABQ2TyZL1ihNgGruuUlBgAAoLa5lo83ihOwqr/Ec3iJAQAAqM3HG+UJWPX5PxACAABQ2hq+wKpOwKr+Ei8BCwAAgPIErOIErOLmGL+0AgAAAMX9wgS1CVjVTS8xAAAA5bl9ixOw6rtqAgAAANy+7JmAVdxUoQEAAHD7snMCVnGbCg0AAIDbl50TsIqbY1y2AgAAAMVv3ytWqE3Aqu+CCQAAAHD7smcCVn1HEwAAAFDbdPsWJ2DV5yUGAACguOX2LU7Aqs9LDAAAgNuXXROwvMQAAACwd/4GVnECVn3TBAAAABSnb3jAAAAAAPDzEbAAAAAAiCZgAQAAABBNwAIAAAAgmoAFAAAAQDQBCwAAAIBoAhYAAAAA0QQsAAAAAKIJWAAAAABEE7AAAAAAiCZgAQAAABBNwAIAAAAgmoAFAAAAQDQBCwAAAIBoAhYAAAAA0QQsAAAAAKIJWAAAAABEE7AAAAAAiCZgAQAAABBNwAIAAAAgmoAFAAAAQDQBCwAAAIBoAhYAAAAA0QQsAAAAAKIJWAAAAABEE7AAAAAAiCZgAQAAABBNwAIAAAAgmoAFAAAAQDQBCwAAAIBoAhYAAAAA0QQsAAAAAKIJWAAAAABEE7AAAAAAiCZgAQAAABBNwAIAAAAgmoAFAAAAQDQBCwAAAIBoAhYAAAAA0QQsAAAAAKIJWAAAAABEE7AAAAAAiCZgAQAAABBNwAIAAAAgmoAFAAAAQDQBCwAAAIBoAhYAAAAA0QQsAAAAAKIJWAAAAABEE7AAAAAAiCZgAQAAABBNwAIAAAAgmoAFAAAAQDQBCwAAAIBoAhYAAAAA0QQsAAAAAKIJWAAAAABEE7AAAAAAiCZgAQAAABBNwAIAAAAgmoAFAAAAQDQBCwAAAIBoAhYAAAAA0QQsAAAAAKIJWAAAAABEE7AAAAAAiCZgAQAAABBNwAIAAAAgmoAFAAAAQDQBCwAAAIBoAhYAAAAA0QQsAAAAAKIJWAAAAABEE7AAAAAAiCZgAQAAABBNwAIAAAAgmoAFAAAAQDQBCwAAAIBoAhYAAAAA0QQsAAAAAKIJWAAAAABEE7AAAAAAiCZgAQAAABBNwAIAAAAgmoAFAAAAQDQBCwAAAIBoAhYAAAAA0QQsAAAAAKIJWAAAAABEE7AAAAAAiCZgAQAAABBNwAIAAAAgmoAFAAAAQDQBCwAAAIBoAhYAAAAA0QQsAAAAAKIJWAAAAABEE7AAAAAAiCZgAQAAABBNwAIAAAAgmoAFAAAAQDQBCwAAAIBoAhYAAAAA0QQsAAAAAKIJWAAAAABEE7AAAAAAiCZgAQAAABBNwAIAAAAgmoAFAAAAQDQBCwAAAIBoAhYAAAAA0QQsAAAAAKIJWAAAAABEE7AAAAAAiCZgAQAAABBNwAIAAAAgmoAFAAAAQDQBCwAAAIBoAhYAAAAA0QQsAAAAAKIJWAAAAABEE7AAAAAAiCZgAQAAABBNwAIAAAAgmoAFAAAAQDQBCwAAAIBoAhYAAAAA0QQsAAAAAKIJWAAAAABEE7AAAAAAiCZgAQAAABBNwAIAAAAgmoAFAAAAQDQBCwAAAIBoAhYAAAAA0QQsAAAAAKIJWAAAAABEE7AAAAAAiCZgAQAAABBNwAIAAAAgmoAFAAAAQDQBCwAAAIBoAhYAAAAA0QQsAAAAAKIJWAAAAABEE7AAAAAAiCZgAQAAABBNwAIAAAAgmoAFAAAAQDQBCwAAAIBoAhYAAAAA0QQsAAAAAKIJWAAAAABEE7AAAAAAiCZgAQAAABBNwAIAAAAgmoAFAAAAQDQBCwAAAIBoAhYAAAAA0QQsAAAAAKIJWAAAAABEE7AAAAAAiCZgAQAAABBNwAIAAAAgmoAFAAAAQDQBCwAAAIBoAhYAAAAA0QQsAAAAAKIJWAAAAABEE7AAAAAAiCZgAQAAABBNwAIAAAAgmoAFAAAAQDQBCwAAAIBoAhYAAAAA0QQsAAAAAKIJWAAAAABEE7AAAAAAiCZgAQAAAAAAAAAAAAAAAAAAAAAAAAAAAAAAAAAAAAAAAAAAAAAAAAAAAAAAAAAAAAAAAAAAAAAAAAAAAAAAAAAAAAAAAAAAAAAAAAAAAAAAAAAAAAAAAAAAAAAAAAAAAAAAAAAAAAAAAAAAAAAAAAAAAAAAAAAAAAAAAAAAAAAAAAAAAAAAAAAAAAAAAAAAAAAAAAAAAAAAAAAAAAAAAAAAAAAAAAAAAAAAAAAAAAAAAAAAAAAAAAAAAAAAAAAAAAAAAAAAAAAAAAAAAAAAAAAAAAAAAAAAAAAAAAAAAAAAAAAAAAAAAAAAAAAAAAAAAAAAAAAAAAAAAAAAAAAAAAAAAAAAAAAAAAAAAAAAAAAAAAAAAAAAAAAAAAAAAMBP+BHWiWU/VEYl4QAAACV0RVh0ZGF0ZTpjcmVhdGUAMjAyMi0wNi0yMVQyMTo0OTo0NyswMDowMPSd0CMAAAAldEVYdGRhdGU6bW9kaWZ5ADIwMjItMDYtMjFUMjE6NDk6NDcrMDA6MDCFwGifAAAAAElFTkSuQmCC',0,'');
/*!40000 ALTER TABLE `Users` ENABLE KEYS */;
UNLOCK TABLES;
/*!50003 SET @saved_cs_client      = @@character_set_client */ ;
/*!50003 SET @saved_cs_results     = @@character_set_results */ ;
/*!50003 SET @saved_col_connection = @@collation_connection */ ;
/*!50003 SET character_set_client  = utf8mb4 */ ;
/*!50003 SET character_set_results = utf8mb4 */ ;
/*!50003 SET collation_connection  = utf8mb4_general_ci */ ;
/*!50003 SET @saved_sql_mode       = @@sql_mode */ ;
/*!50003 SET sql_mode              = 'REAL_AS_FLOAT,PIPES_AS_CONCAT,ANSI_QUOTES,IGNORE_SPACE,ONLY_FULL_GROUP_BY,ANSI,STRICT_ALL_TABLES,NO_ZERO_IN_DATE,NO_ZERO_DATE,ERROR_FOR_DIVISION_BY_ZERO,NO_ENGINE_SUBSTITUTION' */ ;
DELIMITER ;;
/*!50003 CREATE*/ /*!50017 DEFINER=`fall2324w3g4@`%`*/ /*!50003 TRIGGER `add_schedule_after_user_create` AFTER INSERT ON `Users` FOR EACH ROW Begin
	Insert into Schedules(UserId) values (NEW.Id);
End */;;
DELIMITER ;
/*!50003 SET sql_mode              = @saved_sql_mode */ ;
/*!50003 SET character_set_client  = @saved_cs_client */ ;
/*!50003 SET character_set_results = @saved_cs_results */ ;
/*!50003 SET collation_connection  = @saved_col_connection */ ;
/*!50003 SET @saved_cs_client      = @@character_set_client */ ;
/*!50003 SET @saved_cs_results     = @@character_set_results */ ;
/*!50003 SET @saved_col_connection = @@collation_connection */ ;
/*!50003 SET character_set_client  = utf8mb4 */ ;
/*!50003 SET character_set_results = utf8mb4 */ ;
/*!50003 SET collation_connection  = utf8mb4_general_ci */ ;
/*!50003 SET @saved_sql_mode       = @@sql_mode */ ;
/*!50003 SET sql_mode              = 'REAL_AS_FLOAT,PIPES_AS_CONCAT,ANSI_QUOTES,IGNORE_SPACE,ONLY_FULL_GROUP_BY,ANSI,STRICT_ALL_TABLES,NO_ZERO_IN_DATE,NO_ZERO_DATE,ERROR_FOR_DIVISION_BY_ZERO,NO_ENGINE_SUBSTITUTION' */ ;
DELIMITER ;;
/*!50003 CREATE*/ /*!50017 DEFINER=`fall2324w3g4@`%`*/ /*!50003 TRIGGER `remove_Everything_before_remove_User` BEFORE DELETE ON `Users` FOR EACH ROW Begin
	Delete from Schedules where UserId = OLD.Id;
    Delete from UserScores where UserId = OLD.Id;
    Delete from Documents where UserId = OLD.Id;
    Delete from UserLikes where UserId = OLD.Id;
    Delete from Comments where UserId = OLD.Id;
End */;;
DELIMITER ;
/*!50003 SET sql_mode              = @saved_sql_mode */ ;
/*!50003 SET character_set_client  = @saved_cs_client */ ;
/*!50003 SET character_set_results = @saved_cs_results */ ;
/*!50003 SET collation_connection  = @saved_col_connection */ ;

--
-- Table structure for table `VersionComments`
--

DROP TABLE IF EXISTS `VersionComments`;
/*!40101 SET @saved_cs_client     = @@character_set_client */;
/*!50503 SET character_set_client = utf8mb4 */;
CREATE TABLE `VersionComments` (
  `Id` int NOT NULL AUTO_INCREMENT,
  `createdAt` datetime DEFAULT NULL,
  `Content` text COLLATE utf8mb4_general_ci NOT NULL,
  `UserId` int NOT NULL,
  `CommentId` int NOT NULL,
  PRIMARY KEY (`Id`),
  KEY `VersionComments_ibfk_1` (`UserId`),
  KEY `VersionComments_ibfk_2` (`CommentId`),
  CONSTRAINT `VersionComments_ibfk_1` FOREIGN KEY (`UserId`) REFERENCES `Users` (`Id`),
  CONSTRAINT `VersionComments_ibfk_2` FOREIGN KEY (`CommentId`) REFERENCES `Comments` (`Id`)
) ENGINE=InnoDB DEFAULT CHARSET=utf8mb4 COLLATE=utf8mb4_general_ci;
/*!40101 SET character_set_client = @saved_cs_client */;

--
-- Dumping data for table `VersionComments`
--

-- LOCK TABLES `VersionComments` WRITE;
-- /*!40000 ALTER TABLE `VersionComments` DISABLE KEYS */;
-- INSERT INTO `VersionComments` VALUES (1,'2023-12-13 12:54:26','Ừ Otaku tụi tao thế đấy rồi sao :))) trẻ trâu dell có quyền làm người đấy rồi sao :))) nói ra mấy cái câu chỉ trích người khác rằng họ họ là súc vật thì tụi mày cũng vậy thôi :))) không hiểu anime vì tụi mày chưa coi những bộ ý nghĩa nên tụi mày không biết lí do tụi tao thích :)) nói thiệt tuy cũng thích tự nhận là Otaku thế đấy nhưng tao dell nhận thằng này làm đồng loại nhé :)) dell phải cứ một thằng tự nhận là Otaku não bò thì cứ vơ cả những người khác cũng vậy :))) đâu phải đứa nào nghiện Anime cũng trẻ trâu họ xem đơn giản không phải để lấy cái danh đâu Anime cũng truyền tải nhiều thứ rất ý nghĩa :))) chúng mày nếu vẫn cứ ghét Otaku bọn tao thì tùy dell thích nói chuyện với lũ rảnh lz ngồi chê bai người khác :))))',32,317),(2,'2023-12-13 12:54:49','Ừ',32,317),(3,'2023-12-13 12:54:54','Ừ Otaku tụi tao thế đấy rồi sao :))) trẻ trâu dell có quyền làm người đấy rồi sao :))) nói ra mấy cái câu chỉ trích người khác rằng họ họ là súc vật thì tụi mày cũng vậy thôi :))) không hiểu anime vì tụi mày chưa coi những bộ ý nghĩa nên tụi mày không biết lí do tụi tao thích :)) nói thiệt tuy cũng thích tự nhận là Otaku thế đấy nhưng tao dell nhận thằng này làm đồng loại nhé :)) dell phải cứ một thằng tự nhận là Otaku não bò thì cứ vơ cả những người khác cũng vậy :))) đâu phải đứa nào nghiện Anime cũng trẻ trâu họ xem đơn giản không phải để lấy cái danh đâu Anime cũng truyền tải nhiều thứ rất ý nghĩa :))) chúng mày nếu vẫn cứ ghét Otaku bọn tao thì tùy dell thích nói chuyện với lũ rảnh lz ngồi chê bai người khác :))))',32,317),(4,'2023-12-13 12:56:48','Ừ Otaku tụi tao thế đấy rồi sao :))) trẻ trâu dell có quyền làm người đấy rồi sao :))) nói ra mấy cái câu chỉ trích người khác rằng họ họ là súc vật thì tụi mày cũng vậy thôi :))) không hiểu anime vì tụi mày chưa coi những bộ ý nghĩa nên tụi mày không biết lí do tụi tao thích :)) nói thiệt tuy cũng thích tự nhận là Otaku thế đấy nhưng tao dell nhận thằng này làm đồng loại nhé :)) dell phải cứ một thằng tự nhận là Otaku não bò thì cứ vơ cả những người khác cũng vậy :))) đâu phải đứa nào nghiện Anime cũng trẻ trâu họ xem đơn giản không phải để lấy cái danh đâu Anime cũng truyền tải nhiều thứ rất ý nghĩa :))) chúng mày nếu vẫn cứ ghét Otaku bọn tao thì tùy dell thích nói chuyện với lũ rảnh lz ngồi chê bai người khác :))))',32,317),(5,'2023-12-13 12:58:33','Ừ Otaku tụi tao thế đấy rồi sao :))) trẻ trâu dell có quyền làm người đấy rồi sao :))) nói ra mấy cái câu chỉ trích người khác rằng họ họ là súc vật thì tụi mày cũng vậy thôi :))) không hiểu anime vì tụi mày chưa coi những bộ ý nghĩa nên tụi mày không biết lí do tụi tao thích :)) nói thiệt tuy cũng thích tự nhận là Otaku thế đấy nhưng tao dell nhận thằng này làm đồng loại nhé :)) dell phải cứ một thằng tự nhận là Otaku não bò thì cứ vơ cả những người khác cũng vậy :))) đâu phải đứa nào nghiện Anime cũng trẻ trâu họ xem đơn giản không phải để lấy cái danh đâu Anime cũng truyền tải nhiều thứ rất ý nghĩa :))) chúng mày nếu vẫn cứ ghét Otaku bọn tao thì tùy dell thích nói chuyện với lũ rảnh lz ngồi chê bai người khác :))))',32,317),(6,'2023-12-13 12:59:06','Ừ Otaku tụi tao thế đấy rồi sao :))) trẻ trâu dell có quyền làm người đấy rồi sao :))) nói ra mấy cái câu chỉ trích người khác rằng họ họ là súc vật thì tụi mày cũng vậy thôi :))) không hiểu anime vì tụi mày chưa coi những bộ ý nghĩa nên tụi mày không biết lí do tụi tao thích :)) nói thiệt tuy cũng thích tự nhận là Otaku thế đấy nhưng tao dell nhận thằng này làm đồng loại nhé :)) dell phải cứ một thằng tự nhận là Otaku não bò thì cứ vơ cả những người khác cũng vậy :))) đâu phải đứa nào nghiện Anime cũng trẻ trâu họ xem đơn giản không phải để lấy cái danh đâu Anime cũng truyền tải nhiều thứ rất ý nghĩa :))) chúng mày nếu vẫn cứ ghét Otaku bọn tao thì tùy dell thích nói chuyện với lũ rảnh lz ngồi chê bai người khác :))))',32,317),(7,'2023-12-13 13:00:42','Ừ Otaku tụi tao thế đấy rồi sao :))) trẻ trâu dell có quyền làm người đấy rồi sao :))) nói ra mấy cái câu chỉ trích người khác rằng họ họ là súc vật thì tụi mày cũng vậy thôi :))) không hiểu anime vì tụi mày chưa coi những bộ ý nghĩa nên tụi mày không biết lí do tụi tao thích :)) nói thiệt tuy cũng thích tự nhận là Otaku thế đấy nhưng tao dell nhận thằng này làm đồng loại nhé :)) dell phải cứ một thằng tự nhận là Otaku não bò thì cứ vơ cả những người khác cũng vậy :))) đâu phải đứa nào nghiện Anime cũng trẻ trâu họ xem đơn giản không phải để lấy cái danh đâu Anime cũng truyền tải nhiều thứ rất ý nghĩa :))) chúng mày nếu vẫn cứ ghét Otaku bọn tao thì tùy dell thích nói chuyện với lũ rảnh lz ngồi chê bai người khác :))))',32,317);
-- /*!40000 ALTER TABLE `VersionComments` ENABLE KEYS */;
-- UNLOCK TABLES;

--
-- Dumping events for database 'defaultdb'
--

--
-- Dumping routines for database 'defaultdb'
--
SET @@SESSION.SQL_LOG_BIN = @MYSQLDUMP_TEMP_LOG_BIN;
/*!40103 SET TIME_ZONE=@OLD_TIME_ZONE */;

/*!40101 SET SQL_MODE=@OLD_SQL_MODE */;
/*!40014 SET FOREIGN_KEY_CHECKS=@OLD_FOREIGN_KEY_CHECKS */;
/*!40014 SET UNIQUE_CHECKS=@OLD_UNIQUE_CHECKS */;
/*!40101 SET CHARACTER_SET_CLIENT=@OLD_CHARACTER_SET_CLIENT */;
/*!40101 SET CHARACTER_SET_RESULTS=@OLD_CHARACTER_SET_RESULTS */;
/*!40101 SET COLLATION_CONNECTION=@OLD_COLLATION_CONNECTION */;
/*!40111 SET SQL_NOTES=@OLD_SQL_NOTES */;

-- Dump completed on 2023-12-30 10:01:51
